txn_id,posting_idx,date,flag,payee,narration,tags,links,txn_meta_id,txn_meta_source,txn_meta_pluggy_account,txn_meta_pluggy_category_id,txn_meta_pluggy_category,account,units_number,units_currency
1,0,2025-06-10,*,,Pagamento recebido,,,pluggy-7ff59330-c723-432a-94e5-2eaf82360828,pluggy,75f30132-31a8-4b54-9be0-648009b118db,05100000,Credit card payment,Liabilities:Credit:BB:Card:EloGrafite,2143.09,BRL
1,1,2025-06-10,*,,Pagamento recebido,,,pluggy-7ff59330-c723-432a-94e5-2eaf82360828,pluggy,75f30132-31a8-4b54-9be0-648009b118db,05100000,Credit card payment,Equity:Transfers,-2143.09,BRL
2,0,2025-06-10,*,,Pagamento recebido,,,pluggy-13e09807-1257-41b2-be47-122bdd23f9d9,pluggy,987decad-afee-4c0e-950e-85c3006a4b2e,05100000,Credit card payment,Liabilities:Credit:BB:Card:PlatinumVisa,7797.45,BRL
2,1,2025-06-10,*,,Pagamento recebido,,,pluggy-13e09807-1257-41b2-be47-122bdd23f9d9,pluggy,987decad-afee-4c0e-950e-85c3006a4b2e,05100000,Credit card payment,Equity:Transfers,-7797.45,BRL
3,0,2025-06-16,*,,Pagamento recebido,,,pluggy-f9320be0-e17e-4dee-924b-df10c7d87785,pluggy,987decad-afee-4c0e-950e-85c3006a4b2e,05100000,Credit card payment,Liabilities:Credit:BB:Card:PlatinumVisa,391.56,BRL
3,1,2025-06-16,*,,Pagamento recebido,,,pluggy-f9320be0-e17e-4dee-924b-df10c7d87785,pluggy,987decad-afee-4c0e-950e-85c3006a4b2e,05100000,Credit card payment,Equity:Transfers,-391.56,BRL
4,0,2025-06-17,*,,RENDIMENTOS DE CLIENTES IRDM11 S/            187,,,pluggy-768ece72-4615-4716-bffc-1bd8fd1545e9,pluggy,e4d40b2d-f720-4570-8fb6-89c9a12e1e2f,03060000,Proceeds interests and dividends,Assets:Investment:XP:Cash,153.34,BRL
4,1,2025-06-17,*,,RENDIMENTOS DE CLIENTES IRDM11 S/            187,,,pluggy-768ece72-4615-4716-bffc-1bd8fd1545e9,pluggy,e4d40b2d-f720-4570-8fb6-89c9a12e1e2f,03060000,Proceeds interests and dividends,Income:Investment:XP:Rendimento,-153.34,BRL
5,0,2025-06-17,*,,RENDIMENTOS DE CLIENTES IRDM11 S/            187,,,pluggy-63e12392-6364-4649-af91-7beb23299b73,pluggy,ffd6004e-1066-4c1c-9ece-826c45ffda7d,03060000,Proceeds interests and dividends,Assets:Investment:XP:Cash,153.34,BRL
5,1,2025-06-17,*,,RENDIMENTOS DE CLIENTES IRDM11 S/            187,,,pluggy-63e12392-6364-4649-af91-7beb23299b73,pluggy,ffd6004e-1066-4c1c-9ece-826c45ffda7d,03060000,Proceeds interests and dividends,Income:Investment:XP:Rendimento,-153.34,BRL
6,0,2025-06-17,*,,BARAO DO KILO          RIO DE JANEIR BR,,,pluggy-afd744ba-c983-4e55-bc48-8d1de2675171,pluggy,75f30132-31a8-4b54-9be0-648009b118db,11010000,Eating out,Liabilities:Credit:BB:Card:EloGrafite,-53.15,BRL
6,1,2025-06-17,*,,BARAO DO KILO          RIO DE JANEIR BR,,,pluggy-afd744ba-c983-4e55-bc48-8d1de2675171,pluggy,75f30132-31a8-4b54-9be0-648009b118db,11010000,Eating out,Expenses:Alimentação:Restaurante,53.15,BRL
7,0,2025-06-17,*,,VBBR CONVENIENCIA S    RIO DE JANEIR BR,,,pluggy-a9d08471-7837-4364-93b9-680234827547,pluggy,75f30132-31a8-4b54-9be0-648009b118db,10000000,Groceries,Liabilities:Credit:BB:Card:EloGrafite,-14.99,BRL
7,1,2025-06-17,*,,VBBR CONVENIENCIA S    RIO DE JANEIR BR,,,pluggy-a9d08471-7837-4364-93b9-680234827547,pluggy,75f30132-31a8-4b54-9be0-648009b118db,10000000,Groceries,Expenses:Alimentação:Mercado,14.99,BRL
8,0,2025-06-17,*,,PIX - RECEBIDO  17/06 18:39 12639327704 ANA CAROLINA D,,,pluggy-da578965-08d6-41cd-8f24-2e1bcab8ce82,pluggy,25eb5f6d-2529-4377-8de5-e38160459cff,05070000,Transfer - PIX,Assets:Investment:BB:Cash,1200,BRL
8,1,2025-06-17,*,,PIX - RECEBIDO  17/06 18:39 12639327704 ANA CAROLINA D,,,pluggy-da578965-08d6-41cd-8f24-2e1bcab8ce82,pluggy,25eb5f6d-2529-4377-8de5-e38160459cff,05070000,Transfer - PIX,Equity:Transfers,-1200,BRL
9,0,2025-06-17,*,,Google One             SAO PAULO     BR,,,pluggy-080c1aa8-0fda-4d63-a600-a81aba654af6,pluggy,987decad-afee-4c0e-950e-85c3006a4b2e,07010001,Internet,Liabilities:Credit:BB:Card:PlatinumVisa,-9.99,BRL
9,1,2025-06-17,*,,Google One             SAO PAULO     BR,,,pluggy-080c1aa8-0fda-4d63-a600-a81aba654af6,pluggy,987decad-afee-4c0e-950e-85c3006a4b2e,07010001,Internet,Expenses:Mensalidades:Outras,9.99,BRL
10,0,2025-06-18,*,,RENDIMENTOS DE CLIENTES MCCI11 S/            188,,,pluggy-788d2acc-2a4c-417b-a3d5-a8411501f225,pluggy,e4d40b2d-f720-4570-8fb6-89c9a12e1e2f,03060000,Proceeds interests and dividends,Assets:Investment:XP:Cash,169.2,BRL
10,1,2025-06-18,*,,RENDIMENTOS DE CLIENTES MCCI11 S/            188,,,pluggy-788d2acc-2a4c-417b-a3d5-a8411501f225,pluggy,e4d40b2d-f720-4570-8fb6-89c9a12e1e2f,03060000,Proceeds interests and dividends,Income:Investment:XP:Rendimento,-169.2,BRL
11,0,2025-06-18,*,,RENDIMENTOS DE CLIENTES MCCI11 S/            188,,,pluggy-d12ea359-7560-4b1b-9b7f-5a3e88a1f439,pluggy,ffd6004e-1066-4c1c-9ece-826c45ffda7d,03060000,Proceeds interests and dividends,Assets:Investment:XP:Cash,169.2,BRL
11,1,2025-06-18,*,,RENDIMENTOS DE CLIENTES MCCI11 S/            188,,,pluggy-d12ea359-7560-4b1b-9b7f-5a3e88a1f439,pluggy,ffd6004e-1066-4c1c-9ece-826c45ffda7d,03060000,Proceeds interests and dividends,Income:Investment:XP:Rendimento,-169.2,BRL
12,0,2025-06-18,*,,BAR DO ELIAS           RIO DE JANEIR BR,,,pluggy-6a460a45-5fde-404c-baa8-48c9e087c747,pluggy,75f30132-31a8-4b54-9be0-648009b118db,11010000,Eating out,Liabilities:Credit:BB:Card:EloGrafite,-62.75,BRL
12,1,2025-06-18,*,,BAR DO ELIAS           RIO DE JANEIR BR,,,pluggy-6a460a45-5fde-404c-baa8-48c9e087c747,pluggy,75f30132-31a8-4b54-9be0-648009b118db,11010000,Eating out,Expenses:Alimentação:Restaurante,62.75,BRL
13,0,2025-06-18,*,,METRO RJ               RIO DE JANEIR BR,,,pluggy-257ea28c-c599-4343-8bb6-9c2cc66966dc,pluggy,75f30132-31a8-4b54-9be0-648009b118db,19020000,Public transportation,Liabilities:Credit:BB:Card:EloGrafite,-15.8,BRL
13,1,2025-06-18,*,,METRO RJ               RIO DE JANEIR BR,,,pluggy-257ea28c-c599-4343-8bb6-9c2cc66966dc,pluggy,75f30132-31a8-4b54-9be0-648009b118db,19020000,Public transportation,Expenses:Transporte:TransportePublico,15.8,BRL
14,0,2025-06-19,*,,HORTIFRUTI LANCH E024  RIO DE JANEIR BR,,,pluggy-f4f59812-293c-45ed-a948-a462761c48a3,pluggy,75f30132-31a8-4b54-9be0-648009b118db,08000000,Shopping,Liabilities:Credit:BB:Card:EloGrafite,-58.17,BRL
14,1,2025-06-19,*,,HORTIFRUTI LANCH E024  RIO DE JANEIR BR,,,pluggy-f4f59812-293c-45ed-a948-a462761c48a3,pluggy,75f30132-31a8-4b54-9be0-648009b118db,08000000,Shopping,Expenses:Alimentação:Mercado,58.17,BRL
15,0,2025-06-19,*,,Uber UBER  TRIP HELP UBSAO PAULO     BR,,,pluggy-d1ef83ed-bb0c-412b-9eeb-abfe1f437324,pluggy,75f30132-31a8-4b54-9be0-648009b118db,19010000,Taxi and ride-hailing,Liabilities:Credit:BB:Card:EloGrafite,-90.94,BRL
15,1,2025-06-19,*,,Uber UBER  TRIP HELP UBSAO PAULO     BR,,,pluggy-d1ef83ed-bb0c-412b-9eeb-abfe1f437324,pluggy,75f30132-31a8-4b54-9be0-648009b118db,19010000,Taxi and ride-hailing,Expenses:Transporte:Uber,90.94,BRL
16,0,2025-06-20,*,,RENDIMENTOS DE CLIENTES PETR4 S/            500,,,pluggy-ce43b7ef-a054-41f2-8a8c-4cc3138d6600,pluggy,e4d40b2d-f720-4570-8fb6-89c9a12e1e2f,03060000,Proceeds interests and dividends,Assets:Investment:XP:Cash,8.34,BRL
16,1,2025-06-20,*,,RENDIMENTOS DE CLIENTES PETR4 S/            500,,,pluggy-ce43b7ef-a054-41f2-8a8c-4cc3138d6600,pluggy,e4d40b2d-f720-4570-8fb6-89c9a12e1e2f,03060000,Proceeds interests and dividends,Income:Investment:XP:Rendimento,-8.34,BRL
17,0,2025-06-20,*,,DIVIDENDOS DE CLIENTES PETR4 S/            500,,,pluggy-ca83feb3-89c8-4f1c-a53c-042c92421749,pluggy,e4d40b2d-f720-4570-8fb6-89c9a12e1e2f,03060000,Proceeds interests and dividends,Assets:Investment:XP:Cash,177.38,BRL
17,1,2025-06-20,*,,DIVIDENDOS DE CLIENTES PETR4 S/            500,,,pluggy-ca83feb3-89c8-4f1c-a53c-042c92421749,pluggy,e4d40b2d-f720-4570-8fb6-89c9a12e1e2f,03060000,Proceeds interests and dividends,Income:Investment:XP:Dividend,-177.38,BRL
18,0,2025-06-20,*,,RENDIMENTOS DE CLIENTES PETR4 S/            500,,,pluggy-59bd470d-3770-49b7-8bd5-2fef9dc61b72,pluggy,ffd6004e-1066-4c1c-9ece-826c45ffda7d,03060000,Proceeds interests and dividends,Assets:Investment:XP:Cash,8.34,BRL
18,1,2025-06-20,*,,RENDIMENTOS DE CLIENTES PETR4 S/            500,,,pluggy-59bd470d-3770-49b7-8bd5-2fef9dc61b72,pluggy,ffd6004e-1066-4c1c-9ece-826c45ffda7d,03060000,Proceeds interests and dividends,Income:Investment:XP:Rendimento,-8.34,BRL
19,0,2025-06-20,*,,DIVIDENDOS DE CLIENTES PETR4 S/            500,,,pluggy-2f6d37d7-e5cf-4594-a733-47e5eaa7abbc,pluggy,ffd6004e-1066-4c1c-9ece-826c45ffda7d,03060000,Proceeds interests and dividends,Assets:Investment:XP:Cash,177.38,BRL
19,1,2025-06-20,*,,DIVIDENDOS DE CLIENTES PETR4 S/            500,,,pluggy-2f6d37d7-e5cf-4594-a733-47e5eaa7abbc,pluggy,ffd6004e-1066-4c1c-9ece-826c45ffda7d,03060000,Proceeds interests and dividends,Income:Investment:XP:Dividend,-177.38,BRL
20,0,2025-06-20,*,,PIX - ENVIADO   19/06 21:31 Ebanx,,,pluggy-2a200fb1-b079-44c3-9d05-afd9edfc24b7,pluggy,25eb5f6d-2529-4377-8de5-e38160459cff,05070000,Transfer - PIX,Assets:Investment:BB:Cash,-41.3,BRL
20,1,2025-06-20,*,,PIX - ENVIADO   19/06 21:31 Ebanx,,,pluggy-2a200fb1-b079-44c3-9d05-afd9edfc24b7,pluggy,25eb5f6d-2529-4377-8de5-e38160459cff,05070000,Transfer - PIX,Expenses:Geral,41.3,BRL
21,0,2025-06-20,*,,UBER* TRIP             WWW.UBER.COM. BR,,,pluggy-ce1624fe-3c7e-4fa1-8793-6aeeac4b1fb4,pluggy,987decad-afee-4c0e-950e-85c3006a4b2e,19010000,Taxi and ride-hailing,Liabilities:Credit:BB:Card:PlatinumVisa,-21.57,BRL
21,1,2025-06-20,*,,UBER* TRIP             WWW.UBER.COM. BR,,,pluggy-ce1624fe-3c7e-4fa1-8793-6aeeac4b1fb4,pluggy,987decad-afee-4c0e-950e-85c3006a4b2e,19010000,Taxi and ride-hailing,Expenses:Transporte:Uber,21.57,BRL
22,0,2025-06-20,*,,OKPET                  RIO DE JANEIR BR,,,pluggy-bb212760-d3c6-47d5-89db-04866df40835,pluggy,987decad-afee-4c0e-950e-85c3006a4b2e,18020000,Pharmacy,Liabilities:Credit:BB:Card:PlatinumVisa,-15.9,BRL
22,1,2025-06-20,*,,OKPET                  RIO DE JANEIR BR,,,pluggy-bb212760-d3c6-47d5-89db-04866df40835,pluggy,987decad-afee-4c0e-950e-85c3006a4b2e,18020000,Pharmacy,Expenses:Pet:Petshop,15.9,BRL
23,0,2025-06-20,*,,DROGARIAS PACHECO SA   RIO DE JANEIR BR,,,pluggy-b2ed42e7-dcaa-406f-8d66-aa38b53c4cbb,pluggy,987decad-afee-4c0e-950e-85c3006a4b2e,18020000,Pharmacy,Liabilities:Credit:BB:Card:PlatinumVisa,-292.69,BRL
23,1,2025-06-20,*,,DROGARIAS PACHECO SA   RIO DE JANEIR BR,,,pluggy-b2ed42e7-dcaa-406f-8d66-aa38b53c4cbb,pluggy,987decad-afee-4c0e-950e-85c3006a4b2e,18020000,Pharmacy,Expenses:Saude:Farmacia,292.69,BRL
24,0,2025-06-20,*,,PET LOVE*Order 10      SAO PAULO     BR,,,pluggy-b0f144b2-7b3e-4272-93c7-13e2a81aa495,pluggy,987decad-afee-4c0e-950e-85c3006a4b2e,08030000,Pet supplies and vet,Liabilities:Credit:BB:Card:PlatinumVisa,-76.07,BRL
24,1,2025-06-20,*,,PET LOVE*Order 10      SAO PAULO     BR,,,pluggy-b0f144b2-7b3e-4272-93c7-13e2a81aa495,pluggy,987decad-afee-4c0e-950e-85c3006a4b2e,08030000,Pet supplies and vet,Expenses:Pet:Petshop,76.07,BRL
25,0,2025-06-20,*,,SUPERMERCADO ULTRA 11  RIO DE JANEIR BR,,,pluggy-88933a70-47f0-40ef-9d98-dc562bcba7bb,pluggy,987decad-afee-4c0e-950e-85c3006a4b2e,10000000,Groceries,Liabilities:Credit:BB:Card:PlatinumVisa,-78.28,BRL
25,1,2025-06-20,*,,SUPERMERCADO ULTRA 11  RIO DE JANEIR BR,,,pluggy-88933a70-47f0-40ef-9d98-dc562bcba7bb,pluggy,987decad-afee-4c0e-950e-85c3006a4b2e,10000000,Groceries,Expenses:Alimentação:Mercado,78.28,BRL
26,0,2025-06-20,*,,MAYA CAFE DELICATESSEN RIO DE JANEIR BR,,,pluggy-6b49bd55-8d9e-4348-acd9-7cff52b2ce93,pluggy,987decad-afee-4c0e-950e-85c3006a4b2e,11010000,Eating out,Liabilities:Credit:BB:Card:PlatinumVisa,-40.7,BRL
26,1,2025-06-20,*,,MAYA CAFE DELICATESSEN RIO DE JANEIR BR,,,pluggy-6b49bd55-8d9e-4348-acd9-7cff52b2ce93,pluggy,987decad-afee-4c0e-950e-85c3006a4b2e,11010000,Eating out,Expenses:Alimentação:Restaurante,40.7,BRL
27,0,2025-06-20,*,,FINPET                 Rio de Janeir BR,,,pluggy-03724fb7-3d76-4d67-8a81-f240eeedecda,pluggy,987decad-afee-4c0e-950e-85c3006a4b2e,08030000,Pet supplies and vet,Liabilities:Credit:BB:Card:PlatinumVisa,-200,BRL
27,1,2025-06-20,*,,FINPET                 Rio de Janeir BR,,,pluggy-03724fb7-3d76-4d67-8a81-f240eeedecda,pluggy,987decad-afee-4c0e-950e-85c3006a4b2e,08030000,Pet supplies and vet,Expenses:Pet:Petshop,200,BRL
28,0,2025-06-21,*,,PIX - ENVIADO   21/06 18:38 Ana Carolina De Abreu Esco,,,pluggy-f854abe0-8ebf-43f1-8510-427339f2669d,pluggy,25eb5f6d-2529-4377-8de5-e38160459cff,05070000,Transfer - PIX,Assets:Investment:BB:Cash,-3500,BRL
28,1,2025-06-21,*,,PIX - ENVIADO   21/06 18:38 Ana Carolina De Abreu Esco,,,pluggy-f854abe0-8ebf-43f1-8510-427339f2669d,pluggy,25eb5f6d-2529-4377-8de5-e38160459cff,05070000,Transfer - PIX,Expenses:Geral:Caol,3500,BRL
29,0,2025-06-21,*,,PIX - ENVIADO   21/06 16:34 Ana Carolina De Abreu Esco,,,pluggy-473c11d5-3db7-4d18-bdaa-049eabda8c82,pluggy,25eb5f6d-2529-4377-8de5-e38160459cff,05070000,Transfer - PIX,Assets:Investment:BB:Cash,-8252,BRL
29,1,2025-06-21,*,,PIX - ENVIADO   21/06 16:34 Ana Carolina De Abreu Esco,,,pluggy-473c11d5-3db7-4d18-bdaa-049eabda8c82,pluggy,25eb5f6d-2529-4377-8de5-e38160459cff,05070000,Transfer - PIX,Expenses:Geral:Caol,8252,BRL
30,0,2025-06-21,*,,UBER* TRIP             WWW.UBER.COM. BR,,,pluggy-a7fa9ddc-469c-42c2-b778-fc895a985b93,pluggy,987decad-afee-4c0e-950e-85c3006a4b2e,19010000,Taxi and ride-hailing,Liabilities:Credit:BB:Card:PlatinumVisa,-94.75,BRL
30,1,2025-06-21,*,,UBER* TRIP             WWW.UBER.COM. BR,,,pluggy-a7fa9ddc-469c-42c2-b778-fc895a985b93,pluggy,987decad-afee-4c0e-950e-85c3006a4b2e,19010000,Taxi and ride-hailing,Expenses:Transporte:Uber,94.75,BRL
31,0,2025-06-23,*,,Wizmart                RIO DE JANEIR BR,,,pluggy-c1acadcd-8a9d-4f37-8571-da52f2dd019e,pluggy,75f30132-31a8-4b54-9be0-648009b118db,09000000,Digital services,Liabilities:Credit:BB:Card:EloGrafite,-6.5,BRL
31,1,2025-06-23,*,,Wizmart                RIO DE JANEIR BR,,,pluggy-c1acadcd-8a9d-4f37-8571-da52f2dd019e,pluggy,75f30132-31a8-4b54-9be0-648009b118db,09000000,Digital services,Expenses:Educacao:Curso,6.5,BRL
32,0,2025-06-23,*,,FeijaoDaLapa           RIO DE JANEIR BR,,,pluggy-bd77a34b-6b7e-4695-8638-f4d5b51d0c20,pluggy,75f30132-31a8-4b54-9be0-648009b118db,10000000,Groceries,Liabilities:Credit:BB:Card:EloGrafite,-74.62,BRL
32,1,2025-06-23,*,,FeijaoDaLapa           RIO DE JANEIR BR,,,pluggy-bd77a34b-6b7e-4695-8638-f4d5b51d0c20,pluggy,75f30132-31a8-4b54-9be0-648009b118db,10000000,Groceries,Expenses:Alimentação:Restaurante,74.62,BRL
33,0,2025-06-23,*,,Uber UBER  TRIP HELP UBSAO PAULO     BR,,,pluggy-502134dc-fb55-4445-9e6c-f1e8608c8de1,pluggy,75f30132-31a8-4b54-9be0-648009b118db,19010000,Taxi and ride-hailing,Liabilities:Credit:BB:Card:EloGrafite,-7.92,BRL
33,1,2025-06-23,*,,Uber UBER  TRIP HELP UBSAO PAULO     BR,,,pluggy-502134dc-fb55-4445-9e6c-f1e8608c8de1,pluggy,75f30132-31a8-4b54-9be0-648009b118db,19010000,Taxi and ride-hailing,Expenses:Transporte:Uber,7.92,BRL
34,0,2025-06-23,*,,Wizmart                RIO DE JANEIR BR,,,pluggy-1624ad25-c6d2-4195-a437-dd4fbc7105e2,pluggy,75f30132-31a8-4b54-9be0-648009b118db,09000000,Digital services,Liabilities:Credit:BB:Card:EloGrafite,-17.5,BRL
34,1,2025-06-23,*,,Wizmart                RIO DE JANEIR BR,,,pluggy-1624ad25-c6d2-4195-a437-dd4fbc7105e2,pluggy,75f30132-31a8-4b54-9be0-648009b118db,09000000,Digital services,Expenses:Educacao:Curso,17.5,BRL
35,0,2025-06-23,*,,TELEFONE        TIM S/A,,,pluggy-b51c72fd-62ee-4ab9-9bc8-6facac7c4a90,pluggy,25eb5f6d-2529-4377-8de5-e38160459cff,07010000,Telecommunications,Assets:Investment:BB:Cash,-70.19,BRL
35,1,2025-06-23,*,,TELEFONE        TIM S/A,,,pluggy-b51c72fd-62ee-4ab9-9bc8-6facac7c4a90,pluggy,25eb5f6d-2529-4377-8de5-e38160459cff,07010000,Telecommunications,Expenses:Comunicacao:Telefone,70.19,BRL
36,0,2025-06-23,*,,PIX - ENVIADO   23/06 12:29 Kelly Cristina Da Silva Ol,,,pluggy-8eab0180-6247-4e04-9650-cebcdb8eaa43,pluggy,25eb5f6d-2529-4377-8de5-e38160459cff,05070000,Transfer - PIX,Assets:Investment:BB:Cash,-40,BRL
36,1,2025-06-23,*,,PIX - ENVIADO   23/06 12:29 Kelly Cristina Da Silva Ol,,,pluggy-8eab0180-6247-4e04-9650-cebcdb8eaa43,pluggy,25eb5f6d-2529-4377-8de5-e38160459cff,05070000,Transfer - PIX,Expenses:Geral,40,BRL
37,0,2025-06-23,*,,RECEB FORNEC    PETROLEO BRASILEIRO SA PETROBRAS,,,pluggy-f130c440-aba7-44f6-8195-8f2f7becfc5d,pluggy,25eb5f6d-2529-4377-8de5-e38160459cff,19050001,Gas stations,Assets:Investment:BB:Cash,160,BRL
37,1,2025-06-23,*,,RECEB FORNEC    PETROLEO BRASILEIRO SA PETROBRAS,,,pluggy-f130c440-aba7-44f6-8195-8f2f7becfc5d,pluggy,25eb5f6d-2529-4377-8de5-e38160459cff,19050001,Gas stations,Income:Reembolso,-160,BRL
38,0,2025-06-23,*,,PIX - ENVIADO   23/06 07:12 Riopar Participacoes S A,,,pluggy-29acfb94-1cb0-4e9d-bf39-e00f61ca168b,pluggy,25eb5f6d-2529-4377-8de5-e38160459cff,08000000,Shopping,Assets:Investment:BB:Cash,-100,BRL
38,1,2025-06-23,*,,PIX - ENVIADO   23/06 07:12 Riopar Participacoes S A,,,pluggy-29acfb94-1cb0-4e9d-bf39-e00f61ca168b,pluggy,25eb5f6d-2529-4377-8de5-e38160459cff,08000000,Shopping,Expenses:Geral,100,BRL
39,0,2025-06-23,*,,DROGARIAS PACHECO      RIO DE JANEIR BR,,,pluggy-d29d0e84-5c3a-4da1-a7d7-aa088cd3dade,pluggy,987decad-afee-4c0e-950e-85c3006a4b2e,18020000,Pharmacy,Liabilities:Credit:BB:Card:PlatinumVisa,-125.13,BRL
39,1,2025-06-23,*,,DROGARIAS PACHECO      RIO DE JANEIR BR,,,pluggy-d29d0e84-5c3a-4da1-a7d7-aa088cd3dade,pluggy,987decad-afee-4c0e-950e-85c3006a4b2e,18020000,Pharmacy,Expenses:Saude:Farmacia,125.13,BRL
40,0,2025-06-23,*,,LEDOUX                 RIO DE JANEIR BR,,,pluggy-ca1f0a78-76de-4027-a209-4d759fbbf7db,pluggy,987decad-afee-4c0e-950e-85c3006a4b2e,11010000,Eating out,Liabilities:Credit:BB:Card:PlatinumVisa,-43.45,BRL
40,1,2025-06-23,*,,LEDOUX                 RIO DE JANEIR BR,,,pluggy-ca1f0a78-76de-4027-a209-4d759fbbf7db,pluggy,987decad-afee-4c0e-950e-85c3006a4b2e,11010000,Eating out,Expenses:Alimentação:Restaurante,43.45,BRL
41,0,2025-06-23,*,,UBER* TRIP             WWW.UBER.COM. BR,,,pluggy-b04fc14a-ae1b-457e-8633-332a09c3aec9,pluggy,987decad-afee-4c0e-950e-85c3006a4b2e,19010000,Taxi and ride-hailing,Liabilities:Credit:BB:Card:PlatinumVisa,-109.91,BRL
41,1,2025-06-23,*,,UBER* TRIP             WWW.UBER.COM. BR,,,pluggy-b04fc14a-ae1b-457e-8633-332a09c3aec9,pluggy,987decad-afee-4c0e-950e-85c3006a4b2e,19010000,Taxi and ride-hailing,Expenses:Transporte:Uber,109.91,BRL
42,0,2025-06-24,*,,JUROS,,,pluggy-d7072d0a-e230-4f32-8201-46b2eb3c5b66,pluggy,3d0492b4-0d84-49c0-9945-e3e9adc34d51,02020000,Interests charged,Assets:Investment:BB:Savings,20.17,BRL
42,1,2025-06-24,*,,JUROS,,,pluggy-d7072d0a-e230-4f32-8201-46b2eb3c5b66,pluggy,3d0492b4-0d84-49c0-9945-e3e9adc34d51,02020000,Interests charged,Income:Investment:Interest,-20.17,BRL
43,0,2025-06-24,*,,REAJ.MON. BC,,,pluggy-a41c9485-9603-4ff0-8320-29b0380f04a1,pluggy,3d0492b4-0d84-49c0-9945-e3e9adc34d51,06010000,Blocked balances,Assets:Investment:BB:Savings,6.91,BRL
43,1,2025-06-24,*,,REAJ.MON. BC,,,pluggy-a41c9485-9603-4ff0-8320-29b0380f04a1,pluggy,3d0492b4-0d84-49c0-9945-e3e9adc34d51,06010000,Blocked balances,Income:Investment:Interest,-6.91,BRL
44,0,2025-06-24,*,,PG TEC CONCURSOS        551197024883 BR,,,pluggy-0e3bdbcc-1a55-4d6c-a406-246b87d845fc,pluggy,75f30132-31a8-4b54-9be0-648009b118db,07020003,School,Liabilities:Credit:BB:Card:EloGrafite,-39.9,BRL
44,1,2025-06-24,*,,PG TEC CONCURSOS        551197024883 BR,,,pluggy-0e3bdbcc-1a55-4d6c-a406-246b87d845fc,pluggy,75f30132-31a8-4b54-9be0-648009b118db,07020003,School,Expenses:Educacao:Curso,39.9,BRL
45,0,2025-06-24,*,,PIX - ENVIADO   24/06 10:45 Ana Carolina De Abreu Esco,,,pluggy-f18dd637-f6b1-4643-a4c6-0e69160db56e,pluggy,25eb5f6d-2529-4377-8de5-e38160459cff,05070000,Transfer - PIX,Assets:Investment:BB:Cash,-1118.3,BRL
45,1,2025-06-24,*,,PIX - ENVIADO   24/06 10:45 Ana Carolina De Abreu Esco,,,pluggy-f18dd637-f6b1-4643-a4c6-0e69160db56e,pluggy,25eb5f6d-2529-4377-8de5-e38160459cff,05070000,Transfer - PIX,Expenses:Geral:Caol,1118.3,BRL
46,0,2025-06-24,*,,UBER * PENDING         SAO PAULO     BR,,,pluggy-7d1efab3-80b9-4c0e-bd66-03dc13f15716,pluggy,987decad-afee-4c0e-950e-85c3006a4b2e,19010000,Taxi and ride-hailing,Liabilities:Credit:BB:Card:PlatinumVisa,-27.15,BRL
46,1,2025-06-24,*,,UBER * PENDING         SAO PAULO     BR,,,pluggy-7d1efab3-80b9-4c0e-bd66-03dc13f15716,pluggy,987decad-afee-4c0e-950e-85c3006a4b2e,19010000,Taxi and ride-hailing,Expenses:Transporte:Uber,27.15,BRL
47,0,2025-06-24,*,,UBER* TRIP             WWW.UBER.COM. BR,,,pluggy-3ae02b7b-4ac5-425e-87a9-9607823c2725,pluggy,987decad-afee-4c0e-950e-85c3006a4b2e,19010000,Taxi and ride-hailing,Liabilities:Credit:BB:Card:PlatinumVisa,-29.59,BRL
47,1,2025-06-24,*,,UBER* TRIP             WWW.UBER.COM. BR,,,pluggy-3ae02b7b-4ac5-425e-87a9-9607823c2725,pluggy,987decad-afee-4c0e-950e-85c3006a4b2e,19010000,Taxi and ride-hailing,Expenses:Transporte:Uber,29.59,BRL
48,0,2025-06-25,*,,REAJ.MON. BC,,,pluggy-96f27e8b-7db2-4124-aea2-a2701cda7a75,pluggy,3d0492b4-0d84-49c0-9945-e3e9adc34d51,06010000,Blocked balances,Assets:Investment:BB:Savings,6.94,BRL
48,1,2025-06-25,*,,REAJ.MON. BC,,,pluggy-96f27e8b-7db2-4124-aea2-a2701cda7a75,pluggy,3d0492b4-0d84-49c0-9945-e3e9adc34d51,06010000,Blocked balances,Income:Investment:Interest,-6.94,BRL
49,0,2025-06-25,*,,JUROS,,,pluggy-90020e79-4af6-4c9f-8710-588b6da8d909,pluggy,3d0492b4-0d84-49c0-9945-e3e9adc34d51,02020000,Interests charged,Assets:Investment:BB:Savings,20.03,BRL
49,1,2025-06-25,*,,JUROS,,,pluggy-90020e79-4af6-4c9f-8710-588b6da8d909,pluggy,3d0492b4-0d84-49c0-9945-e3e9adc34d51,02020000,Interests charged,Income:Investment:Interest,-20.03,BRL
50,0,2025-06-25,*,,PLANEJADA,,,pluggy-9461633e-ccfb-42a6-badc-ffb7fec63366,pluggy,3d0492b4-0d84-49c0-9945-e3e9adc34d51,03000000,Investments,Assets:Investment:BB:Savings,2000,BRL
50,1,2025-06-25,*,,PLANEJADA,,,pluggy-9461633e-ccfb-42a6-badc-ffb7fec63366,pluggy,3d0492b4-0d84-49c0-9945-e3e9adc34d51,03000000,Investments,Assets:Investment:BB:Cash,-2000,BRL
51,0,2025-06-25,*,,PLANEJADA,,,pluggy-c080e3c9-e04c-4502-8e94-4cf067d24c97,pluggy,3d0492b4-0d84-49c0-9945-e3e9adc34d51,03000000,Investments,Assets:Investment:BB:Savings,2000,BRL
51,1,2025-06-25,*,,PLANEJADA,,,pluggy-c080e3c9-e04c-4502-8e94-4cf067d24c97,pluggy,3d0492b4-0d84-49c0-9945-e3e9adc34d51,03000000,Investments,Assets:Investment:BB:Cash,-2000,BRL
52,0,2025-06-25,*,,Uber UBER  TRIP HELP UBSAO PAULO     BR,,,pluggy-608dfb95-38af-4134-97fe-27c5815038b0,pluggy,75f30132-31a8-4b54-9be0-648009b118db,19010000,Taxi and ride-hailing,Liabilities:Credit:BB:Card:EloGrafite,-5,BRL
52,1,2025-06-25,*,,Uber UBER  TRIP HELP UBSAO PAULO     BR,,,pluggy-608dfb95-38af-4134-97fe-27c5815038b0,pluggy,75f30132-31a8-4b54-9be0-648009b118db,19010000,Taxi and ride-hailing,Expenses:Transporte:Uber,5,BRL
53,0,2025-06-25,*,,Uber UBER  TRIP HELP UBSAO PAULO     BR,,,pluggy-5fd2f945-9bda-42c8-b7b3-3d5427f02b70,pluggy,75f30132-31a8-4b54-9be0-648009b118db,19010000,Taxi and ride-hailing,Liabilities:Credit:BB:Card:EloGrafite,-11.19,BRL
53,1,2025-06-25,*,,Uber UBER  TRIP HELP UBSAO PAULO     BR,,,pluggy-5fd2f945-9bda-42c8-b7b3-3d5427f02b70,pluggy,75f30132-31a8-4b54-9be0-648009b118db,19010000,Taxi and ride-hailing,Expenses:Transporte:Uber,11.19,BRL
54,0,2025-06-25,*,,Uber UBER  TRIP HELP UBSAO PAULO     BR,,,pluggy-24e0d582-5053-47ea-b74d-52aee6ef3fe2,pluggy,75f30132-31a8-4b54-9be0-648009b118db,19010000,Taxi and ride-hailing,Liabilities:Credit:BB:Card:EloGrafite,-82.28,BRL
54,1,2025-06-25,*,,Uber UBER  TRIP HELP UBSAO PAULO     BR,,,pluggy-24e0d582-5053-47ea-b74d-52aee6ef3fe2,pluggy,75f30132-31a8-4b54-9be0-648009b118db,19010000,Taxi and ride-hailing,Expenses:Transporte:Uber,82.28,BRL
55,0,2025-06-25,*,,PRESIDENTE VARGAS      RIO DE JANEIR BR,,,pluggy-236fb506-758c-4716-b571-ff4b28a462c5,pluggy,75f30132-31a8-4b54-9be0-648009b118db,18010000,Dentist,Liabilities:Credit:BB:Card:EloGrafite,-3,BRL
55,1,2025-06-25,*,,PRESIDENTE VARGAS      RIO DE JANEIR BR,,,pluggy-236fb506-758c-4716-b571-ff4b28a462c5,pluggy,75f30132-31a8-4b54-9be0-648009b118db,18010000,Dentist,Expenses:Geral,3,BRL
56,0,2025-06-25,*,,TRANSF ENVIADA  15/11 GABRIEL BARROS RODRIGUES,,,pluggy-a868c315-83dd-4d1b-b746-4976809e371f,pluggy,25eb5f6d-2529-4377-8de5-e38160459cff,04000000,Same person transfer,Assets:Investment:BB:Cash,-2000,BRL
56,1,2025-06-25,*,,TRANSF ENVIADA  15/11 GABRIEL BARROS RODRIGUES,,,pluggy-a868c315-83dd-4d1b-b746-4976809e371f,pluggy,25eb5f6d-2529-4377-8de5-e38160459cff,04000000,Same person transfer,Assets:Investment:BB:Savings,2000,BRL
57,0,2025-06-25,*,,TRANSF ENVIADA  15/11 GABRIEL BARROS RODRIGUES,,,pluggy-6dd05cb2-097e-40bb-8f20-807160b23096,pluggy,25eb5f6d-2529-4377-8de5-e38160459cff,04000000,Same person transfer,Assets:Investment:BB:Cash,-2000,BRL
57,1,2025-06-25,*,,TRANSF ENVIADA  15/11 GABRIEL BARROS RODRIGUES,,,pluggy-6dd05cb2-097e-40bb-8f20-807160b23096,pluggy,25eb5f6d-2529-4377-8de5-e38160459cff,04000000,Same person transfer,Assets:Investment:BB:Savings,2000,BRL
58,0,2025-06-25,*,,PROVENTOS       PETROLEO BRASILEIRO SA PETROBRAS,,,pluggy-05e1da7d-c8ac-4c68-a403-7339c5c48b70,pluggy,25eb5f6d-2529-4377-8de5-e38160459cff,19050001,Gas stations,Assets:Investment:BB:Cash,6188.33,BRL
58,1,2025-06-25,*,,PROVENTOS       PETROLEO BRASILEIRO SA PETROBRAS,,,pluggy-05e1da7d-c8ac-4c68-a403-7339c5c48b70,pluggy,25eb5f6d-2529-4377-8de5-e38160459cff,19050001,Gas stations,Income:Salario,-6188.33,BRL
59,0,2025-06-25,*,,FINPET                 Rio de Janeir BR,,,pluggy-c7786de9-e270-4e0b-a5e3-dfd421ef42ca,pluggy,987decad-afee-4c0e-950e-85c3006a4b2e,08030000,Pet supplies and vet,Liabilities:Credit:BB:Card:PlatinumVisa,-290,BRL
59,1,2025-06-25,*,,FINPET                 Rio de Janeir BR,,,pluggy-c7786de9-e270-4e0b-a5e3-dfd421ef42ca,pluggy,987decad-afee-4c0e-950e-85c3006a4b2e,08030000,Pet supplies and vet,Expenses:Pet:Petshop,290,BRL
60,0,2025-06-25,*,,UBER *TRIP HELP.UBER.COSAO PAULO     BR,,,pluggy-7ee6509c-4a53-4600-bbe8-d6186983789a,pluggy,987decad-afee-4c0e-950e-85c3006a4b2e,19010000,Taxi and ride-hailing,Liabilities:Credit:BB:Card:PlatinumVisa,-11.11,BRL
60,1,2025-06-25,*,,UBER *TRIP HELP.UBER.COSAO PAULO     BR,,,pluggy-7ee6509c-4a53-4600-bbe8-d6186983789a,pluggy,987decad-afee-4c0e-950e-85c3006a4b2e,19010000,Taxi and ride-hailing,Expenses:Transporte:Uber,11.11,BRL
61,0,2025-06-25,*,,ANUIDADE DIFERENCIADA ADC-PARC 08/12 BR,,,pluggy-20370fbb-0720-4171-8560-79179c784893,pluggy,987decad-afee-4c0e-950e-85c3006a4b2e,16030000,Credit card fees,Liabilities:Credit:BB:Card:PlatinumVisa,-22.75,BRL
61,1,2025-06-25,*,,ANUIDADE DIFERENCIADA ADC-PARC 08/12 BR,,,pluggy-20370fbb-0720-4171-8560-79179c784893,pluggy,987decad-afee-4c0e-950e-85c3006a4b2e,16030000,Credit card fees,Expenses:Taxas:Banco,22.75,BRL
62,0,2025-06-25,*,,VET CARE               RIO DE JANEIR BR,,,pluggy-12b2e5bb-52e5-43c2-9550-21203370a662,pluggy,987decad-afee-4c0e-950e-85c3006a4b2e,08030000,Pet supplies and vet,Liabilities:Credit:BB:Card:PlatinumVisa,-293.6,BRL
62,1,2025-06-25,*,,VET CARE               RIO DE JANEIR BR,,,pluggy-12b2e5bb-52e5-43c2-9550-21203370a662,pluggy,987decad-afee-4c0e-950e-85c3006a4b2e,08030000,Pet supplies and vet,Expenses:Pet:Veterinario,293.6,BRL
63,0,2025-06-26,*,,VAI DOCE COMERCIO LTDA RIO DE JANEIR BR,,,pluggy-ca7738ed-8be6-4d84-9b08-fb9c17845791,pluggy,75f30132-31a8-4b54-9be0-648009b118db,10000000,Groceries,Liabilities:Credit:BB:Card:EloGrafite,-9.99,BRL
63,1,2025-06-26,*,,VAI DOCE COMERCIO LTDA RIO DE JANEIR BR,,,pluggy-ca7738ed-8be6-4d84-9b08-fb9c17845791,pluggy,75f30132-31a8-4b54-9be0-648009b118db,10000000,Groceries,Expenses:Alimentação:Delivery,9.99,BRL
64,0,2025-06-27,*,,CONCESSIONARIA VIARIO  RIO DE JANEIR BR,,,pluggy-e3695a7d-ef3f-478e-950d-7e2b32c0b72f,pluggy,75f30132-31a8-4b54-9be0-648009b118db,19050003,Tolls and in vehicle payment,Liabilities:Credit:BB:Card:EloGrafite,-8.95,BRL
64,1,2025-06-27,*,,CONCESSIONARIA VIARIO  RIO DE JANEIR BR,,,pluggy-e3695a7d-ef3f-478e-950d-7e2b32c0b72f,pluggy,75f30132-31a8-4b54-9be0-648009b118db,19050003,Tolls and in vehicle payment,Expenses:Transporte:Pedagio,8.95,BRL
65,0,2025-06-27,*,,RaiaDrogasilSA         RIO DE JANEIR BR,,,pluggy-c212bcc1-24c6-4844-b9df-578dc030da8b,pluggy,75f30132-31a8-4b54-9be0-648009b118db,18020000,Pharmacy,Liabilities:Credit:BB:Card:EloGrafite,-109.9,BRL
65,1,2025-06-27,*,,RaiaDrogasilSA         RIO DE JANEIR BR,,,pluggy-c212bcc1-24c6-4844-b9df-578dc030da8b,pluggy,75f30132-31a8-4b54-9be0-648009b118db,18020000,Pharmacy,Expenses:Saude:Farmacia,109.9,BRL
66,0,2025-06-27,*,,HORTIFRUTI MARQUES DE  RIO DE JANEIR BR,,,pluggy-c0aba8eb-9404-41db-9ad6-5ae4a13ce943,pluggy,75f30132-31a8-4b54-9be0-648009b118db,08000000,Shopping,Liabilities:Credit:BB:Card:EloGrafite,-138.11,BRL
66,1,2025-06-27,*,,HORTIFRUTI MARQUES DE  RIO DE JANEIR BR,,,pluggy-c0aba8eb-9404-41db-9ad6-5ae4a13ce943,pluggy,75f30132-31a8-4b54-9be0-648009b118db,08000000,Shopping,Expenses:Alimentação:Mercado,138.11,BRL
67,0,2025-06-27,*,,POSTO DE GASOLINA PARQ RIO DE JANEIR BR,,,pluggy-b8d0e09f-dfd2-4376-aa92-b7d2d571f519,pluggy,75f30132-31a8-4b54-9be0-648009b118db,19050001,Gas stations,Liabilities:Credit:BB:Card:EloGrafite,-50,BRL
67,1,2025-06-27,*,,POSTO DE GASOLINA PARQ RIO DE JANEIR BR,,,pluggy-b8d0e09f-dfd2-4376-aa92-b7d2d571f519,pluggy,75f30132-31a8-4b54-9be0-648009b118db,19050001,Gas stations,Expenses:Transporte:Combustivel,50,BRL
68,0,2025-06-27,*,,ZONA SUL FL 29         RIO DE JANEIR BR,,,pluggy-a1f4698d-71b0-492a-9260-07304c90abc7,pluggy,75f30132-31a8-4b54-9be0-648009b118db,10000000,Groceries,Liabilities:Credit:BB:Card:EloGrafite,-38.46,BRL
68,1,2025-06-27,*,,ZONA SUL FL 29         RIO DE JANEIR BR,,,pluggy-a1f4698d-71b0-492a-9260-07304c90abc7,pluggy,75f30132-31a8-4b54-9be0-648009b118db,10000000,Groceries,Expenses:Alimentação:Mercado,38.46,BRL
69,0,2025-06-27,*,,MDPSTHSHRIO SUL        RIO DE JANEIR BR,,,pluggy-99d2f36e-44f2-4f76-b955-ac3b9f363552,pluggy,75f30132-31a8-4b54-9be0-648009b118db,08000000,Shopping,Liabilities:Credit:BB:Card:EloGrafite,-213.4,BRL
69,1,2025-06-27,*,,MDPSTHSHRIO SUL        RIO DE JANEIR BR,,,pluggy-99d2f36e-44f2-4f76-b955-ac3b9f363552,pluggy,75f30132-31a8-4b54-9be0-648009b118db,08000000,Shopping,Expenses:Pessoal:Compras,213.4,BRL
70,0,2025-06-27,*,,DROGARIA VENANCIO      RIO DE JANEIR BR,,,pluggy-89049262-e6bb-4cb9-90c3-385ab9bf92db,pluggy,75f30132-31a8-4b54-9be0-648009b118db,18020000,Pharmacy,Liabilities:Credit:BB:Card:EloGrafite,-24.89,BRL
70,1,2025-06-27,*,,DROGARIA VENANCIO      RIO DE JANEIR BR,,,pluggy-89049262-e6bb-4cb9-90c3-385ab9bf92db,pluggy,75f30132-31a8-4b54-9be0-648009b118db,18020000,Pharmacy,Expenses:Saude:Farmacia,24.89,BRL
71,0,2025-06-27,*,,SORVETE ITALIA R SUL   RIO DE JANEIR BR,,,pluggy-8545188d-d871-4af6-b92b-0ed86fed2097,pluggy,75f30132-31a8-4b54-9be0-648009b118db,11010000,Eating out,Liabilities:Credit:BB:Card:EloGrafite,-18,BRL
71,1,2025-06-27,*,,SORVETE ITALIA R SUL   RIO DE JANEIR BR,,,pluggy-8545188d-d871-4af6-b92b-0ed86fed2097,pluggy,75f30132-31a8-4b54-9be0-648009b118db,11010000,Eating out,Expenses:Alimentação:Restaurante,18,BRL
72,0,2025-06-27,*,,RaiaDrogasilSA         RIO DE JANEIR BR,,,pluggy-73f5a574-854c-45ae-90c7-69a8f9f2c25e,pluggy,75f30132-31a8-4b54-9be0-648009b118db,18020000,Pharmacy,Liabilities:Credit:BB:Card:EloGrafite,-394.15,BRL
72,1,2025-06-27,*,,RaiaDrogasilSA         RIO DE JANEIR BR,,,pluggy-73f5a574-854c-45ae-90c7-69a8f9f2c25e,pluggy,75f30132-31a8-4b54-9be0-648009b118db,18020000,Pharmacy,Expenses:Saude:Farmacia,394.15,BRL
73,0,2025-06-27,*,,PbAdministradora       RIO DE JANEIR BR,,,pluggy-4037e1ec-33c2-4864-bf19-cce9a0fd1388,pluggy,75f30132-31a8-4b54-9be0-648009b118db,19050002,Parking,Liabilities:Credit:BB:Card:EloGrafite,-20.5,BRL
73,1,2025-06-27,*,,PbAdministradora       RIO DE JANEIR BR,,,pluggy-4037e1ec-33c2-4864-bf19-cce9a0fd1388,pluggy,75f30132-31a8-4b54-9be0-648009b118db,19050002,Parking,Expenses:Alimentação:Restaurante,20.5,BRL
74,0,2025-06-27,*,,PRIME PARKING          RIO DE JANEIR BR,,,pluggy-0f78faa6-e781-4543-a30f-49c04407f346,pluggy,75f30132-31a8-4b54-9be0-648009b118db,19050002,Parking,Liabilities:Credit:BB:Card:EloGrafite,-28,BRL
74,1,2025-06-27,*,,PRIME PARKING          RIO DE JANEIR BR,,,pluggy-0f78faa6-e781-4543-a30f-49c04407f346,pluggy,75f30132-31a8-4b54-9be0-648009b118db,19050002,Parking,Expenses:Transporte:Estacionamento,28,BRL
75,0,2025-06-27,*,,DROGARIAS PACHECO      RIO DE JANEIR BR,,,pluggy-0057e555-55b5-4caa-9f1c-1990c5a8635b,pluggy,75f30132-31a8-4b54-9be0-648009b118db,18020000,Pharmacy,Liabilities:Credit:BB:Card:EloGrafite,-130.37,BRL
75,1,2025-06-27,*,,DROGARIAS PACHECO      RIO DE JANEIR BR,,,pluggy-0057e555-55b5-4caa-9f1c-1990c5a8635b,pluggy,75f30132-31a8-4b54-9be0-648009b118db,18020000,Pharmacy,Expenses:Saude:Farmacia,130.37,BRL
76,0,2025-06-27,*,,PIX - ENVIADO   27/06 15:14 Girassol Life Farmacia De,,,pluggy-4c6e829c-5bad-435a-8873-8a8d16dbea5a,pluggy,25eb5f6d-2529-4377-8de5-e38160459cff,18020000,Pharmacy,Assets:Investment:BB:Cash,-80.75,BRL
76,1,2025-06-27,*,,PIX - ENVIADO   27/06 15:14 Girassol Life Farmacia De,,,pluggy-4c6e829c-5bad-435a-8873-8a8d16dbea5a,pluggy,25eb5f6d-2529-4377-8de5-e38160459cff,18020000,Pharmacy,Expenses:Geral,80.75,BRL
77,0,2025-06-27,*,,RECEB FORNEC    ASSOCIACAO PETROBRAS DE SAUDE - APS,,,pluggy-809b94bd-d380-4351-bb93-093a63c2a104,pluggy,25eb5f6d-2529-4377-8de5-e38160459cff,19050001,Gas stations,Assets:Investment:BB:Cash,435.79,BRL
77,1,2025-06-27,*,,RECEB FORNEC    ASSOCIACAO PETROBRAS DE SAUDE - APS,,,pluggy-809b94bd-d380-4351-bb93-093a63c2a104,pluggy,25eb5f6d-2529-4377-8de5-e38160459cff,19050001,Gas stations,Income:Reembolso,-435.79,BRL
78,0,2025-06-27,*,,COMPRA C/CARTAO 27/06 12:30 DR. JOAO GUSTAVO GAS,,,pluggy-a9c5e65b-9c1c-4576-b61f-85d36a885ec0,pluggy,25eb5f6d-2529-4377-8de5-e38160459cff,08000000,Shopping,Assets:Investment:BB:Cash,-600,BRL
78,1,2025-06-27,*,,COMPRA C/CARTAO 27/06 12:30 DR. JOAO GUSTAVO GAS,,,pluggy-a9c5e65b-9c1c-4576-b61f-85d36a885ec0,pluggy,25eb5f6d-2529-4377-8de5-e38160459cff,08000000,Shopping,Expenses:Saude:Medico,600,BRL
79,0,2025-06-27,*,,DAISO BRASIL           RIO DE JANEIR BR,,,pluggy-e15764e7-9188-4be1-939a-3651fe246481,pluggy,987decad-afee-4c0e-950e-85c3006a4b2e,08000000,Shopping,Liabilities:Credit:BB:Card:PlatinumVisa,-67.45,BRL
79,1,2025-06-27,*,,DAISO BRASIL           RIO DE JANEIR BR,,,pluggy-e15764e7-9188-4be1-939a-3651fe246481,pluggy,987decad-afee-4c0e-950e-85c3006a4b2e,08000000,Shopping,Expenses:Pessoal:Compras,67.45,BRL
80,0,2025-06-27,*,,Google Disney Mobile   SAO PAULO     BR,,,pluggy-78b9667c-fdf6-44f9-9aa8-7340cc2d19d9,pluggy,987decad-afee-4c0e-950e-85c3006a4b2e,07010003,TV,Liabilities:Credit:BB:Card:PlatinumVisa,-43.9,BRL
80,1,2025-06-27,*,,Google Disney Mobile   SAO PAULO     BR,,,pluggy-78b9667c-fdf6-44f9-9aa8-7340cc2d19d9,pluggy,987decad-afee-4c0e-950e-85c3006a4b2e,07010003,TV,Expenses:Lazer:Streaming,43.9,BRL
81,0,2025-06-28,*,,MAYA CAFE DELICATESSEN RIO DE JANEIR BR,,,pluggy-d8417da7-89e8-4a27-9442-81d0ea8f65c5,pluggy,75f30132-31a8-4b54-9be0-648009b118db,11010000,Eating out,Liabilities:Credit:BB:Card:EloGrafite,-57.2,BRL
81,1,2025-06-28,*,,MAYA CAFE DELICATESSEN RIO DE JANEIR BR,,,pluggy-d8417da7-89e8-4a27-9442-81d0ea8f65c5,pluggy,75f30132-31a8-4b54-9be0-648009b118db,11010000,Eating out,Expenses:Alimentação:Restaurante,57.2,BRL
82,0,2025-06-28,*,,DeborahDaSilva         RIO DE JANEIR BR,,,pluggy-d73bbb24-2763-42a8-b5aa-5b85a8ab8cde,pluggy,75f30132-31a8-4b54-9be0-648009b118db,07000000,Services,Liabilities:Credit:BB:Card:EloGrafite,-58.9,BRL
82,1,2025-06-28,*,,DeborahDaSilva         RIO DE JANEIR BR,,,pluggy-d73bbb24-2763-42a8-b5aa-5b85a8ab8cde,pluggy,75f30132-31a8-4b54-9be0-648009b118db,07000000,Services,Expenses:Geral,58.9,BRL
83,0,2025-06-28,*,,Panelo                 BRASILIA      BR,,,pluggy-7d2c722d-6d49-4810-91ca-073787479926,pluggy,75f30132-31a8-4b54-9be0-648009b118db,10000000,Groceries,Liabilities:Credit:BB:Card:EloGrafite,-15,BRL
83,1,2025-06-28,*,,Panelo                 BRASILIA      BR,,,pluggy-7d2c722d-6d49-4810-91ca-073787479926,pluggy,75f30132-31a8-4b54-9be0-648009b118db,10000000,Groceries,Expenses:Geral,15,BRL
84,0,2025-06-28,*,,SUPERMERCADO ULTRA 11  RIO DE JANEIR BR,,,pluggy-6f10d317-dfc1-41f4-808e-3bb8679d93b4,pluggy,75f30132-31a8-4b54-9be0-648009b118db,10000000,Groceries,Liabilities:Credit:BB:Card:EloGrafite,-119.41,BRL
84,1,2025-06-28,*,,SUPERMERCADO ULTRA 11  RIO DE JANEIR BR,,,pluggy-6f10d317-dfc1-41f4-808e-3bb8679d93b4,pluggy,75f30132-31a8-4b54-9be0-648009b118db,10000000,Groceries,Expenses:Alimentação:Mercado,119.41,BRL
85,0,2025-06-28,*,,GRUPO ANTONIO DE EVENT RIO DE JANEIR BR,,,pluggy-4c02cd50-84c7-4c39-a80d-4476e98d6754,pluggy,75f30132-31a8-4b54-9be0-648009b118db,10000000,Groceries,Liabilities:Credit:BB:Card:EloGrafite,-19,BRL
85,1,2025-06-28,*,,GRUPO ANTONIO DE EVENT RIO DE JANEIR BR,,,pluggy-4c02cd50-84c7-4c39-a80d-4476e98d6754,pluggy,75f30132-31a8-4b54-9be0-648009b118db,10000000,Groceries,Expenses:Alimentação:Restaurante,19,BRL
86,0,2025-06-28,*,,CARLOS FRUTAS          RIO DE JANEIR BR,,,pluggy-3fb9a214-3367-4601-838c-f97cefc28cad,pluggy,75f30132-31a8-4b54-9be0-648009b118db,10000000,Groceries,Liabilities:Credit:BB:Card:EloGrafite,-15,BRL
86,1,2025-06-28,*,,CARLOS FRUTAS          RIO DE JANEIR BR,,,pluggy-3fb9a214-3367-4601-838c-f97cefc28cad,pluggy,75f30132-31a8-4b54-9be0-648009b118db,10000000,Groceries,Expenses:Alimentação:Restaurante,15,BRL
87,0,2025-06-28,*,,Uber UBER  TRIP HELP UBSAO PAULO     BR,,,pluggy-302ff95c-40b4-4a9d-a797-f53c4aa0699f,pluggy,75f30132-31a8-4b54-9be0-648009b118db,19010000,Taxi and ride-hailing,Liabilities:Credit:BB:Card:EloGrafite,-16.95,BRL
87,1,2025-06-28,*,,Uber UBER  TRIP HELP UBSAO PAULO     BR,,,pluggy-302ff95c-40b4-4a9d-a797-f53c4aa0699f,pluggy,75f30132-31a8-4b54-9be0-648009b118db,19010000,Taxi and ride-hailing,Expenses:Transporte:Uber,16.95,BRL
88,0,2025-06-28,*,,Uber UBER  TRIP HELP UBSAO PAULO     BR,,,pluggy-0c3cb766-2013-4401-944b-c4825af8e17d,pluggy,75f30132-31a8-4b54-9be0-648009b118db,19010000,Taxi and ride-hailing,Liabilities:Credit:BB:Card:EloGrafite,-12.94,BRL
88,1,2025-06-28,*,,Uber UBER  TRIP HELP UBSAO PAULO     BR,,,pluggy-0c3cb766-2013-4401-944b-c4825af8e17d,pluggy,75f30132-31a8-4b54-9be0-648009b118db,19010000,Taxi and ride-hailing,Expenses:Transporte:Uber,12.94,BRL
89,0,2025-06-28,*,,PIX - ENVIADO   28/06 15:12 Vitorio Esposito,,,pluggy-38e52460-9a53-4300-bf89-1054c6fd79dd,pluggy,25eb5f6d-2529-4377-8de5-e38160459cff,05070000,Transfer - PIX,Assets:Investment:BB:Cash,-45,BRL
89,1,2025-06-28,*,,PIX - ENVIADO   28/06 15:12 Vitorio Esposito,,,pluggy-38e52460-9a53-4300-bf89-1054c6fd79dd,pluggy,25eb5f6d-2529-4377-8de5-e38160459cff,05070000,Transfer - PIX,Expenses:Pessoal:Cabeleireiro,45,BRL
90,0,2025-06-28,*,,PIX - ENVIADO   28/06 10:33 Americo Flores Ltda,,,pluggy-7d2848f8-e1ba-4cee-8ba7-bde33acee6e2,pluggy,25eb5f6d-2529-4377-8de5-e38160459cff,05070000,Transfer - PIX,Assets:Investment:BB:Cash,-15,BRL
90,1,2025-06-28,*,,PIX - ENVIADO   28/06 10:33 Americo Flores Ltda,,,pluggy-7d2848f8-e1ba-4cee-8ba7-bde33acee6e2,pluggy,25eb5f6d-2529-4377-8de5-e38160459cff,05070000,Transfer - PIX,Expenses:Geral,15,BRL
91,0,2025-06-28,*,,PROVENTOS       PETROLEO BRASILEIRO SA PETROBRAS,,,pluggy-50a61ee8-765b-4ab4-adbe-4f66601a37f6,pluggy,25eb5f6d-2529-4377-8de5-e38160459cff,19050001,Gas stations,Assets:Investment:BB:Cash,6199.39,BRL
91,1,2025-06-28,*,,PROVENTOS       PETROLEO BRASILEIRO SA PETROBRAS,,,pluggy-50a61ee8-765b-4ab4-adbe-4f66601a37f6,pluggy,25eb5f6d-2529-4377-8de5-e38160459cff,19050001,Gas stations,Income:Salario,-6199.39,BRL
92,0,2025-06-28,*,,Wellhub Gympass BR GympSao Paulo     BR,,,pluggy-da8d5155-0248-4da8-a006-6a150f7476aa,pluggy,987decad-afee-4c0e-950e-85c3006a4b2e,07030001,Gyms and fitness centers,Liabilities:Credit:BB:Card:PlatinumVisa,-75.9,BRL
92,1,2025-06-28,*,,Wellhub Gympass BR GympSao Paulo     BR,,,pluggy-da8d5155-0248-4da8-a006-6a150f7476aa,pluggy,987decad-afee-4c0e-950e-85c3006a4b2e,07030001,Gyms and fitness centers,Expenses:Saude:Academia,75.9,BRL
93,0,2025-06-29,*,,Uber UBER  TRIP HELP UBSAO PAULO     BR,,,pluggy-6d477ade-e815-4d26-b920-30d43fadce82,pluggy,75f30132-31a8-4b54-9be0-648009b118db,19010000,Taxi and ride-hailing,Liabilities:Credit:BB:Card:EloGrafite,-11.94,BRL
93,1,2025-06-29,*,,Uber UBER  TRIP HELP UBSAO PAULO     BR,,,pluggy-6d477ade-e815-4d26-b920-30d43fadce82,pluggy,75f30132-31a8-4b54-9be0-648009b118db,19010000,Taxi and ride-hailing,Expenses:Transporte:Uber,11.94,BRL
94,0,2025-06-29,*,,FRO TIMPANAS GASTROBAR RIO DE JANEIR BR,,,pluggy-6c33656c-9362-470e-8583-7b0f9e7ea24f,pluggy,75f30132-31a8-4b54-9be0-648009b118db,11010000,Eating out,Liabilities:Credit:BB:Card:EloGrafite,-270.05,BRL
94,1,2025-06-29,*,,FRO TIMPANAS GASTROBAR RIO DE JANEIR BR,,,pluggy-6c33656c-9362-470e-8583-7b0f9e7ea24f,pluggy,75f30132-31a8-4b54-9be0-648009b118db,11010000,Eating out,Expenses:Comunicacao:Telefone,270.05,BRL
95,0,2025-06-30,*,,Uber UBER  TRIP HELP UBSAO PAULO     BR,,,pluggy-4da42ddb-0dbb-4e3d-87c0-09da675fec48,pluggy,75f30132-31a8-4b54-9be0-648009b118db,19010000,Taxi and ride-hailing,Liabilities:Credit:BB:Card:EloGrafite,-5,BRL
95,1,2025-06-30,*,,Uber UBER  TRIP HELP UBSAO PAULO     BR,,,pluggy-4da42ddb-0dbb-4e3d-87c0-09da675fec48,pluggy,75f30132-31a8-4b54-9be0-648009b118db,19010000,Taxi and ride-hailing,Expenses:Transporte:Uber,5,BRL
96,0,2025-06-30,*,,Uber UBER  TRIP HELP UBSAO PAULO     BR,,,pluggy-346235c8-8cd0-4529-8aca-e584efcf20f6,pluggy,75f30132-31a8-4b54-9be0-648009b118db,19010000,Taxi and ride-hailing,Liabilities:Credit:BB:Card:EloGrafite,-33.12,BRL
96,1,2025-06-30,*,,Uber UBER  TRIP HELP UBSAO PAULO     BR,,,pluggy-346235c8-8cd0-4529-8aca-e584efcf20f6,pluggy,75f30132-31a8-4b54-9be0-648009b118db,19010000,Taxi and ride-hailing,Expenses:Transporte:Uber,33.12,BRL
97,0,2025-06-30,*,,PIX - ENVIADO   30/06 16:06 Ana Carolina De Abreu Esco,,,pluggy-e442d1c3-3799-4cb2-88f8-a087c3b57245,pluggy,25eb5f6d-2529-4377-8de5-e38160459cff,05070000,Transfer - PIX,Assets:Investment:BB:Cash,-850,BRL
97,1,2025-06-30,*,,PIX - ENVIADO   30/06 16:06 Ana Carolina De Abreu Esco,,,pluggy-e442d1c3-3799-4cb2-88f8-a087c3b57245,pluggy,25eb5f6d-2529-4377-8de5-e38160459cff,05070000,Transfer - PIX,Expenses:Geral:Caol,850,BRL
98,0,2025-07-01,*,,JUROS S/ CAPITAL DE CLIENTES ITUB3 S/            220,,,pluggy-093d4e26-6020-4e4a-9c9c-a3076531e737,pluggy,e4d40b2d-f720-4570-8fb6-89c9a12e1e2f,02020000,Interests charged,Assets:Investment:XP:Cash,3.3,BRL
98,1,2025-07-01,*,,JUROS S/ CAPITAL DE CLIENTES ITUB3 S/            220,,,pluggy-093d4e26-6020-4e4a-9c9c-a3076531e737,pluggy,e4d40b2d-f720-4570-8fb6-89c9a12e1e2f,02020000,Interests charged,Income:Investment:XP:JCP,-3.3,BRL
99,0,2025-07-01,*,,JUROS S/ CAPITAL DE CLIENTES ITUB3 S/            220,,,pluggy-aacdf4ff-68e3-4d48-8ceb-dfa5fe777864,pluggy,ffd6004e-1066-4c1c-9ece-826c45ffda7d,02020000,Interests charged,Assets:Investment:XP:Cash,3.3,BRL
99,1,2025-07-01,*,,JUROS S/ CAPITAL DE CLIENTES ITUB3 S/            220,,,pluggy-aacdf4ff-68e3-4d48-8ceb-dfa5fe777864,pluggy,ffd6004e-1066-4c1c-9ece-826c45ffda7d,02020000,Interests charged,Income:Investment:XP:JCP,-3.3,BRL
100,0,2025-07-01,*,,RECEB FORNEC    ASSOCIACAO PETROBRAS DE SAUDE - APS,,,pluggy-1dcba3c7-d129-4f63-9810-073d43e049c6,pluggy,25eb5f6d-2529-4377-8de5-e38160459cff,19050001,Gas stations,Assets:Investment:BB:Cash,122,BRL
100,1,2025-07-01,*,,RECEB FORNEC    ASSOCIACAO PETROBRAS DE SAUDE - APS,,,pluggy-1dcba3c7-d129-4f63-9810-073d43e049c6,pluggy,25eb5f6d-2529-4377-8de5-e38160459cff,19050001,Gas stations,Income:Reembolso,-122,BRL
101,0,2025-07-01,*,,PIX - ENVIADO   01/07 06:09 Tim S A,,,pluggy-e71087a0-53fd-4a98-933a-d9a8a8392378,pluggy,25eb5f6d-2529-4377-8de5-e38160459cff,07010000,Telecommunications,Assets:Investment:BB:Cash,-116.99,BRL
101,1,2025-07-01,*,,PIX - ENVIADO   01/07 06:09 Tim S A,,,pluggy-e71087a0-53fd-4a98-933a-d9a8a8392378,pluggy,25eb5f6d-2529-4377-8de5-e38160459cff,07010000,Telecommunications,Expenses:Comunicacao:Telefone,116.99,BRL
102,0,2025-07-01,*,,PETZ DIGITAL           EMBU          BR,,,pluggy-e09eee2f-fc0f-47f0-b5b4-2f6e4459e5ca,pluggy,987decad-afee-4c0e-950e-85c3006a4b2e,08030000,Pet supplies and vet,Liabilities:Credit:BB:Card:PlatinumVisa,-64.95,BRL
102,1,2025-07-01,*,,PETZ DIGITAL           EMBU          BR,,,pluggy-e09eee2f-fc0f-47f0-b5b4-2f6e4459e5ca,pluggy,987decad-afee-4c0e-950e-85c3006a4b2e,08030000,Pet supplies and vet,Expenses:Pet:Petshop,64.95,BRL
103,0,2025-07-02,*,,IOF - COMPRA NO EXTERIOR,,,pluggy-cc425fa7-08be-493e-b246-59277117b016,pluggy,987decad-afee-4c0e-950e-85c3006a4b2e,15030000,Tax on financial operations,Liabilities:Credit:BB:Card:PlatinumVisa,-0.95,BRL
103,1,2025-07-02,*,,IOF - COMPRA NO EXTERIOR,,,pluggy-cc425fa7-08be-493e-b246-59277117b016,pluggy,987decad-afee-4c0e-950e-85c3006a4b2e,15030000,Tax on financial operations,Expenses:Taxas:Imposto,0.95,BRL
104,0,2025-07-02,*,,AIRALO                 SINGAPORE     SG,,,pluggy-4c3b9e17-6606-40b5-ab58-45c8dc97241d,pluggy,987decad-afee-4c0e-950e-85c3006a4b2e,09000000,Digital services,Liabilities:Credit:BB:Card:PlatinumVisa,-5,USD
104,1,2025-07-02,*,,AIRALO                 SINGAPORE     SG,,,pluggy-4c3b9e17-6606-40b5-ab58-45c8dc97241d,pluggy,987decad-afee-4c0e-950e-85c3006a4b2e,09000000,Digital services,Expenses:Comunicacao:Telefone,5,USD
105,0,2025-07-03,*,,VENANCIO PRO*Loja      RIO DE JANEIR BR,,,pluggy-d7dd4ec7-1961-4e9a-8b98-586265db43a3,pluggy,987decad-afee-4c0e-950e-85c3006a4b2e,18020000,Pharmacy,Liabilities:Credit:BB:Card:PlatinumVisa,-197.57,BRL
105,1,2025-07-03,*,,VENANCIO PRO*Loja      RIO DE JANEIR BR,,,pluggy-d7dd4ec7-1961-4e9a-8b98-586265db43a3,pluggy,987decad-afee-4c0e-950e-85c3006a4b2e,18020000,Pharmacy,Expenses:Saude:Farmacia,197.57,BRL
106,0,2025-07-04,*,,OKPET                  RIO DE JANEIR BR,,,pluggy-d9f2eec1-578b-41db-96d0-00cd0ab5503d,pluggy,987decad-afee-4c0e-950e-85c3006a4b2e,18020000,Pharmacy,Liabilities:Credit:BB:Card:PlatinumVisa,-15.9,BRL
106,1,2025-07-04,*,,OKPET                  RIO DE JANEIR BR,,,pluggy-d9f2eec1-578b-41db-96d0-00cd0ab5503d,pluggy,987decad-afee-4c0e-950e-85c3006a4b2e,18020000,Pharmacy,Expenses:Pet:Petshop,15.9,BRL
107,0,2025-07-04,*,,SUPERMERCADO ULTRA 11  RIO DE JANEIR BR,,,pluggy-d72a7277-ef82-49c5-b61a-c449ee778298,pluggy,987decad-afee-4c0e-950e-85c3006a4b2e,10000000,Groceries,Liabilities:Credit:BB:Card:PlatinumVisa,-112.53,BRL
107,1,2025-07-04,*,,SUPERMERCADO ULTRA 11  RIO DE JANEIR BR,,,pluggy-d72a7277-ef82-49c5-b61a-c449ee778298,pluggy,987decad-afee-4c0e-950e-85c3006a4b2e,10000000,Groceries,Expenses:Alimentação:Mercado,112.53,BRL
108,0,2025-07-04,*,,PETZ DIGITAL           EMBU          BR,,,pluggy-b5e54d5d-a313-4d65-8992-24488ca5a95c,pluggy,987decad-afee-4c0e-950e-85c3006a4b2e,08030000,Pet supplies and vet,Liabilities:Credit:BB:Card:PlatinumVisa,-86.77,BRL
108,1,2025-07-04,*,,PETZ DIGITAL           EMBU          BR,,,pluggy-b5e54d5d-a313-4d65-8992-24488ca5a95c,pluggy,987decad-afee-4c0e-950e-85c3006a4b2e,08030000,Pet supplies and vet,Expenses:Pet:Petshop,86.77,BRL
109,0,2025-07-05,*,,MAYA CAFE DELICATESSEN RIO DE JANEIR BR,,,pluggy-dfb0e037-17a1-4d0f-a351-18b98b3a33c8,pluggy,987decad-afee-4c0e-950e-85c3006a4b2e,11010000,Eating out,Liabilities:Credit:BB:Card:PlatinumVisa,-37.4,BRL
109,1,2025-07-05,*,,MAYA CAFE DELICATESSEN RIO DE JANEIR BR,,,pluggy-dfb0e037-17a1-4d0f-a351-18b98b3a33c8,pluggy,987decad-afee-4c0e-950e-85c3006a4b2e,11010000,Eating out,Expenses:Alimentação:Restaurante,37.4,BRL
110,0,2025-07-05,*,,UBER * PENDING         SAO PAULO     BR,,,pluggy-22988117-5744-43e2-81f9-4fa8aef459ed,pluggy,987decad-afee-4c0e-950e-85c3006a4b2e,19010000,Taxi and ride-hailing,Liabilities:Credit:BB:Card:PlatinumVisa,-22.09,BRL
110,1,2025-07-05,*,,UBER * PENDING         SAO PAULO     BR,,,pluggy-22988117-5744-43e2-81f9-4fa8aef459ed,pluggy,987decad-afee-4c0e-950e-85c3006a4b2e,19010000,Taxi and ride-hailing,Expenses:Transporte:Uber,22.09,BRL
111,0,2025-07-05,*,,UBER* TRIP             WWW.UBER.COM. BR,,,pluggy-1ca86c0f-e9d5-4815-a006-305947bf4fed,pluggy,987decad-afee-4c0e-950e-85c3006a4b2e,19010000,Taxi and ride-hailing,Liabilities:Credit:BB:Card:PlatinumVisa,-18.11,BRL
111,1,2025-07-05,*,,UBER* TRIP             WWW.UBER.COM. BR,,,pluggy-1ca86c0f-e9d5-4815-a006-305947bf4fed,pluggy,987decad-afee-4c0e-950e-85c3006a4b2e,19010000,Taxi and ride-hailing,Expenses:Transporte:Uber,18.11,BRL
112,0,2025-07-05,*,,DROGARIA VENANCIO      RIO DE JANEIR BR,,,pluggy-09a0d048-b25b-448f-beb0-7a0af3f60cc7,pluggy,987decad-afee-4c0e-950e-85c3006a4b2e,18020000,Pharmacy,Liabilities:Credit:BB:Card:PlatinumVisa,-197.1,BRL
112,1,2025-07-05,*,,DROGARIA VENANCIO      RIO DE JANEIR BR,,,pluggy-09a0d048-b25b-448f-beb0-7a0af3f60cc7,pluggy,987decad-afee-4c0e-950e-85c3006a4b2e,18020000,Pharmacy,Expenses:Saude:Farmacia,197.1,BRL
113,0,2025-07-06,*,,AMAZONMKTPLC*PERESPETC INDAIATUBA    BR,,,pluggy-0bafe028-6d20-4d49-9555-e18e0c65f7e8,pluggy,987decad-afee-4c0e-950e-85c3006a4b2e,08060000,Bookstore,Liabilities:Credit:BB:Card:PlatinumVisa,-171.95,BRL
113,1,2025-07-06,*,,AMAZONMKTPLC*PERESPETC INDAIATUBA    BR,,,pluggy-0bafe028-6d20-4d49-9555-e18e0c65f7e8,pluggy,987decad-afee-4c0e-950e-85c3006a4b2e,08060000,Bookstore,Expenses:Pessoal:Compras,171.95,BRL
114,0,2025-07-07,*,,JUROS S/ CAPITAL DE CLIENTES B3SA3 S/            700,,,pluggy-d134d8a1-601d-4f3e-9efb-9a146d5000a6,pluggy,e4d40b2d-f720-4570-8fb6-89c9a12e1e2f,03060000,Proceeds interests and dividends,Assets:Investment:XP:Cash,43.33,BRL
114,1,2025-07-07,*,,JUROS S/ CAPITAL DE CLIENTES B3SA3 S/            700,,,pluggy-d134d8a1-601d-4f3e-9efb-9a146d5000a6,pluggy,e4d40b2d-f720-4570-8fb6-89c9a12e1e2f,03060000,Proceeds interests and dividends,Income:Investment:XP:JCP,-43.33,BRL
115,0,2025-07-07,*,,JUROS S/ CAPITAL DE CLIENTES B3SA3 S/            700,,,pluggy-5c2f49f0-661e-4e03-a907-44969612832c,pluggy,ffd6004e-1066-4c1c-9ece-826c45ffda7d,03060000,Proceeds interests and dividends,Assets:Investment:XP:Cash,43.33,BRL
115,1,2025-07-07,*,,JUROS S/ CAPITAL DE CLIENTES B3SA3 S/            700,,,pluggy-5c2f49f0-661e-4e03-a907-44969612832c,pluggy,ffd6004e-1066-4c1c-9ece-826c45ffda7d,03060000,Proceeds interests and dividends,Income:Investment:XP:JCP,-43.33,BRL
116,0,2025-07-07,*,,iFood                  Osasco        BR,,,pluggy-d532c2ee-725e-41df-ab76-59ce748c55bb,pluggy,75f30132-31a8-4b54-9be0-648009b118db,10000000,Groceries,Liabilities:Credit:BB:Card:EloGrafite,-5.95,BRL
116,1,2025-07-07,*,,iFood                  Osasco        BR,,,pluggy-d532c2ee-725e-41df-ab76-59ce748c55bb,pluggy,75f30132-31a8-4b54-9be0-648009b118db,10000000,Groceries,Expenses:Alimentação:Delivery,5.95,BRL
117,0,2025-07-07,*,,MERCADOPAGO*CRAFT      OSASCO        BR,,,pluggy-f556da24-20e8-4ab2-86e0-9c027d52045f,pluggy,987decad-afee-4c0e-950e-85c3006a4b2e,07000000,Services,Liabilities:Credit:BB:Card:PlatinumVisa,-130.67,BRL
117,1,2025-07-07,*,,MERCADOPAGO*CRAFT      OSASCO        BR,,,pluggy-f556da24-20e8-4ab2-86e0-9c027d52045f,pluggy,987decad-afee-4c0e-950e-85c3006a4b2e,07000000,Services,Expenses:Geral,130.67,BRL
118,0,2025-07-07,*,,DROGARIAS PACHECO SA   RIO DE JANEIR BR,,,pluggy-42081508-50be-4e9b-8a1d-de2e83c5705c,pluggy,987decad-afee-4c0e-950e-85c3006a4b2e,18020000,Pharmacy,Liabilities:Credit:BB:Card:PlatinumVisa,-24.48,BRL
118,1,2025-07-07,*,,DROGARIAS PACHECO SA   RIO DE JANEIR BR,,,pluggy-42081508-50be-4e9b-8a1d-de2e83c5705c,pluggy,987decad-afee-4c0e-950e-85c3006a4b2e,18020000,Pharmacy,Expenses:Saude:Farmacia,24.48,BRL
119,0,2025-07-09,*,,REAJ.MON. BC,,,pluggy-f324182c-18c4-44f0-932a-d53457fa4b6b,pluggy,3d0492b4-0d84-49c0-9945-e3e9adc34d51,06010000,Blocked balances,Assets:Investment:BB:Savings,3.44,BRL
119,1,2025-07-09,*,,REAJ.MON. BC,,,pluggy-f324182c-18c4-44f0-932a-d53457fa4b6b,pluggy,3d0492b4-0d84-49c0-9945-e3e9adc34d51,06010000,Blocked balances,Income:Investment:Interest,-3.44,BRL
120,0,2025-07-09,*,,JUROS,,,pluggy-38c01b0b-b0fb-4642-a158-9c249310da90,pluggy,3d0492b4-0d84-49c0-9945-e3e9adc34d51,02020000,Interests charged,Assets:Investment:BB:Savings,10.02,BRL
120,1,2025-07-09,*,,JUROS,,,pluggy-38c01b0b-b0fb-4642-a158-9c249310da90,pluggy,3d0492b4-0d84-49c0-9945-e3e9adc34d51,02020000,Interests charged,Income:Investment:Interest,-10.02,BRL
121,0,2025-07-10,*,,PLANEJADA,,,pluggy-bb71bd3c-9e72-4871-9780-5a16575d4022,pluggy,3d0492b4-0d84-49c0-9945-e3e9adc34d51,03000000,Investments,Assets:Investment:BB:Savings,2000,BRL
121,1,2025-07-10,*,,PLANEJADA,,,pluggy-bb71bd3c-9e72-4871-9780-5a16575d4022,pluggy,3d0492b4-0d84-49c0-9945-e3e9adc34d51,03000000,Investments,Assets:Investment:BB:Cash,-2000,BRL
122,0,2025-07-10,*,,PGTO DEBITO CONTA 3836 000000008  200211,,,pluggy-eb60ea71-2378-4849-9640-46f1bbd6bf29,pluggy,75f30132-31a8-4b54-9be0-648009b118db,05060000,Transfer - Internal,Liabilities:Credit:BB:Card:EloGrafite,2145.79,BRL
122,1,2025-07-10,*,,PGTO DEBITO CONTA 3836 000000008  200211,,,pluggy-eb60ea71-2378-4849-9640-46f1bbd6bf29,pluggy,75f30132-31a8-4b54-9be0-648009b118db,05060000,Transfer - Internal,Assets:Investment:BB:Cash,-2145.79,BRL
123,0,2025-07-10,*,,TRANSF ENVIADA  15/11 GABRIEL BARROS RODRIGUES,,,pluggy-2ae30e36-93b0-4ede-8edd-1c6364df8765,pluggy,25eb5f6d-2529-4377-8de5-e38160459cff,04000000,Same person transfer,Assets:Investment:BB:Cash,-2000,BRL
123,1,2025-07-10,*,,TRANSF ENVIADA  15/11 GABRIEL BARROS RODRIGUES,,,pluggy-2ae30e36-93b0-4ede-8edd-1c6364df8765,pluggy,25eb5f6d-2529-4377-8de5-e38160459cff,04000000,Same person transfer,Assets:Investment:BB:Savings,2000,BRL
124,0,2025-07-10,*,,PROVENTOS       PETROLEO BRASILEIRO SA PETROBRAS,,,pluggy-f02ebc93-a993-4ea2-85ca-f3e6fd352830,pluggy,25eb5f6d-2529-4377-8de5-e38160459cff,19050001,Gas stations,Assets:Investment:BB:Cash,3764.75,BRL
124,1,2025-07-10,*,,PROVENTOS       PETROLEO BRASILEIRO SA PETROBRAS,,,pluggy-f02ebc93-a993-4ea2-85ca-f3e6fd352830,pluggy,25eb5f6d-2529-4377-8de5-e38160459cff,19050001,Gas stations,Income:Salario,-3764.75,BRL
125,0,2025-07-10,*,,PGTO DEBITO CONTA 3836 000009800  200211,,,pluggy-c0d8e483-e5aa-407d-9fbe-1b9354778216,pluggy,987decad-afee-4c0e-950e-85c3006a4b2e,05060000,Transfer - Internal,Liabilities:Credit:BB:Card:PlatinumVisa,4189.35,BRL
125,1,2025-07-10,*,,PGTO DEBITO CONTA 3836 000009800  200211,,,pluggy-c0d8e483-e5aa-407d-9fbe-1b9354778216,pluggy,987decad-afee-4c0e-950e-85c3006a4b2e,05060000,Transfer - Internal,Assets:Investment:BB:Cash,-4189.35,BRL
126,0,2025-07-10,*,,SUPERM PRINCESA LJ 165 RIO DE JANEIR BR,,,pluggy-0e70d4cd-058a-4244-ab75-eff213456438,pluggy,987decad-afee-4c0e-950e-85c3006a4b2e,10000000,Groceries,Liabilities:Credit:BB:Card:PlatinumVisa,-109.19,BRL
126,1,2025-07-10,*,,SUPERM PRINCESA LJ 165 RIO DE JANEIR BR,,,pluggy-0e70d4cd-058a-4244-ab75-eff213456438,pluggy,987decad-afee-4c0e-950e-85c3006a4b2e,10000000,Groceries,Expenses:Alimentação:Mercado,109.19,BRL
127,0,2025-07-11,*,,REAJ.MON. BC,,,pluggy-5306dc41-2d23-4f4d-9547-262eb0e97ca1,pluggy,3d0492b4-0d84-49c0-9945-e3e9adc34d51,06010000,Blocked balances,Assets:Investment:BB:Savings,3.46,BRL
127,1,2025-07-11,*,,REAJ.MON. BC,,,pluggy-5306dc41-2d23-4f4d-9547-262eb0e97ca1,pluggy,3d0492b4-0d84-49c0-9945-e3e9adc34d51,06010000,Blocked balances,Income:Investment:Interest,-3.46,BRL
128,0,2025-07-11,*,,JUROS,,,pluggy-1d997c81-6793-43cb-83a2-5358d86a948a,pluggy,3d0492b4-0d84-49c0-9945-e3e9adc34d51,02020000,Interests charged,Assets:Investment:BB:Savings,10.08,BRL
128,1,2025-07-11,*,,JUROS,,,pluggy-1d997c81-6793-43cb-83a2-5358d86a948a,pluggy,3d0492b4-0d84-49c0-9945-e3e9adc34d51,02020000,Interests charged,Income:Investment:Interest,-10.08,BRL
129,0,2025-07-11,*,,PGTO CARTAO     ELO GRAFITE ESTILO,,,pluggy-c6956aac-87da-4f9a-b3e5-384a02e2c2ac,pluggy,25eb5f6d-2529-4377-8de5-e38160459cff,05100000,Credit card payment,Assets:Investment:BB:Cash,-2145.79,BRL
129,1,2025-07-11,*,,PGTO CARTAO     ELO GRAFITE ESTILO,,,pluggy-c6956aac-87da-4f9a-b3e5-384a02e2c2ac,pluggy,25eb5f6d-2529-4377-8de5-e38160459cff,05100000,Credit card payment,Liabilities:Credit:BB:Card:EloGrafite,2145.79,BRL
130,0,2025-07-11,*,,PGTO CARTAO     PLATINUM ESTILO VISA,,,pluggy-99171f73-a55e-4f43-8acb-4441b05d11bb,pluggy,25eb5f6d-2529-4377-8de5-e38160459cff,05100000,Credit card payment,Assets:Investment:BB:Cash,-4189.35,BRL
130,1,2025-07-11,*,,PGTO CARTAO     PLATINUM ESTILO VISA,,,pluggy-99171f73-a55e-4f43-8acb-4441b05d11bb,pluggy,25eb5f6d-2529-4377-8de5-e38160459cff,05100000,Credit card payment,Liabilities:Credit:BB:Card:PlatinumVisa,4189.35,BRL
131,0,2025-07-12,*,,GRUPO ANTONIO DE EVENT RIO DE JANEIR BR,,,pluggy-3db591d1-d6d7-4835-bfb0-c26f1b413a6b,pluggy,987decad-afee-4c0e-950e-85c3006a4b2e,10000000,Groceries,Liabilities:Credit:BB:Card:PlatinumVisa,-34,BRL
131,1,2025-07-12,*,,GRUPO ANTONIO DE EVENT RIO DE JANEIR BR,,,pluggy-3db591d1-d6d7-4835-bfb0-c26f1b413a6b,pluggy,987decad-afee-4c0e-950e-85c3006a4b2e,10000000,Groceries,Expenses:Alimentação:Restaurante,34,BRL
132,0,2025-07-14,*,,RENDIMENTOS DE CLIENTES HGRU11 S/            129,,,pluggy-f44f7684-a2c3-48b1-81cc-8fe6fe2d890e,pluggy,e4d40b2d-f720-4570-8fb6-89c9a12e1e2f,03060000,Proceeds interests and dividends,Assets:Investment:XP:Cash,199.95,BRL
132,1,2025-07-14,*,,RENDIMENTOS DE CLIENTES HGRU11 S/            129,,,pluggy-f44f7684-a2c3-48b1-81cc-8fe6fe2d890e,pluggy,e4d40b2d-f720-4570-8fb6-89c9a12e1e2f,03060000,Proceeds interests and dividends,Income:Investment:XP:Rendimento,-199.95,BRL
133,0,2025-07-14,*,,RENDIMENTOS DE CLIENTES HGLG11 S/             99,,,pluggy-508d7397-7057-4b80-9f40-0bcaac8f1077,pluggy,e4d40b2d-f720-4570-8fb6-89c9a12e1e2f,19010000,Taxi and ride-hailing,Assets:Investment:XP:Cash,108.9,BRL
133,1,2025-07-14,*,,RENDIMENTOS DE CLIENTES HGLG11 S/             99,,,pluggy-508d7397-7057-4b80-9f40-0bcaac8f1077,pluggy,e4d40b2d-f720-4570-8fb6-89c9a12e1e2f,19010000,Taxi and ride-hailing,Income:Investment:XP:Rendimento,-108.9,BRL
134,0,2025-07-14,*,,RENDIMENTOS DE CLIENTES HGLG11 S/             99,,,pluggy-e5691565-3637-49a2-994e-d92964b33c65,pluggy,ffd6004e-1066-4c1c-9ece-826c45ffda7d,19010000,Taxi and ride-hailing,Assets:Investment:XP:Cash,108.9,BRL
134,1,2025-07-14,*,,RENDIMENTOS DE CLIENTES HGLG11 S/             99,,,pluggy-e5691565-3637-49a2-994e-d92964b33c65,pluggy,ffd6004e-1066-4c1c-9ece-826c45ffda7d,19010000,Taxi and ride-hailing,Income:Investment:XP:Rendimento,-108.9,BRL
135,0,2025-07-14,*,,RENDIMENTOS DE CLIENTES MALL11 S/            153,,,pluggy-47b96971-7c9b-48e8-8395-88d5dcf64e7e,pluggy,e4d40b2d-f720-4570-8fb6-89c9a12e1e2f,03060000,Proceeds interests and dividends,Assets:Investment:XP:Cash,131.58,BRL
135,1,2025-07-14,*,,RENDIMENTOS DE CLIENTES MALL11 S/            153,,,pluggy-47b96971-7c9b-48e8-8395-88d5dcf64e7e,pluggy,e4d40b2d-f720-4570-8fb6-89c9a12e1e2f,03060000,Proceeds interests and dividends,Income:Investment:XP:Rendimento,-131.58,BRL
136,0,2025-07-14,*,,RENDIMENTOS DE CLIENTES MALL11 S/            153,,,pluggy-8b2efbba-1946-4bb3-b16e-63f5b55cfe44,pluggy,ffd6004e-1066-4c1c-9ece-826c45ffda7d,03060000,Proceeds interests and dividends,Assets:Investment:XP:Cash,131.58,BRL
136,1,2025-07-14,*,,RENDIMENTOS DE CLIENTES MALL11 S/            153,,,pluggy-8b2efbba-1946-4bb3-b16e-63f5b55cfe44,pluggy,ffd6004e-1066-4c1c-9ece-826c45ffda7d,03060000,Proceeds interests and dividends,Income:Investment:XP:Rendimento,-131.58,BRL
137,0,2025-07-14,*,,RENDIMENTOS DE CLIENTES HGRU11 S/            129,,,pluggy-0f54554e-a79a-4364-8748-0e3c8ec1fb19,pluggy,ffd6004e-1066-4c1c-9ece-826c45ffda7d,03060000,Proceeds interests and dividends,Assets:Investment:XP:Cash,199.95,BRL
137,1,2025-07-14,*,,RENDIMENTOS DE CLIENTES HGRU11 S/            129,,,pluggy-0f54554e-a79a-4364-8748-0e3c8ec1fb19,pluggy,ffd6004e-1066-4c1c-9ece-826c45ffda7d,03060000,Proceeds interests and dividends,Income:Investment:XP:Rendimento,-199.95,BRL
138,0,2025-07-14,*,,PIX - ENVIADO   13/07 23:43 Ebanx,,,pluggy-fd011a14-a664-4fe3-87c0-050c50113c9b,pluggy,25eb5f6d-2529-4377-8de5-e38160459cff,05070000,Transfer - PIX,Assets:Investment:BB:Cash,-40.05,BRL
138,1,2025-07-14,*,,PIX - ENVIADO   13/07 23:43 Ebanx,,,pluggy-fd011a14-a664-4fe3-87c0-050c50113c9b,pluggy,25eb5f6d-2529-4377-8de5-e38160459cff,05070000,Transfer - PIX,Expenses:Geral,40.05,BRL
139,0,2025-07-14,*,,DROGARIA VENANCIO      RIO DE JANEIR BR,,,pluggy-dc1c9ec4-85cf-4639-b0d7-a4f6cc72db69,pluggy,987decad-afee-4c0e-950e-85c3006a4b2e,18020000,Pharmacy,Liabilities:Credit:BB:Card:PlatinumVisa,-50.74,BRL
139,1,2025-07-14,*,,DROGARIA VENANCIO      RIO DE JANEIR BR,,,pluggy-dc1c9ec4-85cf-4639-b0d7-a4f6cc72db69,pluggy,987decad-afee-4c0e-950e-85c3006a4b2e,18020000,Pharmacy,Expenses:Saude:Farmacia,50.74,BRL
140,0,2025-07-14,*,,DROGARIA VEN*Loja      RIO DE JANEIR BR,,,pluggy-6d05051d-1dac-4836-a471-ea73c2679f5c,pluggy,987decad-afee-4c0e-950e-85c3006a4b2e,18020000,Pharmacy,Liabilities:Credit:BB:Card:PlatinumVisa,-89.75,BRL
140,1,2025-07-14,*,,DROGARIA VEN*Loja      RIO DE JANEIR BR,,,pluggy-6d05051d-1dac-4836-a471-ea73c2679f5c,pluggy,987decad-afee-4c0e-950e-85c3006a4b2e,18020000,Pharmacy,Expenses:Saude:Farmacia,89.75,BRL
141,0,2025-07-14,*,,UBER * PENDING         SAO PAULO     BR,,,pluggy-0e06c115-06b0-4fde-8869-7d78f4eaacbf,pluggy,987decad-afee-4c0e-950e-85c3006a4b2e,19010000,Taxi and ride-hailing,Liabilities:Credit:BB:Card:PlatinumVisa,-34.35,BRL
141,1,2025-07-14,*,,UBER * PENDING         SAO PAULO     BR,,,pluggy-0e06c115-06b0-4fde-8869-7d78f4eaacbf,pluggy,987decad-afee-4c0e-950e-85c3006a4b2e,19010000,Taxi and ride-hailing,Expenses:Transporte:Uber,34.35,BRL
142,0,2025-07-14,*,,TRINTA                 RIO DE JANEIR BR,,,pluggy-00691f4d-a212-4166-b70b-0b4fc873dbe5,pluggy,987decad-afee-4c0e-950e-85c3006a4b2e,08040000,Clothing,Liabilities:Credit:BB:Card:PlatinumVisa,-17,BRL
142,1,2025-07-14,*,,TRINTA                 RIO DE JANEIR BR,,,pluggy-00691f4d-a212-4166-b70b-0b4fc873dbe5,pluggy,987decad-afee-4c0e-950e-85c3006a4b2e,08040000,Clothing,Expenses:Geral,17,BRL
143,0,2025-07-15,*,,SUPERMERCADO ULTRA 11  RIO DE JANEIR BR,,,pluggy-9f772fb5-d047-4b14-a6d1-f260617a28d0,pluggy,987decad-afee-4c0e-950e-85c3006a4b2e,10000000,Groceries,Liabilities:Credit:BB:Card:PlatinumVisa,-129.98,BRL
143,1,2025-07-15,*,,SUPERMERCADO ULTRA 11  RIO DE JANEIR BR,,,pluggy-9f772fb5-d047-4b14-a6d1-f260617a28d0,pluggy,987decad-afee-4c0e-950e-85c3006a4b2e,10000000,Groceries,Expenses:Alimentação:Mercado,129.98,BRL
144,0,2025-07-16,*,,RENDIMENTOS DE CLIENTES IRDM11 S/            187,,,pluggy-b5a05a77-2ec4-4118-ac4b-a86fbb0b7a27,pluggy,e4d40b2d-f720-4570-8fb6-89c9a12e1e2f,03060000,Proceeds interests and dividends,Assets:Investment:XP:Cash,157.08,BRL
144,1,2025-07-16,*,,RENDIMENTOS DE CLIENTES IRDM11 S/            187,,,pluggy-b5a05a77-2ec4-4118-ac4b-a86fbb0b7a27,pluggy,e4d40b2d-f720-4570-8fb6-89c9a12e1e2f,03060000,Proceeds interests and dividends,Income:Investment:XP:Rendimento,-157.08,BRL
145,0,2025-07-16,*,,RENDIMENTOS DE CLIENTES IRDM11 S/            187,,,pluggy-9c18e08a-3dd6-4ce4-9e05-1774ad5d6664,pluggy,ffd6004e-1066-4c1c-9ece-826c45ffda7d,03060000,Proceeds interests and dividends,Assets:Investment:XP:Cash,157.08,BRL
145,1,2025-07-16,*,,RENDIMENTOS DE CLIENTES IRDM11 S/            187,,,pluggy-9c18e08a-3dd6-4ce4-9e05-1774ad5d6664,pluggy,ffd6004e-1066-4c1c-9ece-826c45ffda7d,03060000,Proceeds interests and dividends,Income:Investment:XP:Rendimento,-157.08,BRL
146,0,2025-07-16,*,,PAO E ETC PRAIA ICARAI NITEROI       BR,,,pluggy-fd119ab5-d138-4a65-981a-b208de897723,pluggy,987decad-afee-4c0e-950e-85c3006a4b2e,10000000,Groceries,Liabilities:Credit:BB:Card:PlatinumVisa,-37.82,BRL
146,1,2025-07-16,*,,PAO E ETC PRAIA ICARAI NITEROI       BR,,,pluggy-fd119ab5-d138-4a65-981a-b208de897723,pluggy,987decad-afee-4c0e-950e-85c3006a4b2e,10000000,Groceries,Expenses:Alimentação:Restaurante,37.82,BRL
147,0,2025-07-16,*,,UBER * PENDING         SAO PAULO     BR,,,pluggy-9dc4c2d5-5d75-4ff9-88fd-84de419cdeca,pluggy,987decad-afee-4c0e-950e-85c3006a4b2e,19010000,Taxi and ride-hailing,Liabilities:Credit:BB:Card:PlatinumVisa,-48.91,BRL
147,1,2025-07-16,*,,UBER * PENDING         SAO PAULO     BR,,,pluggy-9dc4c2d5-5d75-4ff9-88fd-84de419cdeca,pluggy,987decad-afee-4c0e-950e-85c3006a4b2e,19010000,Taxi and ride-hailing,Expenses:Transporte:Uber,48.91,BRL
148,0,2025-07-16,*,,CASA SENHORA DO CARMO  NITEROI       BR,,,pluggy-65e945b7-50a6-47a7-b72c-03c9db24ac2b,pluggy,987decad-afee-4c0e-950e-85c3006a4b2e,13000000,Donations,Liabilities:Credit:BB:Card:PlatinumVisa,-41,BRL
148,1,2025-07-16,*,,CASA SENHORA DO CARMO  NITEROI       BR,,,pluggy-65e945b7-50a6-47a7-b72c-03c9db24ac2b,pluggy,987decad-afee-4c0e-950e-85c3006a4b2e,13000000,Donations,Expenses:Geral,41,BRL
149,0,2025-07-17,*,,RENDIMENTOS DE CLIENTES MCCI11 S/            188,,,pluggy-0351fe8d-8ac3-4921-8552-3ff681e163ba,pluggy,e4d40b2d-f720-4570-8fb6-89c9a12e1e2f,03060000,Proceeds interests and dividends,Assets:Investment:XP:Cash,169.2,BRL
149,1,2025-07-17,*,,RENDIMENTOS DE CLIENTES MCCI11 S/            188,,,pluggy-0351fe8d-8ac3-4921-8552-3ff681e163ba,pluggy,e4d40b2d-f720-4570-8fb6-89c9a12e1e2f,03060000,Proceeds interests and dividends,Income:Investment:XP:Rendimento,-169.2,BRL
150,0,2025-07-17,*,,RENDIMENTOS DE CLIENTES MCCI11 S/            188,,,pluggy-e620fe90-d96b-4738-bf30-a725e3934ebb,pluggy,ffd6004e-1066-4c1c-9ece-826c45ffda7d,03060000,Proceeds interests and dividends,Assets:Investment:XP:Cash,169.2,BRL
150,1,2025-07-17,*,,RENDIMENTOS DE CLIENTES MCCI11 S/            188,,,pluggy-e620fe90-d96b-4738-bf30-a725e3934ebb,pluggy,ffd6004e-1066-4c1c-9ece-826c45ffda7d,03060000,Proceeds interests and dividends,Income:Investment:XP:Rendimento,-169.2,BRL
151,0,2025-07-17,*,,UBER* TRIP             WWW.UBER.COM. BR,,,pluggy-f46745a5-b7a6-438b-a8db-c0e5543d569e,pluggy,987decad-afee-4c0e-950e-85c3006a4b2e,19010000,Taxi and ride-hailing,Liabilities:Credit:BB:Card:PlatinumVisa,-16.07,BRL
151,1,2025-07-17,*,,UBER* TRIP             WWW.UBER.COM. BR,,,pluggy-f46745a5-b7a6-438b-a8db-c0e5543d569e,pluggy,987decad-afee-4c0e-950e-85c3006a4b2e,19010000,Taxi and ride-hailing,Expenses:Transporte:Uber,16.07,BRL
152,0,2025-07-17,*,,Google One             SAO PAULO     BR,,,pluggy-a50b3ca6-eeea-4144-b012-5b0f450eea3c,pluggy,987decad-afee-4c0e-950e-85c3006a4b2e,07010001,Internet,Liabilities:Credit:BB:Card:PlatinumVisa,-9.99,BRL
152,1,2025-07-17,*,,Google One             SAO PAULO     BR,,,pluggy-a50b3ca6-eeea-4144-b012-5b0f450eea3c,pluggy,987decad-afee-4c0e-950e-85c3006a4b2e,07010001,Internet,Expenses:Mensalidades:Outras,9.99,BRL
153,0,2025-07-17,*,,METRO RJ               RIO DE JANEIR BR,,,pluggy-8d928864-88ba-4f06-9bc9-8d4971eafd62,pluggy,987decad-afee-4c0e-950e-85c3006a4b2e,19020000,Public transportation,Liabilities:Credit:BB:Card:PlatinumVisa,-7.9,BRL
153,1,2025-07-17,*,,METRO RJ               RIO DE JANEIR BR,,,pluggy-8d928864-88ba-4f06-9bc9-8d4971eafd62,pluggy,987decad-afee-4c0e-950e-85c3006a4b2e,19020000,Public transportation,Expenses:Transporte:TransportePublico,7.9,BRL
154,0,2025-07-17,*,,PELO ZERO DEPILACAO    RIO DE JANEIR BR,,,pluggy-41187d54-7a4e-488e-92e0-64c8b6da04ff,pluggy,987decad-afee-4c0e-950e-85c3006a4b2e,18000000,Healthcare,Liabilities:Credit:BB:Card:PlatinumVisa,-134,BRL
154,1,2025-07-17,*,,PELO ZERO DEPILACAO    RIO DE JANEIR BR,,,pluggy-41187d54-7a4e-488e-92e0-64c8b6da04ff,pluggy,987decad-afee-4c0e-950e-85c3006a4b2e,18000000,Healthcare,Expenses:Pessoal:Beleza,134,BRL
155,0,2025-07-18,*,,LABS A FLAMENGO        RIO DE JANEIR BR,,,pluggy-db081497-05b9-4dbc-af82-5e0dbf5115ab,pluggy,987decad-afee-4c0e-950e-85c3006a4b2e,18000000,Healthcare,Liabilities:Credit:BB:Card:PlatinumVisa,-443,BRL
155,1,2025-07-18,*,,LABS A FLAMENGO        RIO DE JANEIR BR,,,pluggy-db081497-05b9-4dbc-af82-5e0dbf5115ab,pluggy,987decad-afee-4c0e-950e-85c3006a4b2e,18000000,Healthcare,Expenses:Saude:Exames,443,BRL
156,0,2025-07-19,*,,PIX - ENVIADO   18/07 23:04 Ebanx,,,pluggy-9d9276b2-ebd6-4cd7-8982-a03163a47bae,pluggy,25eb5f6d-2529-4377-8de5-e38160459cff,05070000,Transfer - PIX,Assets:Investment:BB:Cash,-41.3,BRL
156,1,2025-07-19,*,,PIX - ENVIADO   18/07 23:04 Ebanx,,,pluggy-9d9276b2-ebd6-4cd7-8982-a03163a47bae,pluggy,25eb5f6d-2529-4377-8de5-e38160459cff,05070000,Transfer - PIX,Expenses:Geral,41.3,BRL
157,0,2025-07-21,*,,MARIA AUXILIADORA LESS MACUCO        BR,,,pluggy-1e300464-1e1f-44e3-8f00-c4ed2f102f69,pluggy,987decad-afee-4c0e-950e-85c3006a4b2e,08080000,Office supplies,Liabilities:Credit:BB:Card:PlatinumVisa,-75.8,BRL
157,1,2025-07-21,*,,MARIA AUXILIADORA LESS MACUCO        BR,,,pluggy-1e300464-1e1f-44e3-8f00-c4ed2f102f69,pluggy,987decad-afee-4c0e-950e-85c3006a4b2e,08080000,Office supplies,Expenses:Geral,75.8,BRL
158,0,2025-07-24,*,,REAJ.MON. BC,,,pluggy-d53c36f4-a7b4-47ba-9aae-558e2d6f5623,pluggy,3d0492b4-0d84-49c0-9945-e3e9adc34d51,06010000,Blocked balances,Assets:Investment:BB:Savings,14.01,BRL
158,1,2025-07-24,*,,REAJ.MON. BC,,,pluggy-d53c36f4-a7b4-47ba-9aae-558e2d6f5623,pluggy,3d0492b4-0d84-49c0-9945-e3e9adc34d51,06010000,Blocked balances,Income:Investment:Interest,-14.01,BRL
159,0,2025-07-24,*,,JUROS,,,pluggy-b3162fa8-705d-4544-a8ea-cf2c0435f950,pluggy,3d0492b4-0d84-49c0-9945-e3e9adc34d51,02020000,Interests charged,Assets:Investment:BB:Savings,40.34,BRL
159,1,2025-07-24,*,,JUROS,,,pluggy-b3162fa8-705d-4544-a8ea-cf2c0435f950,pluggy,3d0492b4-0d84-49c0-9945-e3e9adc34d51,02020000,Interests charged,Income:Investment:Interest,-40.34,BRL
160,0,2025-07-24,*,,PG TEC CONCURSOS TECC   551197024883 BR,,,pluggy-a31f1674-4676-4295-a85e-01011a8decd3,pluggy,75f30132-31a8-4b54-9be0-648009b118db,07020003,School,Liabilities:Credit:BB:Card:EloGrafite,-39.9,BRL
160,1,2025-07-24,*,,PG TEC CONCURSOS TECC   551197024883 BR,,,pluggy-a31f1674-4676-4295-a85e-01011a8decd3,pluggy,75f30132-31a8-4b54-9be0-648009b118db,07020003,School,Expenses:Educacao:Curso,39.9,BRL
161,0,2025-07-25,*,,REAJ.MON. BC,,,pluggy-87ab6066-17cb-4dae-b38b-02ec8111209a,pluggy,3d0492b4-0d84-49c0-9945-e3e9adc34d51,06010000,Blocked balances,Assets:Investment:BB:Savings,7,BRL
161,1,2025-07-25,*,,REAJ.MON. BC,,,pluggy-87ab6066-17cb-4dae-b38b-02ec8111209a,pluggy,3d0492b4-0d84-49c0-9945-e3e9adc34d51,06010000,Blocked balances,Income:Investment:Interest,-7,BRL
162,0,2025-07-25,*,,JUROS,,,pluggy-2470902e-5fac-4010-86b7-e7f64e15b500,pluggy,3d0492b4-0d84-49c0-9945-e3e9adc34d51,02020000,Interests charged,Assets:Investment:BB:Savings,20.17,BRL
162,1,2025-07-25,*,,JUROS,,,pluggy-2470902e-5fac-4010-86b7-e7f64e15b500,pluggy,3d0492b4-0d84-49c0-9945-e3e9adc34d51,02020000,Interests charged,Income:Investment:Interest,-20.17,BRL
163,0,2025-07-25,*,,PLANEJADA,,,pluggy-ac04f423-c97e-4153-8afd-c3f1f1e0588e,pluggy,3d0492b4-0d84-49c0-9945-e3e9adc34d51,03000000,Investments,Assets:Investment:BB:Savings,2000,BRL
163,1,2025-07-25,*,,PLANEJADA,,,pluggy-ac04f423-c97e-4153-8afd-c3f1f1e0588e,pluggy,3d0492b4-0d84-49c0-9945-e3e9adc34d51,03000000,Investments,Assets:Investment:BB:Cash,-2000,BRL
164,0,2025-07-25,*,,PLANEJADA,,,pluggy-5605d781-b174-420c-a40b-739cf88f764b,pluggy,3d0492b4-0d84-49c0-9945-e3e9adc34d51,03000000,Investments,Assets:Investment:BB:Savings,2000,BRL
164,1,2025-07-25,*,,PLANEJADA,,,pluggy-5605d781-b174-420c-a40b-739cf88f764b,pluggy,3d0492b4-0d84-49c0-9945-e3e9adc34d51,03000000,Investments,Assets:Investment:BB:Cash,-2000,BRL
165,0,2025-07-25,*,,TRANSF ENVIADA  15/11 GABRIEL BARROS RODRIGUES,,,pluggy-fbfbe0d3-b026-476d-8e1b-79c24375da20,pluggy,25eb5f6d-2529-4377-8de5-e38160459cff,04000000,Same person transfer,Assets:Investment:BB:Cash,-2000,BRL
165,1,2025-07-25,*,,TRANSF ENVIADA  15/11 GABRIEL BARROS RODRIGUES,,,pluggy-fbfbe0d3-b026-476d-8e1b-79c24375da20,pluggy,25eb5f6d-2529-4377-8de5-e38160459cff,04000000,Same person transfer,Assets:Investment:BB:Savings,2000,BRL
166,0,2025-07-25,*,,TRANSF ENVIADA  15/11 GABRIEL BARROS RODRIGUES,,,pluggy-53d13889-6117-4381-b70b-aea069f1af70,pluggy,25eb5f6d-2529-4377-8de5-e38160459cff,04000000,Same person transfer,Assets:Investment:BB:Cash,-2000,BRL
166,1,2025-07-25,*,,TRANSF ENVIADA  15/11 GABRIEL BARROS RODRIGUES,,,pluggy-53d13889-6117-4381-b70b-aea069f1af70,pluggy,25eb5f6d-2529-4377-8de5-e38160459cff,04000000,Same person transfer,Assets:Investment:BB:Savings,2000,BRL
167,0,2025-07-25,*,,PROVENTOS       33.000.167/0001-01 PETROLEO BRASILEIRO,,,pluggy-c877313a-48b2-455a-8f67-9b763a785024,pluggy,25eb5f6d-2529-4377-8de5-e38160459cff,03060000,Proceeds interests and dividends,Assets:Investment:BB:Cash,3161.79,BRL
167,1,2025-07-25,*,,PROVENTOS       33.000.167/0001-01 PETROLEO BRASILEIRO,,,pluggy-c877313a-48b2-455a-8f67-9b763a785024,pluggy,25eb5f6d-2529-4377-8de5-e38160459cff,03060000,Proceeds interests and dividends,Income:Salario,-3161.79,BRL
168,0,2025-07-25,*,,FabioVieira            MACUCO        BR,,,pluggy-f7b9fd38-0423-4024-91cd-8c5055cd1f54,pluggy,987decad-afee-4c0e-950e-85c3006a4b2e,11010000,Eating out,Liabilities:Credit:BB:Card:PlatinumVisa,-14,BRL
168,1,2025-07-25,*,,FabioVieira            MACUCO        BR,,,pluggy-f7b9fd38-0423-4024-91cd-8c5055cd1f54,pluggy,987decad-afee-4c0e-950e-85c3006a4b2e,11010000,Eating out,Expenses:Alimentação:Restaurante,14,BRL
169,0,2025-07-25,*,,SOL E NEVE             Macuco        BR,,,pluggy-9dcf99aa-131d-4762-b322-adac85ee3b66,pluggy,987decad-afee-4c0e-950e-85c3006a4b2e,11010000,Eating out,Liabilities:Credit:BB:Card:PlatinumVisa,-15.17,BRL
169,1,2025-07-25,*,,SOL E NEVE             Macuco        BR,,,pluggy-9dcf99aa-131d-4762-b322-adac85ee3b66,pluggy,987decad-afee-4c0e-950e-85c3006a4b2e,11010000,Eating out,Expenses:Alimentação:Restaurante,15.17,BRL
170,0,2025-07-26,*,,PIX - ENVIADO   26/07 11:31 Ana Carolina De Abreu Esco,,,pluggy-0dd782f8-bedd-47bb-bd67-775cdd480a77,pluggy,25eb5f6d-2529-4377-8de5-e38160459cff,05070000,Transfer - PIX,Assets:Investment:BB:Cash,-244,BRL
170,1,2025-07-26,*,,PIX - ENVIADO   26/07 11:31 Ana Carolina De Abreu Esco,,,pluggy-0dd782f8-bedd-47bb-bd67-775cdd480a77,pluggy,25eb5f6d-2529-4377-8de5-e38160459cff,05070000,Transfer - PIX,Expenses:Geral:Caol,244,BRL
171,0,2025-07-27,*,,PIX - ENVIADO   27/07 20:08 Livepix,,,pluggy-e64c20fc-757d-4ba1-9256-b924f433194c,pluggy,25eb5f6d-2529-4377-8de5-e38160459cff,05070000,Transfer - PIX,Assets:Investment:BB:Cash,-100,BRL
171,1,2025-07-27,*,,PIX - ENVIADO   27/07 20:08 Livepix,,,pluggy-e64c20fc-757d-4ba1-9256-b924f433194c,pluggy,25eb5f6d-2529-4377-8de5-e38160459cff,05070000,Transfer - PIX,Expenses:Geral,100,BRL
172,0,2025-07-27,*,,PIX OFB ENVIO   26/07 23:06 TIM,,,pluggy-2fdfe5f0-e6ef-4fff-af41-669b5f1aee8b,pluggy,25eb5f6d-2529-4377-8de5-e38160459cff,07010000,Telecommunications,Assets:Investment:BB:Cash,-113.32,BRL
172,1,2025-07-27,*,,PIX OFB ENVIO   26/07 23:06 TIM,,,pluggy-2fdfe5f0-e6ef-4fff-af41-669b5f1aee8b,pluggy,25eb5f6d-2529-4377-8de5-e38160459cff,07010000,Telecommunications,Expenses:Comunicacao:Telefone,113.32,BRL
173,0,2025-07-27,*,,FabioVieira            MACUCO        BR,,,pluggy-50b4cd1a-0b46-41d5-87b3-61354d46c5ba,pluggy,987decad-afee-4c0e-950e-85c3006a4b2e,11010000,Eating out,Liabilities:Credit:BB:Card:PlatinumVisa,-13,BRL
173,1,2025-07-27,*,,FabioVieira            MACUCO        BR,,,pluggy-50b4cd1a-0b46-41d5-87b3-61354d46c5ba,pluggy,987decad-afee-4c0e-950e-85c3006a4b2e,11010000,Eating out,Expenses:Alimentação:Restaurante,13,BRL
174,0,2025-07-27,*,,SOL E NEVE             Macuco        BR,,,pluggy-2ae63b41-cafb-433b-bdab-7e2f6d276a17,pluggy,987decad-afee-4c0e-950e-85c3006a4b2e,11010000,Eating out,Liabilities:Credit:BB:Card:PlatinumVisa,-15.78,BRL
174,1,2025-07-27,*,,SOL E NEVE             Macuco        BR,,,pluggy-2ae63b41-cafb-433b-bdab-7e2f6d276a17,pluggy,987decad-afee-4c0e-950e-85c3006a4b2e,11010000,Eating out,Expenses:Alimentação:Restaurante,15.78,BRL
175,0,2025-07-27,*,,Google Disney Mobile   SAO PAULO     BR,,,pluggy-0c4edd56-4045-4f3c-8be6-e13679824a2f,pluggy,987decad-afee-4c0e-950e-85c3006a4b2e,09000000,Digital services,Liabilities:Credit:BB:Card:PlatinumVisa,-43.9,BRL
175,1,2025-07-27,*,,Google Disney Mobile   SAO PAULO     BR,,,pluggy-0c4edd56-4045-4f3c-8be6-e13679824a2f,pluggy,987decad-afee-4c0e-950e-85c3006a4b2e,09000000,Digital services,Expenses:Lazer:Streaming,43.9,BRL
176,0,2025-07-28,*,,DROGARIAS SERRANA      MACUCO        BR,,,pluggy-f8c3e905-3c15-4ba9-b91f-4661162f3d64,pluggy,987decad-afee-4c0e-950e-85c3006a4b2e,18020000,Pharmacy,Liabilities:Credit:BB:Card:PlatinumVisa,-43.9,BRL
176,1,2025-07-28,*,,DROGARIAS SERRANA      MACUCO        BR,,,pluggy-f8c3e905-3c15-4ba9-b91f-4661162f3d64,pluggy,987decad-afee-4c0e-950e-85c3006a4b2e,18020000,Pharmacy,Expenses:Saude:Farmacia,43.9,BRL
177,0,2025-07-28,*,,PADARIA MARAVILHA MACUCMACUCO        BR,,,pluggy-bb5af1ef-922e-400f-b673-19aa1897e9ed,pluggy,987decad-afee-4c0e-950e-85c3006a4b2e,07000000,Services,Liabilities:Credit:BB:Card:PlatinumVisa,-14.98,BRL
177,1,2025-07-28,*,,PADARIA MARAVILHA MACUCMACUCO        BR,,,pluggy-bb5af1ef-922e-400f-b673-19aa1897e9ed,pluggy,987decad-afee-4c0e-950e-85c3006a4b2e,07000000,Services,Expenses:Alimentação:Restaurante,14.98,BRL
178,0,2025-07-28,*,,Wellhub Gympass BR GympSao Paulo     BR,,,pluggy-08cf23a4-af05-4da5-a8a3-fe6c7cf0164a,pluggy,987decad-afee-4c0e-950e-85c3006a4b2e,07030001,Gyms and fitness centers,Liabilities:Credit:BB:Card:PlatinumVisa,-75.9,BRL
178,1,2025-07-28,*,,Wellhub Gympass BR GympSao Paulo     BR,,,pluggy-08cf23a4-af05-4da5-a8a3-fe6c7cf0164a,pluggy,987decad-afee-4c0e-950e-85c3006a4b2e,07030001,Gyms and fitness centers,Expenses:Saude:Academia,75.9,BRL
179,0,2025-07-29,*,,ANUIDADE DIFERENCIADA ADC-PARC 09/12 BR,,,pluggy-ddf77898-5036-4686-a4f6-d5e48ed2e326,pluggy,987decad-afee-4c0e-950e-85c3006a4b2e,16030000,Credit card fees,Liabilities:Credit:BB:Card:PlatinumVisa,-22.75,BRL
179,1,2025-07-29,*,,ANUIDADE DIFERENCIADA ADC-PARC 09/12 BR,,,pluggy-ddf77898-5036-4686-a4f6-d5e48ed2e326,pluggy,987decad-afee-4c0e-950e-85c3006a4b2e,16030000,Credit card fees,Expenses:Taxas:Banco,22.75,BRL
180,0,2025-07-29,*,,SUPERMERCADO ULTRA 11  RIO DE JANEIR BR,,,pluggy-d429de20-f790-47ca-ac09-caa02637ecd2,pluggy,987decad-afee-4c0e-950e-85c3006a4b2e,10000000,Groceries,Liabilities:Credit:BB:Card:PlatinumVisa,-24.76,BRL
180,1,2025-07-29,*,,SUPERMERCADO ULTRA 11  RIO DE JANEIR BR,,,pluggy-d429de20-f790-47ca-ac09-caa02637ecd2,pluggy,987decad-afee-4c0e-950e-85c3006a4b2e,10000000,Groceries,Expenses:Alimentação:Mercado,24.76,BRL
181,0,2025-07-29,*,,OKPET                  RIO DE JANEIR BR,,,pluggy-8e1985e5-bd0f-4d55-9164-b3b821b853bf,pluggy,987decad-afee-4c0e-950e-85c3006a4b2e,18020000,Pharmacy,Liabilities:Credit:BB:Card:PlatinumVisa,-35,BRL
181,1,2025-07-29,*,,OKPET                  RIO DE JANEIR BR,,,pluggy-8e1985e5-bd0f-4d55-9164-b3b821b853bf,pluggy,987decad-afee-4c0e-950e-85c3006a4b2e,18020000,Pharmacy,Expenses:Pet:Petshop,35,BRL
182,0,2025-07-29,*,,DESC AUTOMATICO ANUID ADC-PARC 09/12 BR,,,pluggy-0316ef95-99a0-4ef9-b769-45d0b86e6064,pluggy,987decad-afee-4c0e-950e-85c3006a4b2e,16030000,Credit card fees,Liabilities:Credit:BB:Card:PlatinumVisa,22.75,BRL
182,1,2025-07-29,*,,DESC AUTOMATICO ANUID ADC-PARC 09/12 BR,,,pluggy-0316ef95-99a0-4ef9-b769-45d0b86e6064,pluggy,987decad-afee-4c0e-950e-85c3006a4b2e,16030000,Credit card fees,Expenses:Taxas:Banco,-22.75,BRL
183,0,2025-07-30,*,,UBER* TRIP             WWW.UBER.COM. BR,,,pluggy-d5e9e4fb-0df3-48fc-9a2e-9af3ae31374e,pluggy,987decad-afee-4c0e-950e-85c3006a4b2e,19010000,Taxi and ride-hailing,Liabilities:Credit:BB:Card:PlatinumVisa,-14.09,BRL
183,1,2025-07-30,*,,UBER* TRIP             WWW.UBER.COM. BR,,,pluggy-d5e9e4fb-0df3-48fc-9a2e-9af3ae31374e,pluggy,987decad-afee-4c0e-950e-85c3006a4b2e,19010000,Taxi and ride-hailing,Expenses:Transporte:Uber,14.09,BRL
184,0,2025-07-30,*,,Drogarias Pacheco S.A. Rio d Janeiro BR,,,pluggy-a549cf0e-1c7b-4764-bf2f-8500dc67ecee,pluggy,987decad-afee-4c0e-950e-85c3006a4b2e,18020000,Pharmacy,Liabilities:Credit:BB:Card:PlatinumVisa,-37.27,BRL
184,1,2025-07-30,*,,Drogarias Pacheco S.A. Rio d Janeiro BR,,,pluggy-a549cf0e-1c7b-4764-bf2f-8500dc67ecee,pluggy,987decad-afee-4c0e-950e-85c3006a4b2e,18020000,Pharmacy,Expenses:Saude:Farmacia,37.27,BRL
185,0,2025-07-30,*,,UBER* TRIP             WWW.UBER.COM. BR,,,pluggy-78e92273-3046-4a55-af6d-d5e7dffde33a,pluggy,987decad-afee-4c0e-950e-85c3006a4b2e,19010000,Taxi and ride-hailing,Liabilities:Credit:BB:Card:PlatinumVisa,-7.92,BRL
185,1,2025-07-30,*,,UBER* TRIP             WWW.UBER.COM. BR,,,pluggy-78e92273-3046-4a55-af6d-d5e7dffde33a,pluggy,987decad-afee-4c0e-950e-85c3006a4b2e,19010000,Taxi and ride-hailing,Expenses:Transporte:Uber,7.92,BRL
186,0,2025-08-01,*,,JUROS S/ CAPITAL DE CLIENTES ITUB3 S/            220,,,pluggy-69ea3928-f086-4775-b956-4183c4521841,pluggy,e4d40b2d-f720-4570-8fb6-89c9a12e1e2f,02020000,Interests charged,Assets:Investment:XP:Cash,3.3,BRL
186,1,2025-08-01,*,,JUROS S/ CAPITAL DE CLIENTES ITUB3 S/            220,,,pluggy-69ea3928-f086-4775-b956-4183c4521841,pluggy,e4d40b2d-f720-4570-8fb6-89c9a12e1e2f,02020000,Interests charged,Income:Investment:XP:JCP,-3.3,BRL
187,0,2025-08-01,*,,JUROS S/ CAPITAL DE CLIENTES ITUB3 S/            220,,,pluggy-ab207950-73e4-4f40-91a7-568e17728029,pluggy,ffd6004e-1066-4c1c-9ece-826c45ffda7d,02020000,Interests charged,Assets:Investment:XP:Cash,3.3,BRL
187,1,2025-08-01,*,,JUROS S/ CAPITAL DE CLIENTES ITUB3 S/            220,,,pluggy-ab207950-73e4-4f40-91a7-568e17728029,pluggy,ffd6004e-1066-4c1c-9ece-826c45ffda7d,02020000,Interests charged,Income:Investment:XP:JCP,-3.3,BRL
188,0,2025-08-01,*,,RECEB FORNEC    39.427.632/0001-71 ASSOCIACAO PETROBRA,,,pluggy-5668238f-3254-4ef1-9e06-9ad8ea6230cf,pluggy,25eb5f6d-2529-4377-8de5-e38160459cff,01000000,Income,Assets:Investment:BB:Cash,244,BRL
188,1,2025-08-01,*,,RECEB FORNEC    39.427.632/0001-71 ASSOCIACAO PETROBRA,,,pluggy-5668238f-3254-4ef1-9e06-9ad8ea6230cf,pluggy,25eb5f6d-2529-4377-8de5-e38160459cff,01000000,Income,Income:Reembolso,-244,BRL
189,0,2025-08-01,*,,RESTIT. IRPF,,,pluggy-d6698685-35f6-4c89-845e-7146c509382b,pluggy,25eb5f6d-2529-4377-8de5-e38160459cff,15010000,Income taxes,Assets:Investment:BB:Cash,560.19,BRL
189,1,2025-08-01,*,,RESTIT. IRPF,,,pluggy-d6698685-35f6-4c89-845e-7146c509382b,pluggy,25eb5f6d-2529-4377-8de5-e38160459cff,15010000,Income taxes,Expenses:Taxas:Imposto,-560.19,BRL
190,0,2025-08-01,*,,GRUPO ANTONIO DE EVENT RIO DE JANEIR BR,,,pluggy-072bea4f-680b-4e65-a22e-e116e3fbc868,pluggy,987decad-afee-4c0e-950e-85c3006a4b2e,10000000,Groceries,Liabilities:Credit:BB:Card:PlatinumVisa,-31,BRL
190,1,2025-08-01,*,,GRUPO ANTONIO DE EVENT RIO DE JANEIR BR,,,pluggy-072bea4f-680b-4e65-a22e-e116e3fbc868,pluggy,987decad-afee-4c0e-950e-85c3006a4b2e,10000000,Groceries,Expenses:Alimentação:Restaurante,31,BRL
191,0,2025-08-02,*,,SUPERMERCADO ULTRA 11  RIO DE JANEIR BR,,,pluggy-ed3da3cf-4df7-44c2-9b64-6ba1f62f19cb,pluggy,987decad-afee-4c0e-950e-85c3006a4b2e,10000000,Groceries,Liabilities:Credit:BB:Card:PlatinumVisa,-108.02,BRL
191,1,2025-08-02,*,,SUPERMERCADO ULTRA 11  RIO DE JANEIR BR,,,pluggy-ed3da3cf-4df7-44c2-9b64-6ba1f62f19cb,pluggy,987decad-afee-4c0e-950e-85c3006a4b2e,10000000,Groceries,Expenses:Alimentação:Mercado,108.02,BRL
192,0,2025-08-02,*,,DE ROSE CAFE           RIO DE JANEIR BR,,,pluggy-d9fc2e04-fe13-41e6-bbac-e56da6c6bcee,pluggy,987decad-afee-4c0e-950e-85c3006a4b2e,11010000,Eating out,Liabilities:Credit:BB:Card:PlatinumVisa,-7.7,BRL
192,1,2025-08-02,*,,DE ROSE CAFE           RIO DE JANEIR BR,,,pluggy-d9fc2e04-fe13-41e6-bbac-e56da6c6bcee,pluggy,987decad-afee-4c0e-950e-85c3006a4b2e,11010000,Eating out,Expenses:Alimentação:Restaurante,7.7,BRL
193,0,2025-08-02,*,,OKPET                  RIO DE JANEIR BR,,,pluggy-6de32d6a-bc86-4930-847f-f8b41741057a,pluggy,987decad-afee-4c0e-950e-85c3006a4b2e,18020000,Pharmacy,Liabilities:Credit:BB:Card:PlatinumVisa,-18.5,BRL
193,1,2025-08-02,*,,OKPET                  RIO DE JANEIR BR,,,pluggy-6de32d6a-bc86-4930-847f-f8b41741057a,pluggy,987decad-afee-4c0e-950e-85c3006a4b2e,18020000,Pharmacy,Expenses:Pet:Petshop,18.5,BRL
194,0,2025-08-02,*,,UBER* TRIP             WWW.UBER.COM. BR,,,pluggy-65078e39-f118-4e92-9931-985530e3672f,pluggy,987decad-afee-4c0e-950e-85c3006a4b2e,19010000,Taxi and ride-hailing,Liabilities:Credit:BB:Card:PlatinumVisa,-25.35,BRL
194,1,2025-08-02,*,,UBER* TRIP             WWW.UBER.COM. BR,,,pluggy-65078e39-f118-4e92-9931-985530e3672f,pluggy,987decad-afee-4c0e-950e-85c3006a4b2e,19010000,Taxi and ride-hailing,Expenses:Transporte:Uber,25.35,BRL
195,0,2025-08-02,*,,DE ROSE CAFE           RIO DE JANEIR BR,,,pluggy-4608670c-134f-40e1-bc08-648fbb09bbfe,pluggy,987decad-afee-4c0e-950e-85c3006a4b2e,11010000,Eating out,Liabilities:Credit:BB:Card:PlatinumVisa,-59.9,BRL
195,1,2025-08-02,*,,DE ROSE CAFE           RIO DE JANEIR BR,,,pluggy-4608670c-134f-40e1-bc08-648fbb09bbfe,pluggy,987decad-afee-4c0e-950e-85c3006a4b2e,11010000,Eating out,Expenses:Alimentação:Restaurante,59.9,BRL
196,0,2025-08-02,*,,UBER* TRIP             WWW.UBER.COM. BR,,,pluggy-4153981f-69d8-49fc-b747-623703ce0f89,pluggy,987decad-afee-4c0e-950e-85c3006a4b2e,19010000,Taxi and ride-hailing,Liabilities:Credit:BB:Card:PlatinumVisa,-28.6,BRL
196,1,2025-08-02,*,,UBER* TRIP             WWW.UBER.COM. BR,,,pluggy-4153981f-69d8-49fc-b747-623703ce0f89,pluggy,987decad-afee-4c0e-950e-85c3006a4b2e,19010000,Taxi and ride-hailing,Expenses:Transporte:Uber,28.6,BRL
197,0,2025-08-03,*,,EBN*SG TUTORIAL E      CURITIBA      BR,,,pluggy-c6f15c0c-d09b-4d18-8422-00c1747fde9b,pluggy,987decad-afee-4c0e-950e-85c3006a4b2e,08000000,Shopping,Liabilities:Credit:BB:Card:PlatinumVisa,-6,BRL
197,1,2025-08-03,*,,EBN*SG TUTORIAL E      CURITIBA      BR,,,pluggy-c6f15c0c-d09b-4d18-8422-00c1747fde9b,pluggy,987decad-afee-4c0e-950e-85c3006a4b2e,08000000,Shopping,Expenses:Geral,6,BRL
198,0,2025-08-04,*,,RECEB FORNEC    39.427.632/0001-71 ASSOCIACAO PETROBRA,,,pluggy-4a2897ac-36f8-4b59-8d41-ff510c864117,pluggy,25eb5f6d-2529-4377-8de5-e38160459cff,01000000,Income,Assets:Investment:BB:Cash,366,BRL
198,1,2025-08-04,*,,RECEB FORNEC    39.427.632/0001-71 ASSOCIACAO PETROBRA,,,pluggy-4a2897ac-36f8-4b59-8d41-ff510c864117,pluggy,25eb5f6d-2529-4377-8de5-e38160459cff,01000000,Income,Income:Reembolso,-366,BRL
199,0,2025-08-04,*,,DROGARIAS PACHECO SA   RIO DE JANEIR BR,,,pluggy-8776bdf2-a34f-4c8f-bca4-4643382d4d11,pluggy,987decad-afee-4c0e-950e-85c3006a4b2e,18020000,Pharmacy,Liabilities:Credit:BB:Card:PlatinumVisa,-267.52,BRL
199,1,2025-08-04,*,,DROGARIAS PACHECO SA   RIO DE JANEIR BR,,,pluggy-8776bdf2-a34f-4c8f-bca4-4643382d4d11,pluggy,987decad-afee-4c0e-950e-85c3006a4b2e,18020000,Pharmacy,Expenses:Saude:Farmacia,267.52,BRL
200,0,2025-08-05,*,,DL GOOGLE VPN Pr       1123958400    BR,,,pluggy-01e1d8ce-98a4-424b-a603-357c75e368c6,pluggy,75f30132-31a8-4b54-9be0-648009b118db,09000000,Digital services,Liabilities:Credit:BB:Card:EloGrafite,-0.99,BRL
200,1,2025-08-05,*,,DL GOOGLE VPN Pr       1123958400    BR,,,pluggy-01e1d8ce-98a4-424b-a603-357c75e368c6,pluggy,75f30132-31a8-4b54-9be0-648009b118db,09000000,Digital services,Expenses:Mensalidades:Outras,0.99,BRL
201,0,2025-08-05,*,,EXPRESSVPN.COM         EXPRESSVPN.CO DE,,,pluggy-b45c2488-433d-4e00-ba27-93d0dbbce0d7,pluggy,987decad-afee-4c0e-950e-85c3006a4b2e,09000000,Digital services,Liabilities:Credit:BB:Card:PlatinumVisa,-12.95,USD
201,1,2025-08-05,*,,EXPRESSVPN.COM         EXPRESSVPN.CO DE,,,pluggy-b45c2488-433d-4e00-ba27-93d0dbbce0d7,pluggy,987decad-afee-4c0e-950e-85c3006a4b2e,09000000,Digital services,Expenses:Mensalidades:Outras,12.95,USD
202,0,2025-08-05,*,,CINEMARK BRASIL        SAO PAULO     BR,,,pluggy-508e6ffe-80db-4d21-8059-864adca41041,pluggy,987decad-afee-4c0e-950e-85c3006a4b2e,07040003,"Cinema, theater and concerts",Liabilities:Credit:BB:Card:PlatinumVisa,-26.22,BRL
202,1,2025-08-05,*,,CINEMARK BRASIL        SAO PAULO     BR,,,pluggy-508e6ffe-80db-4d21-8059-864adca41041,pluggy,987decad-afee-4c0e-950e-85c3006a4b2e,07040003,"Cinema, theater and concerts",Expenses:Lazer:Cinema,26.22,BRL
203,0,2025-08-06,*,,PET LOVE*Order 10      SAO PAULO     BR,,,pluggy-a5608395-2587-4526-bc0c-14e410342fa9,pluggy,987decad-afee-4c0e-950e-85c3006a4b2e,08030000,Pet supplies and vet,Liabilities:Credit:BB:Card:PlatinumVisa,-166.5,BRL
203,1,2025-08-06,*,,PET LOVE*Order 10      SAO PAULO     BR,,,pluggy-a5608395-2587-4526-bc0c-14e410342fa9,pluggy,987decad-afee-4c0e-950e-85c3006a4b2e,08030000,Pet supplies and vet,Expenses:Pet:Petshop,166.5,BRL
204,0,2025-08-06,*,,EBN    *SG TUTORIAL E  CURITIBA      BR,,,pluggy-9b438b5c-77c2-4408-8159-f92a63b19cea,pluggy,987decad-afee-4c0e-950e-85c3006a4b2e,14000000,Gambling,Liabilities:Credit:BB:Card:PlatinumVisa,-170,BRL
204,1,2025-08-06,*,,EBN    *SG TUTORIAL E  CURITIBA      BR,,,pluggy-9b438b5c-77c2-4408-8159-f92a63b19cea,pluggy,987decad-afee-4c0e-950e-85c3006a4b2e,14000000,Gambling,Expenses:Geral,170,BRL
205,0,2025-08-06,*,,Google Ellation        SAO PAULO     BR,,,pluggy-716b7079-7915-45d6-9cb0-18a39a198def,pluggy,987decad-afee-4c0e-950e-85c3006a4b2e,07010001,Internet,Liabilities:Credit:BB:Card:PlatinumVisa,-14.99,BRL
205,1,2025-08-06,*,,Google Ellation        SAO PAULO     BR,,,pluggy-716b7079-7915-45d6-9cb0-18a39a198def,pluggy,987decad-afee-4c0e-950e-85c3006a4b2e,07010001,Internet,Expenses:Mensalidades:Outras,14.99,BRL
206,0,2025-08-06,*,,IOF - COMPRA NO EXTERIOR,,,pluggy-3161e596-79b5-4998-ab5d-3df05cdbcdf5,pluggy,987decad-afee-4c0e-950e-85c3006a4b2e,15030000,Tax on financial operations,Liabilities:Credit:BB:Card:PlatinumVisa,-2.59,BRL
206,1,2025-08-06,*,,IOF - COMPRA NO EXTERIOR,,,pluggy-3161e596-79b5-4998-ab5d-3df05cdbcdf5,pluggy,987decad-afee-4c0e-950e-85c3006a4b2e,15030000,Tax on financial operations,Expenses:Taxas:Imposto,2.59,BRL
207,0,2025-08-06,*,,SUNOMONO               RIO DE JANEIR BR,,,pluggy-04d59b62-2525-4ffc-9efc-1c4fbdf6a75d,pluggy,987decad-afee-4c0e-950e-85c3006a4b2e,11010000,Eating out,Liabilities:Credit:BB:Card:PlatinumVisa,-80.69,BRL
207,1,2025-08-06,*,,SUNOMONO               RIO DE JANEIR BR,,,pluggy-04d59b62-2525-4ffc-9efc-1c4fbdf6a75d,pluggy,987decad-afee-4c0e-950e-85c3006a4b2e,11010000,Eating out,Expenses:Alimentação:Restaurante,80.69,BRL
208,0,2025-08-07,*,,iFood                  Osasco        BR,,,pluggy-8eb55bae-d724-4782-a649-f2564b3cdba2,pluggy,75f30132-31a8-4b54-9be0-648009b118db,10000000,Groceries,Liabilities:Credit:BB:Card:EloGrafite,-5.95,BRL
208,1,2025-08-07,*,,iFood                  Osasco        BR,,,pluggy-8eb55bae-d724-4782-a649-f2564b3cdba2,pluggy,75f30132-31a8-4b54-9be0-648009b118db,10000000,Groceries,Expenses:Alimentação:Delivery,5.95,BRL
209,0,2025-08-07,*,,SUPERM PRINCESA LJ 165 RIO DE JANEIR BR,,,pluggy-e2814501-1e1f-4c7d-b4ca-e48deb33dc12,pluggy,987decad-afee-4c0e-950e-85c3006a4b2e,10000000,Groceries,Liabilities:Credit:BB:Card:PlatinumVisa,-58.81,BRL
209,1,2025-08-07,*,,SUPERM PRINCESA LJ 165 RIO DE JANEIR BR,,,pluggy-e2814501-1e1f-4c7d-b4ca-e48deb33dc12,pluggy,987decad-afee-4c0e-950e-85c3006a4b2e,10000000,Groceries,Expenses:Alimentação:Mercado,58.81,BRL
210,0,2025-08-08,*,,REAJ.MON. BC,,,pluggy-ef95ae94-0164-4bbe-81e3-c92942e5c23b,pluggy,3d0492b4-0d84-49c0-9945-e3e9adc34d51,06010000,Blocked balances,Assets:Investment:BB:Savings,6.99,BRL
210,1,2025-08-08,*,,REAJ.MON. BC,,,pluggy-ef95ae94-0164-4bbe-81e3-c92942e5c23b,pluggy,3d0492b4-0d84-49c0-9945-e3e9adc34d51,06010000,Blocked balances,Income:Investment:Interest,-6.99,BRL
211,0,2025-08-08,*,,JUROS,,,pluggy-762f9455-4345-4e02-9d44-da65b7e247f8,pluggy,3d0492b4-0d84-49c0-9945-e3e9adc34d51,02020000,Interests charged,Assets:Investment:BB:Savings,20.1,BRL
211,1,2025-08-08,*,,JUROS,,,pluggy-762f9455-4345-4e02-9d44-da65b7e247f8,pluggy,3d0492b4-0d84-49c0-9945-e3e9adc34d51,02020000,Interests charged,Income:Investment:Interest,-20.1,BRL
212,0,2025-08-08,*,,MERCADOPAGO*MERCADOLIVRCONTAGEM      BR,,,pluggy-b1f019f5-7fe7-4156-a00f-c5034790370b,pluggy,987decad-afee-4c0e-950e-85c3006a4b2e,08030000,Pet supplies and vet,Liabilities:Credit:BB:Card:PlatinumVisa,-161.82,BRL
212,1,2025-08-08,*,,MERCADOPAGO*MERCADOLIVRCONTAGEM      BR,,,pluggy-b1f019f5-7fe7-4156-a00f-c5034790370b,pluggy,987decad-afee-4c0e-950e-85c3006a4b2e,08030000,Pet supplies and vet,Expenses:Geral,161.82,BRL
213,0,2025-08-08,*,,MERCADOPAGO*ERICOPRODUTASSIS         BR,,,pluggy-a8ef2e3d-8fec-47ae-a485-1665ecea25a1,pluggy,987decad-afee-4c0e-950e-85c3006a4b2e,08000000,Shopping,Liabilities:Credit:BB:Card:PlatinumVisa,-78.9,BRL
213,1,2025-08-08,*,,MERCADOPAGO*ERICOPRODUTASSIS         BR,,,pluggy-a8ef2e3d-8fec-47ae-a485-1665ecea25a1,pluggy,987decad-afee-4c0e-950e-85c3006a4b2e,08000000,Shopping,Expenses:Geral,78.9,BRL
214,0,2025-08-09,*,,PLANEJADA,,,pluggy-6091945d-3c06-4611-9d17-1e7080a85ca5,pluggy,3d0492b4-0d84-49c0-9945-e3e9adc34d51,03000000,Investments,Assets:Investment:BB:Savings,2000,BRL
214,1,2025-08-09,*,,PLANEJADA,,,pluggy-6091945d-3c06-4611-9d17-1e7080a85ca5,pluggy,3d0492b4-0d84-49c0-9945-e3e9adc34d51,03000000,Investments,Assets:Investment:BB:Cash,-2000,BRL
215,0,2025-08-09,*,,TRANSF ENVIADA  15/11 GABRIEL BARROS RODRIGUES,,,pluggy-107fcdae-0c1f-4ee7-9a3c-81b63c0022f7,pluggy,25eb5f6d-2529-4377-8de5-e38160459cff,04000000,Same person transfer,Assets:Investment:BB:Cash,-2000,BRL
215,1,2025-08-09,*,,TRANSF ENVIADA  15/11 GABRIEL BARROS RODRIGUES,,,pluggy-107fcdae-0c1f-4ee7-9a3c-81b63c0022f7,pluggy,25eb5f6d-2529-4377-8de5-e38160459cff,04000000,Same person transfer,Assets:Investment:BB:Savings,2000,BRL
216,0,2025-08-09,*,,PROVENTOS       33.000.167/0001-01 PETROLEO BRASILEIRO,,,pluggy-60e48e8f-a71b-428c-9413-95acae0cf41b,pluggy,25eb5f6d-2529-4377-8de5-e38160459cff,03060000,Proceeds interests and dividends,Assets:Investment:BB:Cash,3764.75,BRL
216,1,2025-08-09,*,,PROVENTOS       33.000.167/0001-01 PETROLEO BRASILEIRO,,,pluggy-60e48e8f-a71b-428c-9413-95acae0cf41b,pluggy,25eb5f6d-2529-4377-8de5-e38160459cff,03060000,Proceeds interests and dividends,Income:Salario,-3764.75,BRL
217,0,2025-08-09,*,,LEDOUX                 RIO DE JANEIR BR,,,pluggy-da258ba7-1e5e-4220-9336-bfd6dd0c1a17,pluggy,987decad-afee-4c0e-950e-85c3006a4b2e,11010000,Eating out,Liabilities:Credit:BB:Card:PlatinumVisa,-18.5,BRL
217,1,2025-08-09,*,,LEDOUX                 RIO DE JANEIR BR,,,pluggy-da258ba7-1e5e-4220-9336-bfd6dd0c1a17,pluggy,987decad-afee-4c0e-950e-85c3006a4b2e,11010000,Eating out,Expenses:Alimentação:Restaurante,18.5,BRL
218,0,2025-08-09,*,,UBER* TRIP             WWW.UBER.COM. BR,,,pluggy-c0930ef6-15d8-4813-a15b-4d6bd950151a,pluggy,987decad-afee-4c0e-950e-85c3006a4b2e,19010000,Taxi and ride-hailing,Liabilities:Credit:BB:Card:PlatinumVisa,-16.37,BRL
218,1,2025-08-09,*,,UBER* TRIP             WWW.UBER.COM. BR,,,pluggy-c0930ef6-15d8-4813-a15b-4d6bd950151a,pluggy,987decad-afee-4c0e-950e-85c3006a4b2e,19010000,Taxi and ride-hailing,Expenses:Transporte:Uber,16.37,BRL
219,0,2025-08-09,*,,DROGARIA VEN*Loja      RIO DE JANEIR BR,,,pluggy-8bc93670-1d12-47d5-84f4-988fafcbc1b1,pluggy,987decad-afee-4c0e-950e-85c3006a4b2e,18020000,Pharmacy,Liabilities:Credit:BB:Card:PlatinumVisa,-196.13,BRL
219,1,2025-08-09,*,,DROGARIA VEN*Loja      RIO DE JANEIR BR,,,pluggy-8bc93670-1d12-47d5-84f4-988fafcbc1b1,pluggy,987decad-afee-4c0e-950e-85c3006a4b2e,18020000,Pharmacy,Expenses:Saude:Farmacia,196.13,BRL
220,0,2025-08-09,*,,UBER* TRIP             WWW.UBER.COM. BR,,,pluggy-6813714b-9e89-4aca-8dcd-c3292af9834f,pluggy,987decad-afee-4c0e-950e-85c3006a4b2e,19010000,Taxi and ride-hailing,Liabilities:Credit:BB:Card:PlatinumVisa,-20.67,BRL
220,1,2025-08-09,*,,UBER* TRIP             WWW.UBER.COM. BR,,,pluggy-6813714b-9e89-4aca-8dcd-c3292af9834f,pluggy,987decad-afee-4c0e-950e-85c3006a4b2e,19010000,Taxi and ride-hailing,Expenses:Transporte:Uber,20.67,BRL
221,0,2025-08-09,*,,UBER * PENDING         SAO PAULO     BR,,,pluggy-60e6acff-0fc3-40f7-a4cf-af22eb1a4ee8,pluggy,987decad-afee-4c0e-950e-85c3006a4b2e,19010000,Taxi and ride-hailing,Liabilities:Credit:BB:Card:PlatinumVisa,-22.01,BRL
221,1,2025-08-09,*,,UBER * PENDING         SAO PAULO     BR,,,pluggy-60e6acff-0fc3-40f7-a4cf-af22eb1a4ee8,pluggy,987decad-afee-4c0e-950e-85c3006a4b2e,19010000,Taxi and ride-hailing,Expenses:Transporte:Uber,22.01,BRL
222,0,2025-08-09,*,,CINEMARK BOTAFOGO      RIO DE JANEIR BR,,,pluggy-2b407fe5-0472-4a1a-94b4-88b317a77c7a,pluggy,987decad-afee-4c0e-950e-85c3006a4b2e,07040003,"Cinema, theater and concerts",Liabilities:Credit:BB:Card:PlatinumVisa,-48,BRL
222,1,2025-08-09,*,,CINEMARK BOTAFOGO      RIO DE JANEIR BR,,,pluggy-2b407fe5-0472-4a1a-94b4-88b317a77c7a,pluggy,987decad-afee-4c0e-950e-85c3006a4b2e,07040003,"Cinema, theater and concerts",Expenses:Lazer:Cinema,48,BRL
223,0,2025-08-09,*,,SUPERMARKET            RIO DE JANEIR BR,,,pluggy-15bcdd58-f913-46f7-b281-d7716f4c0bda,pluggy,987decad-afee-4c0e-950e-85c3006a4b2e,10000000,Groceries,Liabilities:Credit:BB:Card:PlatinumVisa,-22.71,BRL
223,1,2025-08-09,*,,SUPERMARKET            RIO DE JANEIR BR,,,pluggy-15bcdd58-f913-46f7-b281-d7716f4c0bda,pluggy,987decad-afee-4c0e-950e-85c3006a4b2e,10000000,Groceries,Expenses:Alimentação:Mercado,22.71,BRL
224,0,2025-08-09,*,,MV - FLAMENGO          RIO DE JANEIR BR,,,pluggy-09edaf1d-30aa-4324-8a5e-3bed8c88649e,pluggy,987decad-afee-4c0e-950e-85c3006a4b2e,10000000,Groceries,Liabilities:Credit:BB:Card:PlatinumVisa,-4.42,BRL
224,1,2025-08-09,*,,MV - FLAMENGO          RIO DE JANEIR BR,,,pluggy-09edaf1d-30aa-4324-8a5e-3bed8c88649e,pluggy,987decad-afee-4c0e-950e-85c3006a4b2e,10000000,Groceries,Expenses:Alimentação:Mercado,4.42,BRL
225,0,2025-08-10,*,,PIXEL HOUSE            RIO DE JANEIR BR,,,pluggy-604e4a0c-00d7-406e-8095-9b303c256d3b,pluggy,987decad-afee-4c0e-950e-85c3006a4b2e,07000000,Services,Liabilities:Credit:BB:Card:PlatinumVisa,-18.48,BRL
225,1,2025-08-10,*,,PIXEL HOUSE            RIO DE JANEIR BR,,,pluggy-604e4a0c-00d7-406e-8095-9b303c256d3b,pluggy,987decad-afee-4c0e-950e-85c3006a4b2e,07000000,Services,Expenses:Pessoal:Compras,18.48,BRL
226,0,2025-08-10,*,,PIXEL HOUSE            RIO DE JANEIR BR,,,pluggy-0c551e0c-0cfd-4592-9e1a-4af99947a51a,pluggy,987decad-afee-4c0e-950e-85c3006a4b2e,07000000,Services,Liabilities:Credit:BB:Card:PlatinumVisa,-46.88,BRL
226,1,2025-08-10,*,,PIXEL HOUSE            RIO DE JANEIR BR,,,pluggy-0c551e0c-0cfd-4592-9e1a-4af99947a51a,pluggy,987decad-afee-4c0e-950e-85c3006a4b2e,07000000,Services,Expenses:Pessoal:Compras,46.88,BRL
227,0,2025-08-11,*,,JUROS,,,pluggy-e58f2fbb-815a-4e7d-871f-b1a8df861665,pluggy,3d0492b4-0d84-49c0-9945-e3e9adc34d51,02020000,Interests charged,Assets:Investment:BB:Savings,10.15,BRL
227,1,2025-08-11,*,,JUROS,,,pluggy-e58f2fbb-815a-4e7d-871f-b1a8df861665,pluggy,3d0492b4-0d84-49c0-9945-e3e9adc34d51,02020000,Interests charged,Income:Investment:Interest,-10.15,BRL
228,0,2025-08-11,*,,REAJ.MON. BC,,,pluggy-a65650a5-2f6f-4fa1-8d39-2dce7e64a16b,pluggy,3d0492b4-0d84-49c0-9945-e3e9adc34d51,06010000,Blocked balances,Assets:Investment:BB:Savings,3.49,BRL
228,1,2025-08-11,*,,REAJ.MON. BC,,,pluggy-a65650a5-2f6f-4fa1-8d39-2dce7e64a16b,pluggy,3d0492b4-0d84-49c0-9945-e3e9adc34d51,06010000,Blocked balances,Income:Investment:Interest,-3.49,BRL
229,0,2025-08-11,*,,PGTO DEBITO CONTA 3836 000000008  200211,,,pluggy-786b57a0-5e05-435a-a913-f1a21ffa07ce,pluggy,75f30132-31a8-4b54-9be0-648009b118db,05060000,Transfer - Internal,Liabilities:Credit:BB:Card:EloGrafite,1865.08,BRL
229,1,2025-08-11,*,,PGTO DEBITO CONTA 3836 000000008  200211,,,pluggy-786b57a0-5e05-435a-a913-f1a21ffa07ce,pluggy,75f30132-31a8-4b54-9be0-648009b118db,05060000,Transfer - Internal,Assets:Investment:BB:Cash,-1865.08,BRL
230,0,2025-08-11,*,,PGTO DEBITO CONTA 3836 000009800  200211,,,pluggy-e302a352-e0c6-4ecc-b689-eb03f19aeba0,pluggy,987decad-afee-4c0e-950e-85c3006a4b2e,05060000,Transfer - Internal,Liabilities:Credit:BB:Card:PlatinumVisa,2871.99,BRL
230,1,2025-08-11,*,,PGTO DEBITO CONTA 3836 000009800  200211,,,pluggy-e302a352-e0c6-4ecc-b689-eb03f19aeba0,pluggy,987decad-afee-4c0e-950e-85c3006a4b2e,05060000,Transfer - Internal,Assets:Investment:BB:Cash,-2871.99,BRL
231,0,2025-08-11,*,,GRUPO ANTONIO DE EVENT RIO DE JANEIR BR,,,pluggy-e03cd6c6-3741-452f-88ad-99f11b8d620d,pluggy,987decad-afee-4c0e-950e-85c3006a4b2e,10000000,Groceries,Liabilities:Credit:BB:Card:PlatinumVisa,-9,BRL
231,1,2025-08-11,*,,GRUPO ANTONIO DE EVENT RIO DE JANEIR BR,,,pluggy-e03cd6c6-3741-452f-88ad-99f11b8d620d,pluggy,987decad-afee-4c0e-950e-85c3006a4b2e,10000000,Groceries,Expenses:Alimentação:Restaurante,9,BRL
232,0,2025-08-11,*,,Drogarias Pacheco S.A. Rio d Janeiro BR,,,pluggy-7cc6716f-5001-409c-91a7-8304d677f78b,pluggy,987decad-afee-4c0e-950e-85c3006a4b2e,18020000,Pharmacy,Liabilities:Credit:BB:Card:PlatinumVisa,-104.46,BRL
232,1,2025-08-11,*,,Drogarias Pacheco S.A. Rio d Janeiro BR,,,pluggy-7cc6716f-5001-409c-91a7-8304d677f78b,pluggy,987decad-afee-4c0e-950e-85c3006a4b2e,18020000,Pharmacy,Expenses:Saude:Farmacia,104.46,BRL
233,0,2025-08-12,*,,PGTO CARTAO     PLATINUM ESTILO VISA,,,pluggy-41525278-7f42-4d27-a7d2-139c09a3d652,pluggy,25eb5f6d-2529-4377-8de5-e38160459cff,05100000,Credit card payment,Assets:Investment:BB:Cash,-2871.99,BRL
233,1,2025-08-12,*,,PGTO CARTAO     PLATINUM ESTILO VISA,,,pluggy-41525278-7f42-4d27-a7d2-139c09a3d652,pluggy,25eb5f6d-2529-4377-8de5-e38160459cff,05100000,Credit card payment,Liabilities:Credit:BB:Card:PlatinumVisa,2871.99,BRL
234,0,2025-08-12,*,,PGTO CARTAO     ELO GRAFITE ESTILO,,,pluggy-0b4cf323-388b-4eff-8635-a152b8005168,pluggy,25eb5f6d-2529-4377-8de5-e38160459cff,05100000,Credit card payment,Assets:Investment:BB:Cash,-1865.08,BRL
234,1,2025-08-12,*,,PGTO CARTAO     ELO GRAFITE ESTILO,,,pluggy-0b4cf323-388b-4eff-8635-a152b8005168,pluggy,25eb5f6d-2529-4377-8de5-e38160459cff,05100000,Credit card payment,Liabilities:Credit:BB:Card:EloGrafite,1865.08,BRL
235,0,2025-08-12,*,,DROGARIAS PACHECO SA   RIO DE JANEIR BR,,,pluggy-b59c077d-bbf4-45c2-b746-d6c8d07d49d2,pluggy,987decad-afee-4c0e-950e-85c3006a4b2e,18020000,Pharmacy,Liabilities:Credit:BB:Card:PlatinumVisa,-37.97,BRL
235,1,2025-08-12,*,,DROGARIAS PACHECO SA   RIO DE JANEIR BR,,,pluggy-b59c077d-bbf4-45c2-b746-d6c8d07d49d2,pluggy,987decad-afee-4c0e-950e-85c3006a4b2e,18020000,Pharmacy,Expenses:Saude:Farmacia,37.97,BRL
236,0,2025-08-12,*,,TRINTA                 RIO DE JANEIR BR,,,pluggy-7be7bac3-81ca-499d-8189-dd432086f22c,pluggy,987decad-afee-4c0e-950e-85c3006a4b2e,08040000,Clothing,Liabilities:Credit:BB:Card:PlatinumVisa,-17,BRL
236,1,2025-08-12,*,,TRINTA                 RIO DE JANEIR BR,,,pluggy-7be7bac3-81ca-499d-8189-dd432086f22c,pluggy,987decad-afee-4c0e-950e-85c3006a4b2e,08040000,Clothing,Expenses:Geral,17,BRL
237,0,2025-08-12,*,,SEBASTIAN COIFFEUR     RIO DE JANEIR BR,,,pluggy-75bf347e-3639-4422-86f9-ae9348471e95,pluggy,987decad-afee-4c0e-950e-85c3006a4b2e,07000000,Services,Liabilities:Credit:BB:Card:PlatinumVisa,-245,BRL
237,1,2025-08-12,*,,SEBASTIAN COIFFEUR     RIO DE JANEIR BR,,,pluggy-75bf347e-3639-4422-86f9-ae9348471e95,pluggy,987decad-afee-4c0e-950e-85c3006a4b2e,07000000,Services,Expenses:Pessoal:Cabeleireiro,245,BRL
238,0,2025-08-13,*,,DIVIDENDOS DE CLIENTES WEGE3 S/            800,,,pluggy-d51a88a3-bb4b-4c9c-8b9c-47a275c76d93,pluggy,e4d40b2d-f720-4570-8fb6-89c9a12e1e2f,03060000,Proceeds interests and dividends,Assets:Investment:XP:Cash,137.16,BRL
238,1,2025-08-13,*,,DIVIDENDOS DE CLIENTES WEGE3 S/            800,,,pluggy-d51a88a3-bb4b-4c9c-8b9c-47a275c76d93,pluggy,e4d40b2d-f720-4570-8fb6-89c9a12e1e2f,03060000,Proceeds interests and dividends,Income:Investment:XP:Dividend,-137.16,BRL
239,0,2025-08-13,*,,JUROS S/ CAPITAL DE CLIENTES WEGE3 S/            800,,,pluggy-cfb9ab7d-7ae4-48a3-86eb-83cfe2b0227d,pluggy,e4d40b2d-f720-4570-8fb6-89c9a12e1e2f,02020000,Interests charged,Assets:Investment:XP:Cash,54.88,BRL
239,1,2025-08-13,*,,JUROS S/ CAPITAL DE CLIENTES WEGE3 S/            800,,,pluggy-cfb9ab7d-7ae4-48a3-86eb-83cfe2b0227d,pluggy,e4d40b2d-f720-4570-8fb6-89c9a12e1e2f,02020000,Interests charged,Income:Investment:XP:JCP,-54.88,BRL
240,0,2025-08-13,*,,DIVIDENDOS DE CLIENTES WEGE3 S/            800,,,pluggy-f1b07756-f7e6-49f2-b0b0-cde87c7ded6a,pluggy,ffd6004e-1066-4c1c-9ece-826c45ffda7d,03060000,Proceeds interests and dividends,Assets:Investment:XP:Cash,137.16,BRL
240,1,2025-08-13,*,,DIVIDENDOS DE CLIENTES WEGE3 S/            800,,,pluggy-f1b07756-f7e6-49f2-b0b0-cde87c7ded6a,pluggy,ffd6004e-1066-4c1c-9ece-826c45ffda7d,03060000,Proceeds interests and dividends,Income:Investment:XP:Dividend,-137.16,BRL
241,0,2025-08-13,*,,JUROS S/ CAPITAL DE CLIENTES WEGE3 S/            800,,,pluggy-90d50587-ac4d-4a37-8d5e-7e45bfece3d1,pluggy,e4d40b2d-f720-4570-8fb6-89c9a12e1e2f,02020000,Interests charged,Assets:Investment:XP:Cash,63.96,BRL
241,1,2025-08-13,*,,JUROS S/ CAPITAL DE CLIENTES WEGE3 S/            800,,,pluggy-90d50587-ac4d-4a37-8d5e-7e45bfece3d1,pluggy,e4d40b2d-f720-4570-8fb6-89c9a12e1e2f,02020000,Interests charged,Income:Investment:XP:JCP,-63.96,BRL
242,0,2025-08-13,*,,JUROS S/ CAPITAL DE CLIENTES WEGE3 S/            800,,,pluggy-99312824-e63b-4c85-a14b-e61dd528bb68,pluggy,ffd6004e-1066-4c1c-9ece-826c45ffda7d,02020000,Interests charged,Assets:Investment:XP:Cash,54.88,BRL
242,1,2025-08-13,*,,JUROS S/ CAPITAL DE CLIENTES WEGE3 S/            800,,,pluggy-99312824-e63b-4c85-a14b-e61dd528bb68,pluggy,ffd6004e-1066-4c1c-9ece-826c45ffda7d,02020000,Interests charged,Income:Investment:XP:JCP,-54.88,BRL
243,0,2025-08-13,*,,JUROS S/ CAPITAL DE CLIENTES WEGE3 S/            800,,,pluggy-04aad46f-377f-4835-b7b7-2e9923aa3952,pluggy,ffd6004e-1066-4c1c-9ece-826c45ffda7d,02020000,Interests charged,Assets:Investment:XP:Cash,63.96,BRL
243,1,2025-08-13,*,,JUROS S/ CAPITAL DE CLIENTES WEGE3 S/            800,,,pluggy-04aad46f-377f-4835-b7b7-2e9923aa3952,pluggy,ffd6004e-1066-4c1c-9ece-826c45ffda7d,02020000,Interests charged,Income:Investment:XP:JCP,-63.96,BRL
244,0,2025-08-13,*,,Drogarias Pacheco S.A. Rio d Janeiro BR,,,pluggy-deea2079-dd1c-4d54-af6d-4038e75963c3,pluggy,987decad-afee-4c0e-950e-85c3006a4b2e,18020000,Pharmacy,Liabilities:Credit:BB:Card:PlatinumVisa,-105.69,BRL
244,1,2025-08-13,*,,Drogarias Pacheco S.A. Rio d Janeiro BR,,,pluggy-deea2079-dd1c-4d54-af6d-4038e75963c3,pluggy,987decad-afee-4c0e-950e-85c3006a4b2e,18020000,Pharmacy,Expenses:Saude:Farmacia,105.69,BRL
245,0,2025-08-13,*,,CAES E GATOS PET SHOP  RIO DE JANEIR BR,,,pluggy-4bfa2f96-94c9-4804-9b26-73ca9f3d9b30,pluggy,987decad-afee-4c0e-950e-85c3006a4b2e,08030000,Pet supplies and vet,Liabilities:Credit:BB:Card:PlatinumVisa,-21.5,BRL
245,1,2025-08-13,*,,CAES E GATOS PET SHOP  RIO DE JANEIR BR,,,pluggy-4bfa2f96-94c9-4804-9b26-73ca9f3d9b30,pluggy,987decad-afee-4c0e-950e-85c3006a4b2e,08030000,Pet supplies and vet,Expenses:Pet:Petshop,21.5,BRL
246,0,2025-08-14,*,,RENDIMENTOS DE CLIENTES HGLG11 S/             99,,,pluggy-6cc0086c-cb3f-447c-b283-0906bbce4710,pluggy,e4d40b2d-f720-4570-8fb6-89c9a12e1e2f,19010000,Taxi and ride-hailing,Assets:Investment:XP:Cash,108.9,BRL
246,1,2025-08-14,*,,RENDIMENTOS DE CLIENTES HGLG11 S/             99,,,pluggy-6cc0086c-cb3f-447c-b283-0906bbce4710,pluggy,e4d40b2d-f720-4570-8fb6-89c9a12e1e2f,19010000,Taxi and ride-hailing,Income:Investment:XP:Rendimento,-108.9,BRL
247,0,2025-08-14,*,,RENDIMENTOS DE CLIENTES PMLL11 S/            153,,,pluggy-5b821369-fe35-4f05-8f7d-509d376e6266,pluggy,e4d40b2d-f720-4570-8fb6-89c9a12e1e2f,03060000,Proceeds interests and dividends,Assets:Investment:XP:Cash,131.58,BRL
247,1,2025-08-14,*,,RENDIMENTOS DE CLIENTES PMLL11 S/            153,,,pluggy-5b821369-fe35-4f05-8f7d-509d376e6266,pluggy,e4d40b2d-f720-4570-8fb6-89c9a12e1e2f,03060000,Proceeds interests and dividends,Income:Investment:XP:Rendimento,-131.58,BRL
248,0,2025-08-14,*,,RENDIMENTOS DE CLIENTES PMLL11 S/            153,,,pluggy-a00d64b5-2bbe-4edd-9e04-1ee70c81e32e,pluggy,ffd6004e-1066-4c1c-9ece-826c45ffda7d,03060000,Proceeds interests and dividends,Assets:Investment:XP:Cash,131.58,BRL
248,1,2025-08-14,*,,RENDIMENTOS DE CLIENTES PMLL11 S/            153,,,pluggy-a00d64b5-2bbe-4edd-9e04-1ee70c81e32e,pluggy,ffd6004e-1066-4c1c-9ece-826c45ffda7d,03060000,Proceeds interests and dividends,Income:Investment:XP:Rendimento,-131.58,BRL
249,0,2025-08-14,*,,RENDIMENTOS DE CLIENTES HGRU11 S/            129,,,pluggy-516878f5-b4a0-47ab-ac3f-d125eb6c3847,pluggy,e4d40b2d-f720-4570-8fb6-89c9a12e1e2f,03060000,Proceeds interests and dividends,Assets:Investment:XP:Cash,122.55,BRL
249,1,2025-08-14,*,,RENDIMENTOS DE CLIENTES HGRU11 S/            129,,,pluggy-516878f5-b4a0-47ab-ac3f-d125eb6c3847,pluggy,e4d40b2d-f720-4570-8fb6-89c9a12e1e2f,03060000,Proceeds interests and dividends,Income:Investment:XP:Rendimento,-122.55,BRL
250,0,2025-08-14,*,,RENDIMENTOS DE CLIENTES HGRU11 S/            129,,,pluggy-6f0d3563-19f0-4111-95ca-acf0d2838b65,pluggy,ffd6004e-1066-4c1c-9ece-826c45ffda7d,03060000,Proceeds interests and dividends,Assets:Investment:XP:Cash,122.55,BRL
250,1,2025-08-14,*,,RENDIMENTOS DE CLIENTES HGRU11 S/            129,,,pluggy-6f0d3563-19f0-4111-95ca-acf0d2838b65,pluggy,ffd6004e-1066-4c1c-9ece-826c45ffda7d,03060000,Proceeds interests and dividends,Income:Investment:XP:Rendimento,-122.55,BRL
251,0,2025-08-14,*,,RENDIMENTOS DE CLIENTES HGLG11 S/             99,,,pluggy-6178099c-c86f-4289-a692-9d410a96461e,pluggy,ffd6004e-1066-4c1c-9ece-826c45ffda7d,19010000,Taxi and ride-hailing,Assets:Investment:XP:Cash,108.9,BRL
251,1,2025-08-14,*,,RENDIMENTOS DE CLIENTES HGLG11 S/             99,,,pluggy-6178099c-c86f-4289-a692-9d410a96461e,pluggy,ffd6004e-1066-4c1c-9ece-826c45ffda7d,19010000,Taxi and ride-hailing,Income:Investment:XP:Rendimento,-108.9,BRL
252,0,2025-08-14,*,,PET LOVE*Order 10      SAO PAULO     BR,,,pluggy-4dd6b954-8b1e-4a02-bacb-4a4cd6eb96ec,pluggy,987decad-afee-4c0e-950e-85c3006a4b2e,08030000,Pet supplies and vet,Liabilities:Credit:BB:Card:PlatinumVisa,-43.5,BRL
252,1,2025-08-14,*,,PET LOVE*Order 10      SAO PAULO     BR,,,pluggy-4dd6b954-8b1e-4a02-bacb-4a4cd6eb96ec,pluggy,987decad-afee-4c0e-950e-85c3006a4b2e,08030000,Pet supplies and vet,Expenses:Pet:Petshop,43.5,BRL
253,0,2025-08-14,*,,ASSAI ATACADISTA  LJ28 RIO DE JANEIR BR,,,pluggy-2db47eac-c883-4e2c-9bdb-f54e6e1a595e,pluggy,987decad-afee-4c0e-950e-85c3006a4b2e,10000000,Groceries,Liabilities:Credit:BB:Card:PlatinumVisa,-64.3,BRL
253,1,2025-08-14,*,,ASSAI ATACADISTA  LJ28 RIO DE JANEIR BR,,,pluggy-2db47eac-c883-4e2c-9bdb-f54e6e1a595e,pluggy,987decad-afee-4c0e-950e-85c3006a4b2e,10000000,Groceries,Expenses:Alimentação:Mercado,64.3,BRL
254,0,2025-08-16,*,,DL GOOGLE Crunch       1123958400    BR,,,pluggy-c68be4fb-06bb-4c77-a09c-7384727705ab,pluggy,75f30132-31a8-4b54-9be0-648009b118db,09000000,Digital services,Liabilities:Credit:BB:Card:EloGrafite,-3.23,BRL
254,1,2025-08-16,*,,DL GOOGLE Crunch       1123958400    BR,,,pluggy-c68be4fb-06bb-4c77-a09c-7384727705ab,pluggy,75f30132-31a8-4b54-9be0-648009b118db,09000000,Digital services,Expenses:Lazer:Streaming,3.23,BRL
255,0,2025-08-16,*,,ClaudioClaudinoDe      NITEROI       BR,,,pluggy-5a082881-4069-4555-baf6-931976225ae8,pluggy,987decad-afee-4c0e-950e-85c3006a4b2e,10000000,Groceries,Liabilities:Credit:BB:Card:PlatinumVisa,-10,BRL
255,1,2025-08-16,*,,ClaudioClaudinoDe      NITEROI       BR,,,pluggy-5a082881-4069-4555-baf6-931976225ae8,pluggy,987decad-afee-4c0e-950e-85c3006a4b2e,10000000,Groceries,Expenses:Geral,10,BRL
256,0,2025-08-16,*,,POMAR 5                NITEROI       BR,,,pluggy-4c13a07b-e173-4ead-9054-11f2e91b0a56,pluggy,987decad-afee-4c0e-950e-85c3006a4b2e,10000000,Groceries,Liabilities:Credit:BB:Card:PlatinumVisa,-15.65,BRL
256,1,2025-08-16,*,,POMAR 5                NITEROI       BR,,,pluggy-4c13a07b-e173-4ead-9054-11f2e91b0a56,pluggy,987decad-afee-4c0e-950e-85c3006a4b2e,10000000,Groceries,Expenses:Alimentação:Mercado,15.65,BRL
257,0,2025-08-17,*,,MERCADOPAGO*ARTSDOCOCO NATIVIDADE    BR,,,pluggy-d350673e-e7b8-4459-9bf0-5bdeda2853d8,pluggy,987decad-afee-4c0e-950e-85c3006a4b2e,08010000,Online shopping,Liabilities:Credit:BB:Card:PlatinumVisa,-10,BRL
257,1,2025-08-17,*,,MERCADOPAGO*ARTSDOCOCO NATIVIDADE    BR,,,pluggy-d350673e-e7b8-4459-9bf0-5bdeda2853d8,pluggy,987decad-afee-4c0e-950e-85c3006a4b2e,08010000,Online shopping,Expenses:Geral,10,BRL
258,0,2025-08-17,*,,Google One             SAO PAULO     BR,,,pluggy-c549b1c5-f73d-4471-ae65-a600dbe36bd7,pluggy,987decad-afee-4c0e-950e-85c3006a4b2e,09000000,Digital services,Liabilities:Credit:BB:Card:PlatinumVisa,-9.99,BRL
258,1,2025-08-17,*,,Google One             SAO PAULO     BR,,,pluggy-c549b1c5-f73d-4471-ae65-a600dbe36bd7,pluggy,987decad-afee-4c0e-950e-85c3006a4b2e,09000000,Digital services,Expenses:Mensalidades:Outras,9.99,BRL
259,0,2025-08-17,*,,AndreiaMaracatDe       NITEROI       BR,,,pluggy-b87889ae-eef2-438a-98fa-27b5e0eb97cc,pluggy,987decad-afee-4c0e-950e-85c3006a4b2e,07000000,Services,Liabilities:Credit:BB:Card:PlatinumVisa,-14,BRL
259,1,2025-08-17,*,,AndreiaMaracatDe       NITEROI       BR,,,pluggy-b87889ae-eef2-438a-98fa-27b5e0eb97cc,pluggy,987decad-afee-4c0e-950e-85c3006a4b2e,07000000,Services,Expenses:Geral,14,BRL
260,0,2025-08-17,*,,Drogarias Pacheco S.A. Rio d Janeiro BR,,,pluggy-6eb6cd51-069b-419f-af14-57e52712db46,pluggy,987decad-afee-4c0e-950e-85c3006a4b2e,18020000,Pharmacy,Liabilities:Credit:BB:Card:PlatinumVisa,-67.85,BRL
260,1,2025-08-17,*,,Drogarias Pacheco S.A. Rio d Janeiro BR,,,pluggy-6eb6cd51-069b-419f-af14-57e52712db46,pluggy,987decad-afee-4c0e-950e-85c3006a4b2e,18020000,Pharmacy,Expenses:Saude:Farmacia,67.85,BRL
261,0,2025-08-17,*,,PET LOVE*Order 10      SAO PAULO     BR,,,pluggy-39b72b51-3676-45f9-ad14-55af676cf8c5,pluggy,987decad-afee-4c0e-950e-85c3006a4b2e,08030000,Pet supplies and vet,Liabilities:Credit:BB:Card:PlatinumVisa,-40.93,BRL
261,1,2025-08-17,*,,PET LOVE*Order 10      SAO PAULO     BR,,,pluggy-39b72b51-3676-45f9-ad14-55af676cf8c5,pluggy,987decad-afee-4c0e-950e-85c3006a4b2e,08030000,Pet supplies and vet,Expenses:Pet:Petshop,40.93,BRL
262,0,2025-08-18,*,,RENDIMENTOS DE CLIENTES IRDM11 S/            187,,,pluggy-1166e406-5fa9-473e-8b8f-6466bcd33485,pluggy,e4d40b2d-f720-4570-8fb6-89c9a12e1e2f,03060000,Proceeds interests and dividends,Assets:Investment:XP:Cash,145.86,BRL
262,1,2025-08-18,*,,RENDIMENTOS DE CLIENTES IRDM11 S/            187,,,pluggy-1166e406-5fa9-473e-8b8f-6466bcd33485,pluggy,e4d40b2d-f720-4570-8fb6-89c9a12e1e2f,03060000,Proceeds interests and dividends,Income:Investment:XP:Rendimento,-145.86,BRL
263,0,2025-08-18,*,,PIX - ENVIADO   18/08 05:55 Tim S A,,,pluggy-9dbcfc1f-0817-4e44-9a8e-fb2dffa674db,pluggy,25eb5f6d-2529-4377-8de5-e38160459cff,07010000,Telecommunications,Assets:Investment:BB:Cash,-110.98,BRL
263,1,2025-08-18,*,,PIX - ENVIADO   18/08 05:55 Tim S A,,,pluggy-9dbcfc1f-0817-4e44-9a8e-fb2dffa674db,pluggy,25eb5f6d-2529-4377-8de5-e38160459cff,07010000,Telecommunications,Expenses:Comunicacao:Telefone,110.98,BRL
264,0,2025-08-18,*,,PIX - AGEND     18/08 05:30 Ana Carolina De Abreu Esco,,,pluggy-83e6dde3-4ba0-49c8-9cd1-2a89cd371920,pluggy,25eb5f6d-2529-4377-8de5-e38160459cff,05070000,Transfer - PIX,Assets:Investment:BB:Cash,-362,BRL
264,1,2025-08-18,*,,PIX - AGEND     18/08 05:30 Ana Carolina De Abreu Esco,,,pluggy-83e6dde3-4ba0-49c8-9cd1-2a89cd371920,pluggy,25eb5f6d-2529-4377-8de5-e38160459cff,05070000,Transfer - PIX,Expenses:Geral:Caol,362,BRL
265,0,2025-08-18,*,,EXPRESSVPN.COM         WILMINGTON    DE,,,pluggy-e2bd51d0-8b6a-4f24-b0ce-0d8f5a4831e8,pluggy,987decad-afee-4c0e-950e-85c3006a4b2e,09000000,Digital services,Liabilities:Credit:BB:Card:PlatinumVisa,12.95,USD
265,1,2025-08-18,*,,EXPRESSVPN.COM         WILMINGTON    DE,,,pluggy-e2bd51d0-8b6a-4f24-b0ce-0d8f5a4831e8,pluggy,987decad-afee-4c0e-950e-85c3006a4b2e,09000000,Digital services,Expenses:Mensalidades:Outras,-12.95,USD
266,0,2025-08-18,*,,CAES E GATOS PET SHOP  RIO DE JANEIR BR,,,pluggy-df252260-913f-4fec-9e79-dd9ccb71e54d,pluggy,987decad-afee-4c0e-950e-85c3006a4b2e,08030000,Pet supplies and vet,Liabilities:Credit:BB:Card:PlatinumVisa,-21.5,BRL
266,1,2025-08-18,*,,CAES E GATOS PET SHOP  RIO DE JANEIR BR,,,pluggy-df252260-913f-4fec-9e79-dd9ccb71e54d,pluggy,987decad-afee-4c0e-950e-85c3006a4b2e,08030000,Pet supplies and vet,Expenses:Pet:Petshop,21.5,BRL
267,0,2025-08-18,*,,DROGARIAS PACHECO SA   RIO DE JANEIR BR,,,pluggy-b0a2884d-049f-40bd-b112-a6cb92cdebbf,pluggy,987decad-afee-4c0e-950e-85c3006a4b2e,18020000,Pharmacy,Liabilities:Credit:BB:Card:PlatinumVisa,-151.65,BRL
267,1,2025-08-18,*,,DROGARIAS PACHECO SA   RIO DE JANEIR BR,,,pluggy-b0a2884d-049f-40bd-b112-a6cb92cdebbf,pluggy,987decad-afee-4c0e-950e-85c3006a4b2e,18020000,Pharmacy,Expenses:Saude:Farmacia,151.65,BRL
268,0,2025-08-18,*,,Drogarias Pacheco S.A. Rio d Janeiro BR,,,pluggy-31ca12c4-08ab-4a7c-b74a-0cad7e5be9a2,pluggy,987decad-afee-4c0e-950e-85c3006a4b2e,18020000,Pharmacy,Liabilities:Credit:BB:Card:PlatinumVisa,-137.88,BRL
268,1,2025-08-18,*,,Drogarias Pacheco S.A. Rio d Janeiro BR,,,pluggy-31ca12c4-08ab-4a7c-b74a-0cad7e5be9a2,pluggy,987decad-afee-4c0e-950e-85c3006a4b2e,18020000,Pharmacy,Expenses:Saude:Farmacia,137.88,BRL
269,0,2025-08-19,*,,RENDIMENTOS DE CLIENTES MCCI11 S/            188,,,pluggy-463c7fae-4d49-4ee9-a48a-fd0fcc1a3a59,pluggy,e4d40b2d-f720-4570-8fb6-89c9a12e1e2f,03060000,Proceeds interests and dividends,Assets:Investment:XP:Cash,188,BRL
269,1,2025-08-19,*,,RENDIMENTOS DE CLIENTES MCCI11 S/            188,,,pluggy-463c7fae-4d49-4ee9-a48a-fd0fcc1a3a59,pluggy,e4d40b2d-f720-4570-8fb6-89c9a12e1e2f,03060000,Proceeds interests and dividends,Income:Investment:XP:Rendimento,-188,BRL
270,0,2025-08-19,*,,RENDIMENTOS DE CLIENTES MCCI11 S/            188,,,pluggy-cb6f995c-cfef-4468-8b02-0d199fc60d6b,pluggy,ffd6004e-1066-4c1c-9ece-826c45ffda7d,03060000,Proceeds interests and dividends,Assets:Investment:XP:Cash,188,BRL
270,1,2025-08-19,*,,RENDIMENTOS DE CLIENTES MCCI11 S/            188,,,pluggy-cb6f995c-cfef-4468-8b02-0d199fc60d6b,pluggy,ffd6004e-1066-4c1c-9ece-826c45ffda7d,03060000,Proceeds interests and dividends,Income:Investment:XP:Rendimento,-188,BRL
271,0,2025-08-19,*,,PIX - AGEND     19/08 05:34 Ana Carolina De Abreu Esco,,,pluggy-e2d62995-307e-45f1-92b5-b07400d323d5,pluggy,25eb5f6d-2529-4377-8de5-e38160459cff,05070000,Transfer - PIX,Assets:Investment:BB:Cash,-244,BRL
271,1,2025-08-19,*,,PIX - AGEND     19/08 05:34 Ana Carolina De Abreu Esco,,,pluggy-e2d62995-307e-45f1-92b5-b07400d323d5,pluggy,25eb5f6d-2529-4377-8de5-e38160459cff,05070000,Transfer - PIX,Expenses:Geral:Caol,244,BRL
272,0,2025-08-19,*,,CAES E GATOS PET SHOP  RIO DE JANEIR BR,,,pluggy-e3c06824-1a70-4be7-8099-8aaf8ece0f08,pluggy,987decad-afee-4c0e-950e-85c3006a4b2e,08030000,Pet supplies and vet,Liabilities:Credit:BB:Card:PlatinumVisa,-21,BRL
272,1,2025-08-19,*,,CAES E GATOS PET SHOP  RIO DE JANEIR BR,,,pluggy-e3c06824-1a70-4be7-8099-8aaf8ece0f08,pluggy,987decad-afee-4c0e-950e-85c3006a4b2e,08030000,Pet supplies and vet,Expenses:Pet:Petshop,21,BRL
273,0,2025-08-20,*,,JUROS S/ CAPITAL DE CLIENTES PETR4 S/            500,,,pluggy-948838ea-d81f-4f60-9bfe-11b81c29c9bf,pluggy,e4d40b2d-f720-4570-8fb6-89c9a12e1e2f,02020000,Interests charged,Assets:Investment:XP:Cash,193.2,BRL
273,1,2025-08-20,*,,JUROS S/ CAPITAL DE CLIENTES PETR4 S/            500,,,pluggy-948838ea-d81f-4f60-9bfe-11b81c29c9bf,pluggy,e4d40b2d-f720-4570-8fb6-89c9a12e1e2f,02020000,Interests charged,Income:Investment:XP:JCP,-193.2,BRL
274,0,2025-08-20,*,,JUROS S/ CAPITAL DE CLIENTES PETR4 S/            500,,,pluggy-a1dc6eb6-3a74-45ab-b232-2c95500c727c,pluggy,ffd6004e-1066-4c1c-9ece-826c45ffda7d,02020000,Interests charged,Assets:Investment:XP:Cash,193.2,BRL
274,1,2025-08-20,*,,JUROS S/ CAPITAL DE CLIENTES PETR4 S/            500,,,pluggy-a1dc6eb6-3a74-45ab-b232-2c95500c727c,pluggy,ffd6004e-1066-4c1c-9ece-826c45ffda7d,02020000,Interests charged,Income:Investment:XP:JCP,-193.2,BRL
275,0,2025-08-21,*,,HORTIFRUTI DA BELLA L  NOVA IGUAU    BR,,,pluggy-e96c6904-e351-41de-9fa7-4f757cb4f494,pluggy,987decad-afee-4c0e-950e-85c3006a4b2e,10000000,Groceries,Liabilities:Credit:BB:Card:PlatinumVisa,-31,BRL
275,1,2025-08-21,*,,HORTIFRUTI DA BELLA L  NOVA IGUAU    BR,,,pluggy-e96c6904-e351-41de-9fa7-4f757cb4f494,pluggy,987decad-afee-4c0e-950e-85c3006a4b2e,10000000,Groceries,Expenses:Alimentação:Mercado,31,BRL
276,0,2025-08-21,*,,DROGARIA VENANCIO      RIO DE JANEIR BR,,,pluggy-c9c560b0-e4dd-4800-a8df-ad94138021d6,pluggy,987decad-afee-4c0e-950e-85c3006a4b2e,18020000,Pharmacy,Liabilities:Credit:BB:Card:PlatinumVisa,-88.92,BRL
276,1,2025-08-21,*,,DROGARIA VENANCIO      RIO DE JANEIR BR,,,pluggy-c9c560b0-e4dd-4800-a8df-ad94138021d6,pluggy,987decad-afee-4c0e-950e-85c3006a4b2e,18020000,Pharmacy,Expenses:Saude:Farmacia,88.92,BRL
277,0,2025-08-21,*,,PAPELARIA LIDER        RIO DE JANEIR BR,,,pluggy-604317e7-72a7-4826-9418-df7e1e1413d5,pluggy,987decad-afee-4c0e-950e-85c3006a4b2e,08000000,Shopping,Liabilities:Credit:BB:Card:PlatinumVisa,-14,BRL
277,1,2025-08-21,*,,PAPELARIA LIDER        RIO DE JANEIR BR,,,pluggy-604317e7-72a7-4826-9418-df7e1e1413d5,pluggy,987decad-afee-4c0e-950e-85c3006a4b2e,08000000,Shopping,Expenses:Pessoal:Compras,14,BRL
278,0,2025-08-21,*,,DROGARIAS PACHECO SA   RIO DE JANEIR BR,,,pluggy-003271ea-9dde-4ef1-9a31-0fc4c366384b,pluggy,987decad-afee-4c0e-950e-85c3006a4b2e,18020000,Pharmacy,Liabilities:Credit:BB:Card:PlatinumVisa,-60.77,BRL
278,1,2025-08-21,*,,DROGARIAS PACHECO SA   RIO DE JANEIR BR,,,pluggy-003271ea-9dde-4ef1-9a31-0fc4c366384b,pluggy,987decad-afee-4c0e-950e-85c3006a4b2e,18020000,Pharmacy,Expenses:Saude:Farmacia,60.77,BRL
279,0,2025-08-22,*,,JUROS,,,pluggy-5905ce44-5a7e-49bf-b158-aa2758127ca2,pluggy,3d0492b4-0d84-49c0-9945-e3e9adc34d51,02020000,Interests charged,Assets:Investment:BB:Savings,60.65,BRL
279,1,2025-08-22,*,,JUROS,,,pluggy-5905ce44-5a7e-49bf-b158-aa2758127ca2,pluggy,3d0492b4-0d84-49c0-9945-e3e9adc34d51,02020000,Interests charged,Income:Investment:Interest,-60.65,BRL
280,0,2025-08-22,*,,REAJ.MON. BC,,,pluggy-4bb58765-281a-4e08-b0fb-06443e0fad87,pluggy,3d0492b4-0d84-49c0-9945-e3e9adc34d51,06010000,Blocked balances,Assets:Investment:BB:Savings,20.86,BRL
280,1,2025-08-22,*,,REAJ.MON. BC,,,pluggy-4bb58765-281a-4e08-b0fb-06443e0fad87,pluggy,3d0492b4-0d84-49c0-9945-e3e9adc34d51,06010000,Blocked balances,Income:Investment:Interest,-20.86,BRL
281,0,2025-08-22,*,,UBER* TRIP             WWW.UBER.COM. BR,,,pluggy-f8d41026-611e-48c4-b0c1-81cefae4f48a,pluggy,987decad-afee-4c0e-950e-85c3006a4b2e,19010000,Taxi and ride-hailing,Liabilities:Credit:BB:Card:PlatinumVisa,-22.22,BRL
281,1,2025-08-22,*,,UBER* TRIP             WWW.UBER.COM. BR,,,pluggy-f8d41026-611e-48c4-b0c1-81cefae4f48a,pluggy,987decad-afee-4c0e-950e-85c3006a4b2e,19010000,Taxi and ride-hailing,Expenses:Transporte:Uber,22.22,BRL
282,0,2025-08-22,*,,UBER* TRIP             WWW.UBER.COM. BR,,,pluggy-7ff987eb-a229-455b-a540-6df69745a58b,pluggy,987decad-afee-4c0e-950e-85c3006a4b2e,19010000,Taxi and ride-hailing,Liabilities:Credit:BB:Card:PlatinumVisa,-21.53,BRL
282,1,2025-08-22,*,,UBER* TRIP             WWW.UBER.COM. BR,,,pluggy-7ff987eb-a229-455b-a540-6df69745a58b,pluggy,987decad-afee-4c0e-950e-85c3006a4b2e,19010000,Taxi and ride-hailing,Expenses:Transporte:Uber,21.53,BRL
283,0,2025-08-22,*,,MR PRETZELS            RIO DE JANEIR BR,,,pluggy-56550652-fd7e-4d7e-9b10-7e22463e47d5,pluggy,987decad-afee-4c0e-950e-85c3006a4b2e,10000000,Groceries,Liabilities:Credit:BB:Card:PlatinumVisa,-25,BRL
283,1,2025-08-22,*,,MR PRETZELS            RIO DE JANEIR BR,,,pluggy-56550652-fd7e-4d7e-9b10-7e22463e47d5,pluggy,987decad-afee-4c0e-950e-85c3006a4b2e,10000000,Groceries,Expenses:Alimentação:Restaurante,25,BRL
284,0,2025-08-23,*,,PLANEJADA,,,pluggy-4a66b8fc-ca72-4700-99a5-8f8a197dbccf,pluggy,3d0492b4-0d84-49c0-9945-e3e9adc34d51,03000000,Investments,Assets:Investment:BB:Savings,2000,BRL
284,1,2025-08-23,*,,PLANEJADA,,,pluggy-4a66b8fc-ca72-4700-99a5-8f8a197dbccf,pluggy,3d0492b4-0d84-49c0-9945-e3e9adc34d51,03000000,Investments,Assets:Investment:BB:Cash,-2000,BRL
285,0,2025-08-23,*,,PLANEJADA,,,pluggy-534efd0a-2797-46a4-bd69-75a6c5cfd51f,pluggy,3d0492b4-0d84-49c0-9945-e3e9adc34d51,03000000,Investments,Assets:Investment:BB:Savings,2000,BRL
285,1,2025-08-23,*,,PLANEJADA,,,pluggy-534efd0a-2797-46a4-bd69-75a6c5cfd51f,pluggy,3d0492b4-0d84-49c0-9945-e3e9adc34d51,03000000,Investments,Assets:Investment:BB:Cash,-2000,BRL
286,0,2025-08-23,*,,PG TEC CONCURSOS TECC   551197024883 BR,,,pluggy-d4988bfd-7601-45b8-9c71-12307f40f188,pluggy,75f30132-31a8-4b54-9be0-648009b118db,07020003,School,Liabilities:Credit:BB:Card:EloGrafite,-39.9,BRL
286,1,2025-08-23,*,,PG TEC CONCURSOS TECC   551197024883 BR,,,pluggy-d4988bfd-7601-45b8-9c71-12307f40f188,pluggy,75f30132-31a8-4b54-9be0-648009b118db,07020003,School,Expenses:Educacao:Curso,39.9,BRL
287,0,2025-08-23,*,,TRANSF ENVIADA  15/11 GABRIEL BARROS RODRIGUES,,,pluggy-d6a2bc6b-8480-4e07-810b-d6f3f50faf98,pluggy,25eb5f6d-2529-4377-8de5-e38160459cff,04000000,Same person transfer,Assets:Investment:BB:Cash,-2000,BRL
287,1,2025-08-23,*,,TRANSF ENVIADA  15/11 GABRIEL BARROS RODRIGUES,,,pluggy-d6a2bc6b-8480-4e07-810b-d6f3f50faf98,pluggy,25eb5f6d-2529-4377-8de5-e38160459cff,04000000,Same person transfer,Assets:Investment:BB:Savings,2000,BRL
288,0,2025-08-23,*,,TRANSF ENVIADA  15/11 GABRIEL BARROS RODRIGUES,,,pluggy-570a319b-227d-48a9-829b-7eb755743295,pluggy,25eb5f6d-2529-4377-8de5-e38160459cff,04000000,Same person transfer,Assets:Investment:BB:Cash,-2000,BRL
288,1,2025-08-23,*,,TRANSF ENVIADA  15/11 GABRIEL BARROS RODRIGUES,,,pluggy-570a319b-227d-48a9-829b-7eb755743295,pluggy,25eb5f6d-2529-4377-8de5-e38160459cff,04000000,Same person transfer,Assets:Investment:BB:Savings,2000,BRL
289,0,2025-08-23,*,,PROVENTOS       33.000.167/0001-01 PETROLEO BRASILEIRO,,,pluggy-dfb7185c-1f4d-408d-867e-c54cffe62094,pluggy,25eb5f6d-2529-4377-8de5-e38160459cff,03060000,Proceeds interests and dividends,Assets:Investment:BB:Cash,3354.95,BRL
289,1,2025-08-23,*,,PROVENTOS       33.000.167/0001-01 PETROLEO BRASILEIRO,,,pluggy-dfb7185c-1f4d-408d-867e-c54cffe62094,pluggy,25eb5f6d-2529-4377-8de5-e38160459cff,03060000,Proceeds interests and dividends,Income:Salario,-3354.95,BRL
290,0,2025-08-23,*,,JU MODAS               NOVA FRIBURGO BR,,,pluggy-72de3f22-a978-42de-a68f-ee483caa064a,pluggy,987decad-afee-4c0e-950e-85c3006a4b2e,08040000,Clothing,Liabilities:Credit:BB:Card:PlatinumVisa,-129.9,BRL
290,1,2025-08-23,*,,JU MODAS               NOVA FRIBURGO BR,,,pluggy-72de3f22-a978-42de-a68f-ee483caa064a,pluggy,987decad-afee-4c0e-950e-85c3006a4b2e,08040000,Clothing,Expenses:Pessoal:Compras,129.9,BRL
291,0,2025-08-23,*,,AnaPaulaRodrigues      RIO DE JANEIR BR,,,pluggy-0fbf8b3b-5174-46b7-a16c-1c841ee2850c,pluggy,987decad-afee-4c0e-950e-85c3006a4b2e,10000000,Groceries,Liabilities:Credit:BB:Card:PlatinumVisa,-10,BRL
291,1,2025-08-23,*,,AnaPaulaRodrigues      RIO DE JANEIR BR,,,pluggy-0fbf8b3b-5174-46b7-a16c-1c841ee2850c,pluggy,987decad-afee-4c0e-950e-85c3006a4b2e,10000000,Groceries,Expenses:Geral,10,BRL
292,0,2025-08-24,*,,PIX - ENVIADO   24/08 00:29 Ana Carolina De Abreu Esco,,,pluggy-8cf6cd66-66c5-4e1f-a871-485adb06acbc,pluggy,25eb5f6d-2529-4377-8de5-e38160459cff,05070000,Transfer - PIX,Assets:Investment:BB:Cash,-130,BRL
292,1,2025-08-24,*,,PIX - ENVIADO   24/08 00:29 Ana Carolina De Abreu Esco,,,pluggy-8cf6cd66-66c5-4e1f-a871-485adb06acbc,pluggy,25eb5f6d-2529-4377-8de5-e38160459cff,05070000,Transfer - PIX,Expenses:Geral:Caol,130,BRL
293,0,2025-08-24,*,,Drogarias Pacheco S.A. Rio d Janeiro BR,,,pluggy-9c2a6e3a-f963-478d-9f34-226912daeb45,pluggy,987decad-afee-4c0e-950e-85c3006a4b2e,18020000,Pharmacy,Liabilities:Credit:BB:Card:PlatinumVisa,-27.33,BRL
293,1,2025-08-24,*,,Drogarias Pacheco S.A. Rio d Janeiro BR,,,pluggy-9c2a6e3a-f963-478d-9f34-226912daeb45,pluggy,987decad-afee-4c0e-950e-85c3006a4b2e,18020000,Pharmacy,Expenses:Saude:Farmacia,27.33,BRL
294,0,2025-08-25,*,,REAJ.MON. BC,,,pluggy-70980c12-8910-417f-be85-cacbb2de7b13,pluggy,3d0492b4-0d84-49c0-9945-e3e9adc34d51,06010000,Blocked balances,Assets:Investment:BB:Savings,6.98,BRL
294,1,2025-08-25,*,,REAJ.MON. BC,,,pluggy-70980c12-8910-417f-be85-cacbb2de7b13,pluggy,3d0492b4-0d84-49c0-9945-e3e9adc34d51,06010000,Blocked balances,Income:Investment:Interest,-6.98,BRL
295,0,2025-08-25,*,,JUROS,,,pluggy-62ea04fb-2e18-4529-8e8c-3fc939c9de33,pluggy,3d0492b4-0d84-49c0-9945-e3e9adc34d51,02020000,Interests charged,Assets:Investment:BB:Savings,20.31,BRL
295,1,2025-08-25,*,,JUROS,,,pluggy-62ea04fb-2e18-4529-8e8c-3fc939c9de33,pluggy,3d0492b4-0d84-49c0-9945-e3e9adc34d51,02020000,Interests charged,Income:Investment:Interest,-20.31,BRL
296,0,2025-08-25,*,,PIX - RECEBIDO  24/08 22:25 15585324713 RAFAEL BARROS,,,pluggy-2abf994e-699d-422f-ab5d-b7cd4a88de7c,pluggy,25eb5f6d-2529-4377-8de5-e38160459cff,05070000,Transfer - PIX,Assets:Investment:BB:Cash,1150,BRL
296,1,2025-08-25,*,,PIX - RECEBIDO  24/08 22:25 15585324713 RAFAEL BARROS,,,pluggy-2abf994e-699d-422f-ab5d-b7cd4a88de7c,pluggy,25eb5f6d-2529-4377-8de5-e38160459cff,05070000,Transfer - PIX,Equity:Transfers,-1150,BRL
297,0,2025-08-25,*,,MERCADOLIVRE*MERCADOLI SO PAULO      BR,,,pluggy-eaf9ede5-918f-4816-a944-34c4531278f5,pluggy,987decad-afee-4c0e-950e-85c3006a4b2e,08010000,Online shopping,Liabilities:Credit:BB:Card:PlatinumVisa,-67.78,BRL
297,1,2025-08-25,*,,MERCADOLIVRE*MERCADOLI SO PAULO      BR,,,pluggy-eaf9ede5-918f-4816-a944-34c4531278f5,pluggy,987decad-afee-4c0e-950e-85c3006a4b2e,08010000,Online shopping,Expenses:Geral,67.78,BRL
298,0,2025-08-25,*,,PG *NUVEM AVIVARTERAPI SAO PAULO     BR,,,pluggy-2f739d48-78c5-4e04-a4b5-9f7d710b321d,pluggy,987decad-afee-4c0e-950e-85c3006a4b2e,08000000,Shopping,Liabilities:Credit:BB:Card:PlatinumVisa,-64.74,BRL
298,1,2025-08-25,*,,PG *NUVEM AVIVARTERAPI SAO PAULO     BR,,,pluggy-2f739d48-78c5-4e04-a4b5-9f7d710b321d,pluggy,987decad-afee-4c0e-950e-85c3006a4b2e,08000000,Shopping,Expenses:Geral,64.74,BRL
299,0,2025-08-26,*,,53185457Adriano        RIO DE JANEIR BR,,,pluggy-ed1c2976-f196-4c86-92da-96ee55c7c4bb,pluggy,987decad-afee-4c0e-950e-85c3006a4b2e,11010000,Eating out,Liabilities:Credit:BB:Card:PlatinumVisa,-6,BRL
299,1,2025-08-26,*,,53185457Adriano        RIO DE JANEIR BR,,,pluggy-ed1c2976-f196-4c86-92da-96ee55c7c4bb,pluggy,987decad-afee-4c0e-950e-85c3006a4b2e,11010000,Eating out,Expenses:Geral,6,BRL
300,0,2025-08-27,*,,JUROS S/ CAPITAL DE CLIENTES TAEE11 S/            700,,,pluggy-edede6a2-4508-4ab5-9330-c2ff9278a9ab,pluggy,e4d40b2d-f720-4570-8fb6-89c9a12e1e2f,02020000,Interests charged,Assets:Investment:XP:Cash,325.18,BRL
300,1,2025-08-27,*,,JUROS S/ CAPITAL DE CLIENTES TAEE11 S/            700,,,pluggy-edede6a2-4508-4ab5-9330-c2ff9278a9ab,pluggy,e4d40b2d-f720-4570-8fb6-89c9a12e1e2f,02020000,Interests charged,Income:Investment:XP:JCP,-325.18,BRL
301,0,2025-08-27,*,,JUROS S/ CAPITAL DE CLIENTES TAEE11 S/            700,,,pluggy-02201c6e-43fa-4274-81cd-5362ea0f60fe,pluggy,ffd6004e-1066-4c1c-9ece-826c45ffda7d,02020000,Interests charged,Assets:Investment:XP:Cash,325.18,BRL
301,1,2025-08-27,*,,JUROS S/ CAPITAL DE CLIENTES TAEE11 S/            700,,,pluggy-02201c6e-43fa-4274-81cd-5362ea0f60fe,pluggy,ffd6004e-1066-4c1c-9ece-826c45ffda7d,02020000,Interests charged,Income:Investment:XP:JCP,-325.18,BRL
302,0,2025-08-27,*,,PIX - ENVIADO   27/08 09:54 Ana Carolina De Abreu Esco,,,pluggy-4513eac9-7245-4deb-843b-b823399e1b92,pluggy,25eb5f6d-2529-4377-8de5-e38160459cff,05070000,Transfer - PIX,Assets:Investment:BB:Cash,-260,BRL
302,1,2025-08-27,*,,PIX - ENVIADO   27/08 09:54 Ana Carolina De Abreu Esco,,,pluggy-4513eac9-7245-4deb-843b-b823399e1b92,pluggy,25eb5f6d-2529-4377-8de5-e38160459cff,05070000,Transfer - PIX,Expenses:Geral:Caol,260,BRL
303,0,2025-08-28,*,,Wellhub Gympass BR GympSao Paulo     BR,,,pluggy-ea2e6823-a0f8-4fb2-b8c8-d17a0be02946,pluggy,987decad-afee-4c0e-950e-85c3006a4b2e,07030001,Gyms and fitness centers,Liabilities:Credit:BB:Card:PlatinumVisa,-75.9,BRL
303,1,2025-08-28,*,,Wellhub Gympass BR GympSao Paulo     BR,,,pluggy-ea2e6823-a0f8-4fb2-b8c8-d17a0be02946,pluggy,987decad-afee-4c0e-950e-85c3006a4b2e,07030001,Gyms and fitness centers,Expenses:Saude:Academia,75.9,BRL
304,0,2025-08-28,*,,ANUIDADE DIFERENCIADA ADC-PARC 10/12 BR,,,pluggy-9aaf9ec2-8cf6-48d7-b868-bd20b75e3290,pluggy,987decad-afee-4c0e-950e-85c3006a4b2e,16030000,Credit card fees,Liabilities:Credit:BB:Card:PlatinumVisa,-22.75,BRL
304,1,2025-08-28,*,,ANUIDADE DIFERENCIADA ADC-PARC 10/12 BR,,,pluggy-9aaf9ec2-8cf6-48d7-b868-bd20b75e3290,pluggy,987decad-afee-4c0e-950e-85c3006a4b2e,16030000,Credit card fees,Expenses:Taxas:Banco,22.75,BRL
305,0,2025-08-28,*,,DESC AUTOMATICO ANUID ADC-PARC 10/12 BR,,,pluggy-8d185bfc-d30a-4e5e-ab3c-62a741de7547,pluggy,987decad-afee-4c0e-950e-85c3006a4b2e,16030000,Credit card fees,Liabilities:Credit:BB:Card:PlatinumVisa,22.75,BRL
305,1,2025-08-28,*,,DESC AUTOMATICO ANUID ADC-PARC 10/12 BR,,,pluggy-8d185bfc-d30a-4e5e-ab3c-62a741de7547,pluggy,987decad-afee-4c0e-950e-85c3006a4b2e,16030000,Credit card fees,Expenses:Taxas:Banco,-22.75,BRL
306,0,2025-08-28,*,,DROGARIAS PACHECO SA   RIO DE JANEIR BR,,,pluggy-67b7ca92-6da1-490d-aa75-c25ef2986458,pluggy,987decad-afee-4c0e-950e-85c3006a4b2e,18020000,Pharmacy,Liabilities:Credit:BB:Card:PlatinumVisa,-215.41,BRL
306,1,2025-08-28,*,,DROGARIAS PACHECO SA   RIO DE JANEIR BR,,,pluggy-67b7ca92-6da1-490d-aa75-c25ef2986458,pluggy,987decad-afee-4c0e-950e-85c3006a4b2e,18020000,Pharmacy,Expenses:Saude:Farmacia,215.41,BRL
307,0,2025-08-28,*,,DROGARIA VENANCIO      RIO DE JANEIR BR,,,pluggy-5d77451e-35af-468a-bb52-25333d7d2f54,pluggy,987decad-afee-4c0e-950e-85c3006a4b2e,18020000,Pharmacy,Liabilities:Credit:BB:Card:PlatinumVisa,-365.19,BRL
307,1,2025-08-28,*,,DROGARIA VENANCIO      RIO DE JANEIR BR,,,pluggy-5d77451e-35af-468a-bb52-25333d7d2f54,pluggy,987decad-afee-4c0e-950e-85c3006a4b2e,18020000,Pharmacy,Expenses:Saude:Farmacia,365.19,BRL
308,0,2025-08-28,*,,Google Disney Mobile   SAO PAULO     BR,,,pluggy-11a48b92-c9ac-4747-9580-8ac967e70219,pluggy,987decad-afee-4c0e-950e-85c3006a4b2e,07010003,TV,Liabilities:Credit:BB:Card:PlatinumVisa,-65.41,BRL
308,1,2025-08-28,*,,Google Disney Mobile   SAO PAULO     BR,,,pluggy-11a48b92-c9ac-4747-9580-8ac967e70219,pluggy,987decad-afee-4c0e-950e-85c3006a4b2e,07010003,TV,Expenses:Lazer:Streaming,65.41,BRL
309,0,2025-08-29,*,,JUROS S/ CAPITAL DE CLIENTES ITUB3 S/            220,,,pluggy-d14b8f04-90e9-449b-b61a-c5661fa90200,pluggy,e4d40b2d-f720-4570-8fb6-89c9a12e1e2f,02020000,Interests charged,Assets:Investment:XP:Cash,67.95,BRL
309,1,2025-08-29,*,,JUROS S/ CAPITAL DE CLIENTES ITUB3 S/            220,,,pluggy-d14b8f04-90e9-449b-b61a-c5661fa90200,pluggy,e4d40b2d-f720-4570-8fb6-89c9a12e1e2f,02020000,Interests charged,Income:Investment:XP:JCP,-67.95,BRL
310,0,2025-08-29,*,,JUROS S/ CAPITAL DE CLIENTES ITUB3 S/            220,,,pluggy-b681e9dd-85d6-4c65-a322-1bb52d0109cb,pluggy,e4d40b2d-f720-4570-8fb6-89c9a12e1e2f,02020000,Interests charged,Assets:Investment:XP:Cash,62.48,BRL
310,1,2025-08-29,*,,JUROS S/ CAPITAL DE CLIENTES ITUB3 S/            220,,,pluggy-b681e9dd-85d6-4c65-a322-1bb52d0109cb,pluggy,e4d40b2d-f720-4570-8fb6-89c9a12e1e2f,02020000,Interests charged,Income:Investment:XP:JCP,-62.48,BRL
311,0,2025-08-29,*,,JUROS S/ CAPITAL DE CLIENTES ITUB3 S/            220,,,pluggy-f7a935ea-5782-427c-9d33-a63da96612e3,pluggy,ffd6004e-1066-4c1c-9ece-826c45ffda7d,02020000,Interests charged,Assets:Investment:XP:Cash,67.95,BRL
311,1,2025-08-29,*,,JUROS S/ CAPITAL DE CLIENTES ITUB3 S/            220,,,pluggy-f7a935ea-5782-427c-9d33-a63da96612e3,pluggy,ffd6004e-1066-4c1c-9ece-826c45ffda7d,02020000,Interests charged,Income:Investment:XP:JCP,-67.95,BRL
312,0,2025-08-29,*,,JUROS S/ CAPITAL DE CLIENTES ITUB3 S/            220,,,pluggy-b777999b-e57a-4a23-95f5-2422b60ad3fc,pluggy,ffd6004e-1066-4c1c-9ece-826c45ffda7d,02020000,Interests charged,Assets:Investment:XP:Cash,62.48,BRL
312,1,2025-08-29,*,,JUROS S/ CAPITAL DE CLIENTES ITUB3 S/            220,,,pluggy-b777999b-e57a-4a23-95f5-2422b60ad3fc,pluggy,ffd6004e-1066-4c1c-9ece-826c45ffda7d,02020000,Interests charged,Income:Investment:XP:JCP,-62.48,BRL
313,0,2025-08-29,*,,CAES E GATOS PET SHOP  RIO DE JANEIR BR,,,pluggy-1961a62c-9754-4a41-8e37-dc532f4c24eb,pluggy,987decad-afee-4c0e-950e-85c3006a4b2e,08030000,Pet supplies and vet,Liabilities:Credit:BB:Card:PlatinumVisa,-21.5,BRL
313,1,2025-08-29,*,,CAES E GATOS PET SHOP  RIO DE JANEIR BR,,,pluggy-1961a62c-9754-4a41-8e37-dc532f4c24eb,pluggy,987decad-afee-4c0e-950e-85c3006a4b2e,08030000,Pet supplies and vet,Expenses:Pet:Petshop,21.5,BRL
314,0,2025-08-30,*,,PIX - AGEND     30/08 05:37 Rafael Barros Rodrigues,,,pluggy-3b027a54-e47f-4b8b-b317-2601e92f7e0d,pluggy,25eb5f6d-2529-4377-8de5-e38160459cff,05070000,Transfer - PIX,Assets:Investment:BB:Cash,-1000,BRL
314,1,2025-08-30,*,,PIX - AGEND     30/08 05:37 Rafael Barros Rodrigues,,,pluggy-3b027a54-e47f-4b8b-b317-2601e92f7e0d,pluggy,25eb5f6d-2529-4377-8de5-e38160459cff,05070000,Transfer - PIX,Expenses:Geral,1000,BRL
315,0,2025-08-30,*,,SUPERM PRINCESA LJ 165 RIO DE JANEIR BR,,,pluggy-b0897867-a4d4-4cbb-9b42-b0f566d9016b,pluggy,987decad-afee-4c0e-950e-85c3006a4b2e,10000000,Groceries,Liabilities:Credit:BB:Card:PlatinumVisa,-49.84,BRL
315,1,2025-08-30,*,,SUPERM PRINCESA LJ 165 RIO DE JANEIR BR,,,pluggy-b0897867-a4d4-4cbb-9b42-b0f566d9016b,pluggy,987decad-afee-4c0e-950e-85c3006a4b2e,10000000,Groceries,Expenses:Alimentação:Mercado,49.84,BRL
316,0,2025-08-30,*,,DROGARIAS PACHECO SA   RIO DE JANEIR BR,,,pluggy-8e8c4500-1138-43f1-9e45-e07215dbfb32,pluggy,987decad-afee-4c0e-950e-85c3006a4b2e,18020000,Pharmacy,Liabilities:Credit:BB:Card:PlatinumVisa,-349.5,BRL
316,1,2025-08-30,*,,DROGARIAS PACHECO SA   RIO DE JANEIR BR,,,pluggy-8e8c4500-1138-43f1-9e45-e07215dbfb32,pluggy,987decad-afee-4c0e-950e-85c3006a4b2e,18020000,Pharmacy,Expenses:Saude:Farmacia,349.5,BRL
317,0,2025-08-30,*,,ABRANTES MC LANCHONETE RIO DE JANEIR BR,,,pluggy-68c029fe-bca5-4c35-a9ef-4ecf43d65876,pluggy,987decad-afee-4c0e-950e-85c3006a4b2e,11010000,Eating out,Liabilities:Credit:BB:Card:PlatinumVisa,-20.8,BRL
317,1,2025-08-30,*,,ABRANTES MC LANCHONETE RIO DE JANEIR BR,,,pluggy-68c029fe-bca5-4c35-a9ef-4ecf43d65876,pluggy,987decad-afee-4c0e-950e-85c3006a4b2e,11010000,Eating out,Expenses:Alimentação:Restaurante,20.8,BRL
318,0,2025-08-30,*,,FINPET                 Rio de Janeir BR,,,pluggy-05b1708f-17ed-4a75-b31e-54ec7fe1af89,pluggy,987decad-afee-4c0e-950e-85c3006a4b2e,08030000,Pet supplies and vet,Liabilities:Credit:BB:Card:PlatinumVisa,-360,BRL
318,1,2025-08-30,*,,FINPET                 Rio de Janeir BR,,,pluggy-05b1708f-17ed-4a75-b31e-54ec7fe1af89,pluggy,987decad-afee-4c0e-950e-85c3006a4b2e,08030000,Pet supplies and vet,Expenses:Pet:Petshop,360,BRL
319,0,2025-08-31,*,,IFD MAYA EM CASA DELIV RIO DE JANEIR BR,,,pluggy-d7a2b57c-3e14-4ccd-9cb6-4f6d4782b2c2,pluggy,75f30132-31a8-4b54-9be0-648009b118db,11020000,Food delivery,Liabilities:Credit:BB:Card:EloGrafite,-60.89,BRL
319,1,2025-08-31,*,,IFD MAYA EM CASA DELIV RIO DE JANEIR BR,,,pluggy-d7a2b57c-3e14-4ccd-9cb6-4f6d4782b2c2,pluggy,75f30132-31a8-4b54-9be0-648009b118db,11020000,Food delivery,Expenses:Alimentação:Delivery,60.89,BRL
320,0,2025-09-01,*,,JUROS S/ CAPITAL DE CLIENTES ITUB3 S/            220,,,pluggy-19e52a9b-c709-46e7-a111-a43bcfdabb99,pluggy,e4d40b2d-f720-4570-8fb6-89c9a12e1e2f,02020000,Interests charged,Assets:Investment:XP:Cash,3.3,BRL
320,1,2025-09-01,*,,JUROS S/ CAPITAL DE CLIENTES ITUB3 S/            220,,,pluggy-19e52a9b-c709-46e7-a111-a43bcfdabb99,pluggy,e4d40b2d-f720-4570-8fb6-89c9a12e1e2f,02020000,Interests charged,Income:Investment:XP:JCP,-3.3,BRL
321,0,2025-09-01,*,,Uber UBER  TRIP HELP UBSAO PAULO     BR,,,pluggy-d422582e-324b-43c4-ad10-6c83e9630fb9,pluggy,75f30132-31a8-4b54-9be0-648009b118db,19010000,Taxi and ride-hailing,Liabilities:Credit:BB:Card:EloGrafite,-131.85,BRL
321,1,2025-09-01,*,,Uber UBER  TRIP HELP UBSAO PAULO     BR,,,pluggy-d422582e-324b-43c4-ad10-6c83e9630fb9,pluggy,75f30132-31a8-4b54-9be0-648009b118db,19010000,Taxi and ride-hailing,Expenses:Transporte:Uber,131.85,BRL
322,0,2025-09-01,*,,JU MODAS               NOVA FRIBURGO BR,,,pluggy-31fe2472-c0b1-4271-8f96-2875c639dca0,pluggy,987decad-afee-4c0e-950e-85c3006a4b2e,08040000,Clothing,Liabilities:Credit:BB:Card:PlatinumVisa,129.9,BRL
322,1,2025-09-01,*,,JU MODAS               NOVA FRIBURGO BR,,,pluggy-31fe2472-c0b1-4271-8f96-2875c639dca0,pluggy,987decad-afee-4c0e-950e-85c3006a4b2e,08040000,Clothing,Expenses:Pessoal:Compras,-129.9,BRL
323,0,2025-09-02,*,,COSECHAS               RIO DE JANEIR BR,,,pluggy-fc6be624-3f10-4044-909d-9a9291420751,pluggy,987decad-afee-4c0e-950e-85c3006a4b2e,11010000,Eating out,Liabilities:Credit:BB:Card:PlatinumVisa,-20.5,BRL
323,1,2025-09-02,*,,COSECHAS               RIO DE JANEIR BR,,,pluggy-fc6be624-3f10-4044-909d-9a9291420751,pluggy,987decad-afee-4c0e-950e-85c3006a4b2e,11010000,Eating out,Expenses:Alimentação:Restaurante,20.5,BRL
324,0,2025-09-02,*,,SUPERM PRINCESA LJ 165 RIO DE JANEIR BR,,,pluggy-c48c72e1-753e-4c32-8a5d-4aa8082e174b,pluggy,987decad-afee-4c0e-950e-85c3006a4b2e,10000000,Groceries,Liabilities:Credit:BB:Card:PlatinumVisa,-45.65,BRL
324,1,2025-09-02,*,,SUPERM PRINCESA LJ 165 RIO DE JANEIR BR,,,pluggy-c48c72e1-753e-4c32-8a5d-4aa8082e174b,pluggy,987decad-afee-4c0e-950e-85c3006a4b2e,10000000,Groceries,Expenses:Alimentação:Mercado,45.65,BRL
325,0,2025-09-02,*,,AleCell                RIO DE JANEIR BR,,,pluggy-abc1045b-abcb-4b45-a923-e9db759796d3,pluggy,987decad-afee-4c0e-950e-85c3006a4b2e,07000000,Services,Liabilities:Credit:BB:Card:PlatinumVisa,-95,BRL
325,1,2025-09-02,*,,AleCell                RIO DE JANEIR BR,,,pluggy-abc1045b-abcb-4b45-a923-e9db759796d3,pluggy,987decad-afee-4c0e-950e-85c3006a4b2e,07000000,Services,Expenses:Comunicacao:Telefone,95,BRL
326,0,2025-09-02,*,,METRO RJ               RIO DE JANEIR BR,,,pluggy-5e7c6a2c-6217-4405-b742-878e2c1c7ed7,pluggy,987decad-afee-4c0e-950e-85c3006a4b2e,19020000,Public transportation,Liabilities:Credit:BB:Card:PlatinumVisa,-15.8,BRL
326,1,2025-09-02,*,,METRO RJ               RIO DE JANEIR BR,,,pluggy-5e7c6a2c-6217-4405-b742-878e2c1c7ed7,pluggy,987decad-afee-4c0e-950e-85c3006a4b2e,19020000,Public transportation,Expenses:Transporte:TransportePublico,15.8,BRL
327,0,2025-09-03,*,,JUROS S/ CAPITAL DE CLIENTES VALE3 S/            200,,,pluggy-c8a4f32c-1727-4f5b-bb36-4860e2f69903,pluggy,e4d40b2d-f720-4570-8fb6-89c9a12e1e2f,02020000,Interests charged,Assets:Investment:XP:Cash,322.21,BRL
327,1,2025-09-03,*,,JUROS S/ CAPITAL DE CLIENTES VALE3 S/            200,,,pluggy-c8a4f32c-1727-4f5b-bb36-4860e2f69903,pluggy,e4d40b2d-f720-4570-8fb6-89c9a12e1e2f,02020000,Interests charged,Income:Investment:XP:JCP,-322.21,BRL
328,0,2025-09-03,*,,JUROS S/ CAPITAL DE CLIENTES VALE3 S/            200,,,pluggy-6e6ce36e-a3f7-42c9-9919-b48c18efadc0,pluggy,ffd6004e-1066-4c1c-9ece-826c45ffda7d,02020000,Interests charged,Assets:Investment:XP:Cash,322.21,BRL
328,1,2025-09-03,*,,JUROS S/ CAPITAL DE CLIENTES VALE3 S/            200,,,pluggy-6e6ce36e-a3f7-42c9-9919-b48c18efadc0,pluggy,ffd6004e-1066-4c1c-9ece-826c45ffda7d,02020000,Interests charged,Income:Investment:XP:JCP,-322.21,BRL
329,0,2025-09-03,*,,Uber UBER  TRIP HELP UBSAO PAULO     BR,,,pluggy-65af84c4-ea40-4833-903f-5610c37377ec,pluggy,75f30132-31a8-4b54-9be0-648009b118db,19010000,Taxi and ride-hailing,Liabilities:Credit:BB:Card:EloGrafite,-5.25,BRL
329,1,2025-09-03,*,,Uber UBER  TRIP HELP UBSAO PAULO     BR,,,pluggy-65af84c4-ea40-4833-903f-5610c37377ec,pluggy,75f30132-31a8-4b54-9be0-648009b118db,19010000,Taxi and ride-hailing,Expenses:Transporte:Uber,5.25,BRL
330,0,2025-09-03,*,,Uber UBER  TRIP HELP UBSAO PAULO     BR,,,pluggy-3bca02ff-3ffb-4871-845a-2a924883045f,pluggy,75f30132-31a8-4b54-9be0-648009b118db,19010000,Taxi and ride-hailing,Liabilities:Credit:BB:Card:EloGrafite,-7.91,BRL
330,1,2025-09-03,*,,Uber UBER  TRIP HELP UBSAO PAULO     BR,,,pluggy-3bca02ff-3ffb-4871-845a-2a924883045f,pluggy,75f30132-31a8-4b54-9be0-648009b118db,19010000,Taxi and ride-hailing,Expenses:Transporte:Uber,7.91,BRL
331,0,2025-09-03,*,,PIX - ENVIADO   03/09 10:10 Ana Carolina De Abreu Esco,,,pluggy-4a0fc521-947c-4e9f-b6d2-fc544ba9c5cc,pluggy,25eb5f6d-2529-4377-8de5-e38160459cff,05070000,Transfer - PIX,Assets:Investment:BB:Cash,-850,BRL
331,1,2025-09-03,*,,PIX - ENVIADO   03/09 10:10 Ana Carolina De Abreu Esco,,,pluggy-4a0fc521-947c-4e9f-b6d2-fc544ba9c5cc,pluggy,25eb5f6d-2529-4377-8de5-e38160459cff,05070000,Transfer - PIX,Expenses:Geral:Caol,850,BRL
332,0,2025-09-03,*,,METRO RJ               RIO DE JANEIR BR,,,pluggy-6d65ac3e-ead7-4288-9220-875f3e228ccc,pluggy,987decad-afee-4c0e-950e-85c3006a4b2e,19020000,Public transportation,Liabilities:Credit:BB:Card:PlatinumVisa,-15.8,BRL
332,1,2025-09-03,*,,METRO RJ               RIO DE JANEIR BR,,,pluggy-6d65ac3e-ead7-4288-9220-875f3e228ccc,pluggy,987decad-afee-4c0e-950e-85c3006a4b2e,19020000,Public transportation,Expenses:Transporte:TransportePublico,15.8,BRL
333,0,2025-09-03,*,,AUTONOMO               RIO DE JANEIR BR,,,pluggy-36d8d3e0-9642-4526-a7e7-ddb7dc49585e,pluggy,987decad-afee-4c0e-950e-85c3006a4b2e,10000000,Groceries,Liabilities:Credit:BB:Card:PlatinumVisa,-18,BRL
333,1,2025-09-03,*,,AUTONOMO               RIO DE JANEIR BR,,,pluggy-36d8d3e0-9642-4526-a7e7-ddb7dc49585e,pluggy,987decad-afee-4c0e-950e-85c3006a4b2e,10000000,Groceries,Expenses:Geral,18,BRL
334,0,2025-09-04,*,,DL GOOGLE Ellati       1123958400    BR,,,pluggy-3a1254c0-8bc0-4383-842f-290034cf354a,pluggy,75f30132-31a8-4b54-9be0-648009b118db,09000000,Digital services,Liabilities:Credit:BB:Card:EloGrafite,-19.99,BRL
334,1,2025-09-04,*,,DL GOOGLE Ellati       1123958400    BR,,,pluggy-3a1254c0-8bc0-4383-842f-290034cf354a,pluggy,75f30132-31a8-4b54-9be0-648009b118db,09000000,Digital services,Expenses:Mensalidades:Outras,19.99,BRL
335,0,2025-09-04,*,,PIX - ENVIADO   04/09 13:20 Ana Carolina De Abreu Esco,,,pluggy-68c09233-24d2-4e22-b16f-72a982a351e8,pluggy,25eb5f6d-2529-4377-8de5-e38160459cff,05070000,Transfer - PIX,Assets:Investment:BB:Cash,-600,BRL
335,1,2025-09-04,*,,PIX - ENVIADO   04/09 13:20 Ana Carolina De Abreu Esco,,,pluggy-68c09233-24d2-4e22-b16f-72a982a351e8,pluggy,25eb5f6d-2529-4377-8de5-e38160459cff,05070000,Transfer - PIX,Expenses:Geral:Caol,600,BRL
336,0,2025-09-04,*,,HORTIFRUTI LOJA F059   NITEROI       BR,,,pluggy-ddf2bed3-f66b-4f1b-b325-a6c2871cc223,pluggy,987decad-afee-4c0e-950e-85c3006a4b2e,10000000,Groceries,Liabilities:Credit:BB:Card:PlatinumVisa,-17.07,BRL
336,1,2025-09-04,*,,HORTIFRUTI LOJA F059   NITEROI       BR,,,pluggy-ddf2bed3-f66b-4f1b-b325-a6c2871cc223,pluggy,987decad-afee-4c0e-950e-85c3006a4b2e,10000000,Groceries,Expenses:Alimentação:Mercado,17.07,BRL
337,0,2025-09-04,*,,REI DO MATE ICARAI     NITEROI       BR,,,pluggy-6af8db6b-2f8f-4c91-baa9-8bec1b4d1ae6,pluggy,987decad-afee-4c0e-950e-85c3006a4b2e,11010000,Eating out,Liabilities:Credit:BB:Card:PlatinumVisa,-28.9,BRL
337,1,2025-09-04,*,,REI DO MATE ICARAI     NITEROI       BR,,,pluggy-6af8db6b-2f8f-4c91-baa9-8bec1b4d1ae6,pluggy,987decad-afee-4c0e-950e-85c3006a4b2e,11010000,Eating out,Expenses:Alimentação:Restaurante,28.9,BRL
338,0,2025-09-04,*,,UBER * PENDING         SAO PAULO     BR,,,pluggy-666d5ca2-cc6f-4fad-afb8-94f92ff90578,pluggy,987decad-afee-4c0e-950e-85c3006a4b2e,19010000,Taxi and ride-hailing,Liabilities:Credit:BB:Card:PlatinumVisa,-66.29,BRL
338,1,2025-09-04,*,,UBER * PENDING         SAO PAULO     BR,,,pluggy-666d5ca2-cc6f-4fad-afb8-94f92ff90578,pluggy,987decad-afee-4c0e-950e-85c3006a4b2e,19010000,Taxi and ride-hailing,Expenses:Transporte:Uber,66.29,BRL
339,0,2025-09-04,*,,UBER * PENDING         SAO PAULO     BR,,,pluggy-1463310b-63c6-46fd-8062-e84f30553014,pluggy,987decad-afee-4c0e-950e-85c3006a4b2e,19010000,Taxi and ride-hailing,Liabilities:Credit:BB:Card:PlatinumVisa,-56.94,BRL
339,1,2025-09-04,*,,UBER * PENDING         SAO PAULO     BR,,,pluggy-1463310b-63c6-46fd-8062-e84f30553014,pluggy,987decad-afee-4c0e-950e-85c3006a4b2e,19010000,Taxi and ride-hailing,Expenses:Transporte:Uber,56.94,BRL
340,0,2025-09-05,*,,METRO RJ               RIO DE JANEIR BR,,,pluggy-f56c7cff-05fa-47c3-866c-cb17dd05941d,pluggy,75f30132-31a8-4b54-9be0-648009b118db,19020000,Public transportation,Liabilities:Credit:BB:Card:EloGrafite,-7.9,BRL
340,1,2025-09-05,*,,METRO RJ               RIO DE JANEIR BR,,,pluggy-f56c7cff-05fa-47c3-866c-cb17dd05941d,pluggy,75f30132-31a8-4b54-9be0-648009b118db,19020000,Public transportation,Expenses:Transporte:TransportePublico,7.9,BRL
341,0,2025-09-05,*,,CINEMARK BRASIL        SAO PAULO     BR,,,pluggy-eb8d90ab-c0a2-414b-b017-a7e13be78c26,pluggy,75f30132-31a8-4b54-9be0-648009b118db,07040003,"Cinema, theater and concerts",Liabilities:Credit:BB:Card:EloGrafite,-52.44,BRL
341,1,2025-09-05,*,,CINEMARK BRASIL        SAO PAULO     BR,,,pluggy-eb8d90ab-c0a2-414b-b017-a7e13be78c26,pluggy,75f30132-31a8-4b54-9be0-648009b118db,07040003,"Cinema, theater and concerts",Expenses:Lazer:Cinema,52.44,BRL
342,0,2025-09-05,*,,SmartCafe              SAO PAULO     BR,,,pluggy-883e2a31-8931-4931-ba8a-081ed13adcf3,pluggy,75f30132-31a8-4b54-9be0-648009b118db,10000000,Groceries,Liabilities:Credit:BB:Card:EloGrafite,-4.9,BRL
342,1,2025-09-05,*,,SmartCafe              SAO PAULO     BR,,,pluggy-883e2a31-8931-4931-ba8a-081ed13adcf3,pluggy,75f30132-31a8-4b54-9be0-648009b118db,10000000,Groceries,Expenses:Alimentação:Restaurante,4.9,BRL
343,0,2025-09-05,*,,LIGA DO ACAI           RIO DE JANEIR BR,,,pluggy-7c4db7c7-9ded-490b-93b3-c86e0dbd745f,pluggy,75f30132-31a8-4b54-9be0-648009b118db,11010000,Eating out,Liabilities:Credit:BB:Card:EloGrafite,-14,BRL
343,1,2025-09-05,*,,LIGA DO ACAI           RIO DE JANEIR BR,,,pluggy-7c4db7c7-9ded-490b-93b3-c86e0dbd745f,pluggy,75f30132-31a8-4b54-9be0-648009b118db,11010000,Eating out,Expenses:Alimentação:Restaurante,14,BRL
344,0,2025-09-05,*,,Uber UBER  TRIP HELP UBSAO PAULO     BR,,,pluggy-21031f8f-94b5-4e78-8242-50d7ba0126c7,pluggy,75f30132-31a8-4b54-9be0-648009b118db,19010000,Taxi and ride-hailing,Liabilities:Credit:BB:Card:EloGrafite,-15.93,BRL
344,1,2025-09-05,*,,Uber UBER  TRIP HELP UBSAO PAULO     BR,,,pluggy-21031f8f-94b5-4e78-8242-50d7ba0126c7,pluggy,75f30132-31a8-4b54-9be0-648009b118db,19010000,Taxi and ride-hailing,Expenses:Transporte:Uber,15.93,BRL
345,0,2025-09-05,*,,Uber UBER  TRIP HELP UBSAO PAULO     BR,,,pluggy-0b872659-6764-40cc-8388-ce6a28fceca2,pluggy,75f30132-31a8-4b54-9be0-648009b118db,19010000,Taxi and ride-hailing,Liabilities:Credit:BB:Card:EloGrafite,-13.41,BRL
345,1,2025-09-05,*,,Uber UBER  TRIP HELP UBSAO PAULO     BR,,,pluggy-0b872659-6764-40cc-8388-ce6a28fceca2,pluggy,75f30132-31a8-4b54-9be0-648009b118db,19010000,Taxi and ride-hailing,Expenses:Transporte:Uber,13.41,BRL
346,0,2025-09-05,*,,SUBWAY BOTAFOGO        RIO DE JANEIR BR,,,pluggy-0a8caf52-7843-41f8-b72f-2d9584ccd005,pluggy,75f30132-31a8-4b54-9be0-648009b118db,11010000,Eating out,Liabilities:Credit:BB:Card:EloGrafite,-70,BRL
346,1,2025-09-05,*,,SUBWAY BOTAFOGO        RIO DE JANEIR BR,,,pluggy-0a8caf52-7843-41f8-b72f-2d9584ccd005,pluggy,75f30132-31a8-4b54-9be0-648009b118db,11010000,Eating out,Expenses:Alimentação:Restaurante,70,BRL
347,0,2025-09-05,*,,SmartCafe              SAO PAULO     BR,,,pluggy-07896007-7a22-4b70-8a44-c1cd14233ca1,pluggy,75f30132-31a8-4b54-9be0-648009b118db,10000000,Groceries,Liabilities:Credit:BB:Card:EloGrafite,-7.9,BRL
347,1,2025-09-05,*,,SmartCafe              SAO PAULO     BR,,,pluggy-07896007-7a22-4b70-8a44-c1cd14233ca1,pluggy,75f30132-31a8-4b54-9be0-648009b118db,10000000,Groceries,Expenses:Alimentação:Restaurante,7.9,BRL
348,0,2025-09-05,*,,PIX - ENVIADO   05/09 09:54 Rodrigo Da Cunha Mangelli,,,pluggy-1cbdd19c-3457-4b42-877b-90a9cbe2d7e4,pluggy,25eb5f6d-2529-4377-8de5-e38160459cff,05070000,Transfer - PIX,Assets:Investment:BB:Cash,-2.95,BRL
348,1,2025-09-05,*,,PIX - ENVIADO   05/09 09:54 Rodrigo Da Cunha Mangelli,,,pluggy-1cbdd19c-3457-4b42-877b-90a9cbe2d7e4,pluggy,25eb5f6d-2529-4377-8de5-e38160459cff,05070000,Transfer - PIX,Expenses:Geral,2.95,BRL
349,0,2025-09-05,*,,EBN*SG TUTORIAL E      CURITIBA      BR,,,pluggy-2277018f-8981-41c8-8825-26e390a5c6b7,pluggy,987decad-afee-4c0e-950e-85c3006a4b2e,08000000,Shopping,Liabilities:Credit:BB:Card:PlatinumVisa,-170,BRL
349,1,2025-09-05,*,,EBN*SG TUTORIAL E      CURITIBA      BR,,,pluggy-2277018f-8981-41c8-8825-26e390a5c6b7,pluggy,987decad-afee-4c0e-950e-85c3006a4b2e,08000000,Shopping,Expenses:Geral,170,BRL
350,0,2025-09-05,*,,SUPERM PRINCESA LJ 165 RIO DE JANEIR BR,,,pluggy-063e05f9-e5b1-4036-991d-ec35c725d2b9,pluggy,987decad-afee-4c0e-950e-85c3006a4b2e,10000000,Groceries,Liabilities:Credit:BB:Card:PlatinumVisa,-60.2,BRL
350,1,2025-09-05,*,,SUPERM PRINCESA LJ 165 RIO DE JANEIR BR,,,pluggy-063e05f9-e5b1-4036-991d-ec35c725d2b9,pluggy,987decad-afee-4c0e-950e-85c3006a4b2e,10000000,Groceries,Expenses:Alimentação:Mercado,60.2,BRL
351,0,2025-09-06,*,,Uber UBER  TRIP HELP UBSAO PAULO     BR,,,pluggy-f662f61b-6aa9-4ebd-9dce-29b974d42328,pluggy,75f30132-31a8-4b54-9be0-648009b118db,19010000,Taxi and ride-hailing,Liabilities:Credit:BB:Card:EloGrafite,-98.17,BRL
351,1,2025-09-06,*,,Uber UBER  TRIP HELP UBSAO PAULO     BR,,,pluggy-f662f61b-6aa9-4ebd-9dce-29b974d42328,pluggy,75f30132-31a8-4b54-9be0-648009b118db,19010000,Taxi and ride-hailing,Expenses:Transporte:Uber,98.17,BRL
352,0,2025-09-06,*,,IFD RESTAURANTE PLANAL JUNDIAI       BR,,,pluggy-5e82519e-6478-4692-bb08-83d44ad9ba9f,pluggy,75f30132-31a8-4b54-9be0-648009b118db,11010000,Eating out,Liabilities:Credit:BB:Card:EloGrafite,-48.79,BRL
352,1,2025-09-06,*,,IFD RESTAURANTE PLANAL JUNDIAI       BR,,,pluggy-5e82519e-6478-4692-bb08-83d44ad9ba9f,pluggy,75f30132-31a8-4b54-9be0-648009b118db,11010000,Eating out,Expenses:Alimentação:Delivery,48.79,BRL
353,0,2025-09-07,*,,iFood                  Osasco        BR,,,pluggy-5b88d90f-8aa1-4372-ba4b-479b17c1f26a,pluggy,75f30132-31a8-4b54-9be0-648009b118db,10000000,Groceries,Liabilities:Credit:BB:Card:EloGrafite,-5.95,BRL
353,1,2025-09-07,*,,iFood                  Osasco        BR,,,pluggy-5b88d90f-8aa1-4372-ba4b-479b17c1f26a,pluggy,75f30132-31a8-4b54-9be0-648009b118db,10000000,Groceries,Expenses:Alimentação:Delivery,5.95,BRL
354,0,2025-09-07,*,,aliexpress             SAO PAULO     BR,,,pluggy-1f2d38b2-a173-405b-97ca-a145461fb42e,pluggy,987decad-afee-4c0e-950e-85c3006a4b2e,08010000,Online shopping,Liabilities:Credit:BB:Card:PlatinumVisa,-200.47,BRL
354,1,2025-09-07,*,,aliexpress             SAO PAULO     BR,,,pluggy-1f2d38b2-a173-405b-97ca-a145461fb42e,pluggy,987decad-afee-4c0e-950e-85c3006a4b2e,08010000,Online shopping,Expenses:Pessoal:Compras,200.47,BRL
355,0,2025-09-08,*,,TRANSF CTA,,,pluggy-86d7f453-b75f-488b-bceb-17245b0de862,pluggy,3d0492b4-0d84-49c0-9945-e3e9adc34d51,04000000,Same person transfer,Assets:Investment:BB:Savings,-8000,BRL
355,1,2025-09-08,*,,TRANSF CTA,,,pluggy-86d7f453-b75f-488b-bceb-17245b0de862,pluggy,3d0492b4-0d84-49c0-9945-e3e9adc34d51,04000000,Same person transfer,Assets:Investment:BB:Cash,8000,BRL
356,0,2025-09-08,*,,TRF POUPANCA    08/09 19:46 GABRIEL BARROS RODRIGUES,,,pluggy-0ed8b38c-e998-4a4b-9308-e9e64077243e,pluggy,25eb5f6d-2529-4377-8de5-e38160459cff,04000000,Same person transfer,Assets:Investment:BB:Cash,8000,BRL
356,1,2025-09-08,*,,TRF POUPANCA    08/09 19:46 GABRIEL BARROS RODRIGUES,,,pluggy-0ed8b38c-e998-4a4b-9308-e9e64077243e,pluggy,25eb5f6d-2529-4377-8de5-e38160459cff,04000000,Same person transfer,Assets:Investment:BB:Savings,-8000,BRL
357,0,2025-09-08,*,,UDEMY SUBSCRIPTION     DUBLIN        IE,,,pluggy-d06f1589-6c33-4706-9a47-6efbb84d181c,pluggy,987decad-afee-4c0e-950e-85c3006a4b2e,07020003,School,Liabilities:Credit:BB:Card:PlatinumVisa,-243,BRL
357,1,2025-09-08,*,,UDEMY SUBSCRIPTION     DUBLIN        IE,,,pluggy-d06f1589-6c33-4706-9a47-6efbb84d181c,pluggy,987decad-afee-4c0e-950e-85c3006a4b2e,07020003,School,Expenses:Educacao:Curso,243,BRL
358,0,2025-09-08,*,,AEROLINEAS ARGENTINAS  Caba          BR,,,pluggy-bf967ef7-f61f-4db6-b647-4e4090a41ff3,pluggy,987decad-afee-4c0e-950e-85c3006a4b2e,12010000,Airport and airlines,Liabilities:Credit:BB:Card:PlatinumVisa,-7241.94,BRL
358,1,2025-09-08,*,,AEROLINEAS ARGENTINAS  Caba          BR,,,pluggy-bf967ef7-f61f-4db6-b647-4e4090a41ff3,pluggy,987decad-afee-4c0e-950e-85c3006a4b2e,12010000,Airport and airlines,Expenses:Viagens:Voo,7241.94,BRL
359,0,2025-09-08,*,,UBER * PENDING         SAO PAULO     BR,,,pluggy-21833cf0-d4de-4627-8f04-f87b90078aa2,pluggy,987decad-afee-4c0e-950e-85c3006a4b2e,19010000,Taxi and ride-hailing,Liabilities:Credit:BB:Card:PlatinumVisa,-87.66,BRL
359,1,2025-09-08,*,,UBER * PENDING         SAO PAULO     BR,,,pluggy-21833cf0-d4de-4627-8f04-f87b90078aa2,pluggy,987decad-afee-4c0e-950e-85c3006a4b2e,19010000,Taxi and ride-hailing,Expenses:Transporte:Uber,87.66,BRL
360,0,2025-09-09,*,,REAJ.MON. BC,,,pluggy-ef915248-7a53-4a81-8912-cc48a6d111bd,pluggy,3d0492b4-0d84-49c0-9945-e3e9adc34d51,06010000,Blocked balances,Assets:Investment:BB:Savings,7.04,BRL
360,1,2025-09-09,*,,REAJ.MON. BC,,,pluggy-ef915248-7a53-4a81-8912-cc48a6d111bd,pluggy,3d0492b4-0d84-49c0-9945-e3e9adc34d51,06010000,Blocked balances,Income:Investment:Interest,-7.04,BRL
361,0,2025-09-09,*,,JUROS,,,pluggy-3f05b450-6f79-498f-a5d0-caef5f97849e,pluggy,3d0492b4-0d84-49c0-9945-e3e9adc34d51,02020000,Interests charged,Assets:Investment:BB:Savings,20.24,BRL
361,1,2025-09-09,*,,JUROS,,,pluggy-3f05b450-6f79-498f-a5d0-caef5f97849e,pluggy,3d0492b4-0d84-49c0-9945-e3e9adc34d51,02020000,Interests charged,Income:Investment:Interest,-20.24,BRL
362,0,2025-09-09,*,,PIX - ENVIADO   09/09 13:26 Ana Carolina De Abreu Esco,,,pluggy-7a2c5b26-f2ea-4742-92ca-8078b94e308e,pluggy,25eb5f6d-2529-4377-8de5-e38160459cff,05070000,Transfer - PIX,Assets:Investment:BB:Cash,-550,BRL
362,1,2025-09-09,*,,PIX - ENVIADO   09/09 13:26 Ana Carolina De Abreu Esco,,,pluggy-7a2c5b26-f2ea-4742-92ca-8078b94e308e,pluggy,25eb5f6d-2529-4377-8de5-e38160459cff,05070000,Transfer - PIX,Expenses:Geral:Caol,550,BRL
363,0,2025-09-09,*,,IOF - COMPRA NO EXTERIOR,,,pluggy-d8112412-0dcb-4c86-b6dc-97a11db80996,pluggy,987decad-afee-4c0e-950e-85c3006a4b2e,15030000,Tax on financial operations,Liabilities:Credit:BB:Card:PlatinumVisa,-8.5,BRL
363,1,2025-09-09,*,,IOF - COMPRA NO EXTERIOR,,,pluggy-d8112412-0dcb-4c86-b6dc-97a11db80996,pluggy,987decad-afee-4c0e-950e-85c3006a4b2e,15030000,Tax on financial operations,Expenses:Taxas:Imposto,8.5,BRL
364,0,2025-09-09,*,,COLONIAL               NITEROI       BR,,,pluggy-bd374087-1088-4794-ad61-d0d793be68dd,pluggy,987decad-afee-4c0e-950e-85c3006a4b2e,10000000,Groceries,Liabilities:Credit:BB:Card:PlatinumVisa,-24.7,BRL
364,1,2025-09-09,*,,COLONIAL               NITEROI       BR,,,pluggy-bd374087-1088-4794-ad61-d0d793be68dd,pluggy,987decad-afee-4c0e-950e-85c3006a4b2e,10000000,Groceries,Expenses:Alimentação:Mercado,24.7,BRL
365,0,2025-09-09,*,,UBER* TRIP             WWW.UBER.COM. BR,,,pluggy-9a119cd9-9c22-4f4d-85a2-a910110b9cfe,pluggy,987decad-afee-4c0e-950e-85c3006a4b2e,19010000,Taxi and ride-hailing,Liabilities:Credit:BB:Card:PlatinumVisa,-69.91,BRL
365,1,2025-09-09,*,,UBER* TRIP             WWW.UBER.COM. BR,,,pluggy-9a119cd9-9c22-4f4d-85a2-a910110b9cfe,pluggy,987decad-afee-4c0e-950e-85c3006a4b2e,19010000,Taxi and ride-hailing,Expenses:Transporte:Uber,69.91,BRL
366,0,2025-09-09,*,,LINKEDIN               SAO PAULO     BR,,,pluggy-9935eeef-6dcc-4dd0-a71e-7811c6f70771,pluggy,987decad-afee-4c0e-950e-85c3006a4b2e,09000000,Digital services,Liabilities:Credit:BB:Card:PlatinumVisa,-69.99,BRL
366,1,2025-09-09,*,,LINKEDIN               SAO PAULO     BR,,,pluggy-9935eeef-6dcc-4dd0-a71e-7811c6f70771,pluggy,987decad-afee-4c0e-950e-85c3006a4b2e,09000000,Digital services,Expenses:Mensalidades:Outras,69.99,BRL
367,0,2025-09-09,*,,UBER* TRIP             WWW.UBER.COM. BR,,,pluggy-939a9528-51a8-4f22-bbd8-6835eb402096,pluggy,987decad-afee-4c0e-950e-85c3006a4b2e,19010000,Taxi and ride-hailing,Liabilities:Credit:BB:Card:PlatinumVisa,-73.99,BRL
367,1,2025-09-09,*,,UBER* TRIP             WWW.UBER.COM. BR,,,pluggy-939a9528-51a8-4f22-bbd8-6835eb402096,pluggy,987decad-afee-4c0e-950e-85c3006a4b2e,19010000,Taxi and ride-hailing,Expenses:Transporte:Uber,73.99,BRL
368,0,2025-09-10,*,,REAJ.MON. BC,,,pluggy-f1e1b19a-a5e3-495a-98f4-51dc12d52a3f,pluggy,3d0492b4-0d84-49c0-9945-e3e9adc34d51,06010000,Blocked balances,Assets:Investment:BB:Savings,3.52,BRL
368,1,2025-09-10,*,,REAJ.MON. BC,,,pluggy-f1e1b19a-a5e3-495a-98f4-51dc12d52a3f,pluggy,3d0492b4-0d84-49c0-9945-e3e9adc34d51,06010000,Blocked balances,Income:Investment:Interest,-3.52,BRL
369,0,2025-09-10,*,,JUROS,,,pluggy-224db3b5-4f02-45f3-851c-b11daad74c7f,pluggy,3d0492b4-0d84-49c0-9945-e3e9adc34d51,02020000,Interests charged,Assets:Investment:BB:Savings,10.02,BRL
369,1,2025-09-10,*,,JUROS,,,pluggy-224db3b5-4f02-45f3-851c-b11daad74c7f,pluggy,3d0492b4-0d84-49c0-9945-e3e9adc34d51,02020000,Interests charged,Income:Investment:Interest,-10.02,BRL
370,0,2025-09-10,*,,PLANEJADA,,,pluggy-a980375a-7402-4bb1-9e7b-c4da2bf09ff8,pluggy,3d0492b4-0d84-49c0-9945-e3e9adc34d51,03000000,Investments,Assets:Investment:BB:Savings,2000,BRL
370,1,2025-09-10,*,,PLANEJADA,,,pluggy-a980375a-7402-4bb1-9e7b-c4da2bf09ff8,pluggy,3d0492b4-0d84-49c0-9945-e3e9adc34d51,03000000,Investments,Assets:Investment:BB:Cash,-2000,BRL
371,0,2025-09-10,*,,REGINA LANCHES         MARICA        BR,,,pluggy-fe38ac0e-cad8-48ec-a66d-0cfd72cee29a,pluggy,75f30132-31a8-4b54-9be0-648009b118db,11010000,Eating out,Liabilities:Credit:BB:Card:EloGrafite,-33,BRL
371,1,2025-09-10,*,,REGINA LANCHES         MARICA        BR,,,pluggy-fe38ac0e-cad8-48ec-a66d-0cfd72cee29a,pluggy,75f30132-31a8-4b54-9be0-648009b118db,11010000,Eating out,Expenses:Alimentação:Restaurante,33,BRL
372,0,2025-09-10,*,,Uber UBER  TRIP HELP UBSAO PAULO     BR,,,pluggy-fa7d0da0-be67-4a70-867a-6c0b7f9705cc,pluggy,75f30132-31a8-4b54-9be0-648009b118db,19010000,Taxi and ride-hailing,Liabilities:Credit:BB:Card:EloGrafite,-8.93,BRL
372,1,2025-09-10,*,,Uber UBER  TRIP HELP UBSAO PAULO     BR,,,pluggy-fa7d0da0-be67-4a70-867a-6c0b7f9705cc,pluggy,75f30132-31a8-4b54-9be0-648009b118db,19010000,Taxi and ride-hailing,Expenses:Transporte:Uber,8.93,BRL
373,0,2025-09-10,*,,Uber UBER  TRIP HELP UBSAO PAULO     BR,,,pluggy-f87664c6-da7b-4a69-a4d5-b34689f838da,pluggy,75f30132-31a8-4b54-9be0-648009b118db,19010000,Taxi and ride-hailing,Liabilities:Credit:BB:Card:EloGrafite,-59.97,BRL
373,1,2025-09-10,*,,Uber UBER  TRIP HELP UBSAO PAULO     BR,,,pluggy-f87664c6-da7b-4a69-a4d5-b34689f838da,pluggy,75f30132-31a8-4b54-9be0-648009b118db,19010000,Taxi and ride-hailing,Expenses:Transporte:Uber,59.97,BRL
374,0,2025-09-10,*,,PGTO DEBITO CONTA 3836 000000008  200211,,,pluggy-4f2432c2-f8cd-4d41-b1f3-8d7bd1c628d7,pluggy,75f30132-31a8-4b54-9be0-648009b118db,05060000,Transfer - Internal,Liabilities:Credit:BB:Card:EloGrafite,50.07,BRL
374,1,2025-09-10,*,,PGTO DEBITO CONTA 3836 000000008  200211,,,pluggy-4f2432c2-f8cd-4d41-b1f3-8d7bd1c628d7,pluggy,75f30132-31a8-4b54-9be0-648009b118db,05060000,Transfer - Internal,Assets:Investment:BB:Cash,-50.07,BRL
375,0,2025-09-10,*,,Uber UBER  TRIP HELP UBSAO PAULO     BR,,,pluggy-448ac640-771c-4692-87dc-00672737c0fa,pluggy,75f30132-31a8-4b54-9be0-648009b118db,19010000,Taxi and ride-hailing,Liabilities:Credit:BB:Card:EloGrafite,-90.97,BRL
375,1,2025-09-10,*,,Uber UBER  TRIP HELP UBSAO PAULO     BR,,,pluggy-448ac640-771c-4692-87dc-00672737c0fa,pluggy,75f30132-31a8-4b54-9be0-648009b118db,19010000,Taxi and ride-hailing,Expenses:Transporte:Uber,90.97,BRL
376,0,2025-09-10,*,,TRANSF ENVIADA  15/11 GABRIEL BARROS RODRIGUES,,,pluggy-bcbef526-7c3b-43af-8e94-f8c17835647e,pluggy,25eb5f6d-2529-4377-8de5-e38160459cff,04000000,Same person transfer,Assets:Investment:BB:Cash,-2000,BRL
376,1,2025-09-10,*,,TRANSF ENVIADA  15/11 GABRIEL BARROS RODRIGUES,,,pluggy-bcbef526-7c3b-43af-8e94-f8c17835647e,pluggy,25eb5f6d-2529-4377-8de5-e38160459cff,04000000,Same person transfer,Assets:Investment:BB:Savings,2000,BRL
377,0,2025-09-10,*,,PROVENTOS       33.000.167/0001-01 PETROLEO BRASILEIRO,,,pluggy-dcd697cf-781e-47eb-b3bc-579a5352122b,pluggy,25eb5f6d-2529-4377-8de5-e38160459cff,03060000,Proceeds interests and dividends,Assets:Investment:BB:Cash,3764.75,BRL
377,1,2025-09-10,*,,PROVENTOS       33.000.167/0001-01 PETROLEO BRASILEIRO,,,pluggy-dcd697cf-781e-47eb-b3bc-579a5352122b,pluggy,25eb5f6d-2529-4377-8de5-e38160459cff,03060000,Proceeds interests and dividends,Income:Salario,-3764.75,BRL
378,0,2025-09-10,*,,SUPERM PRINCESA LJ 165 RIO DE JANEIR BR,,,pluggy-ccaf4a39-1e7b-4355-9882-c54e9753c741,pluggy,987decad-afee-4c0e-950e-85c3006a4b2e,10000000,Groceries,Liabilities:Credit:BB:Card:PlatinumVisa,-33.82,BRL
378,1,2025-09-10,*,,SUPERM PRINCESA LJ 165 RIO DE JANEIR BR,,,pluggy-ccaf4a39-1e7b-4355-9882-c54e9753c741,pluggy,987decad-afee-4c0e-950e-85c3006a4b2e,10000000,Groceries,Expenses:Alimentação:Mercado,33.82,BRL
379,0,2025-09-10,*,,CAES E GATOS PET SHOP  RIO DE JANEIR BR,,,pluggy-8b5dd1ea-cdb7-4f5e-ae28-587452ce5458,pluggy,987decad-afee-4c0e-950e-85c3006a4b2e,08030000,Pet supplies and vet,Liabilities:Credit:BB:Card:PlatinumVisa,-8,BRL
379,1,2025-09-10,*,,CAES E GATOS PET SHOP  RIO DE JANEIR BR,,,pluggy-8b5dd1ea-cdb7-4f5e-ae28-587452ce5458,pluggy,987decad-afee-4c0e-950e-85c3006a4b2e,08030000,Pet supplies and vet,Expenses:Pet:Petshop,8,BRL
380,0,2025-09-10,*,,PGTO DEBITO CONTA 3836 000009800  200211,,,pluggy-3cf684e4-b605-4dba-ac51-2872caf95b24,pluggy,987decad-afee-4c0e-950e-85c3006a4b2e,05060000,Transfer - Internal,Liabilities:Credit:BB:Card:PlatinumVisa,4228.09,BRL
380,1,2025-09-10,*,,PGTO DEBITO CONTA 3836 000009800  200211,,,pluggy-3cf684e4-b605-4dba-ac51-2872caf95b24,pluggy,987decad-afee-4c0e-950e-85c3006a4b2e,05060000,Transfer - Internal,Assets:Investment:BB:Cash,-4228.09,BRL
381,0,2025-09-11,*,,JUROS,,,pluggy-b492a631-a56c-431d-9158-e7645e1c25fa,pluggy,3d0492b4-0d84-49c0-9945-e3e9adc34d51,02020000,Interests charged,Assets:Investment:BB:Savings,10.22,BRL
381,1,2025-09-11,*,,JUROS,,,pluggy-b492a631-a56c-431d-9158-e7645e1c25fa,pluggy,3d0492b4-0d84-49c0-9945-e3e9adc34d51,02020000,Interests charged,Income:Investment:Interest,-10.22,BRL
382,0,2025-09-11,*,,REAJ.MON. BC,,,pluggy-7daefb14-26e7-41c3-b371-e25bfc47ab60,pluggy,3d0492b4-0d84-49c0-9945-e3e9adc34d51,06010000,Blocked balances,Assets:Investment:BB:Savings,3.59,BRL
382,1,2025-09-11,*,,REAJ.MON. BC,,,pluggy-7daefb14-26e7-41c3-b371-e25bfc47ab60,pluggy,3d0492b4-0d84-49c0-9945-e3e9adc34d51,06010000,Blocked balances,Income:Investment:Interest,-3.59,BRL
383,0,2025-09-11,*,,PGTO CARTAO     ELO GRAFITE ESTILO,,,pluggy-4e08734d-4b18-4530-b030-0266466e3b09,pluggy,25eb5f6d-2529-4377-8de5-e38160459cff,05100000,Credit card payment,Assets:Investment:BB:Cash,-50.07,BRL
383,1,2025-09-11,*,,PGTO CARTAO     ELO GRAFITE ESTILO,,,pluggy-4e08734d-4b18-4530-b030-0266466e3b09,pluggy,25eb5f6d-2529-4377-8de5-e38160459cff,05100000,Credit card payment,Liabilities:Credit:BB:Card:EloGrafite,50.07,BRL
384,0,2025-09-11,*,,PGTO CARTAO     PLATINUM ESTILO VISA,,,pluggy-4770d978-434f-432e-a49a-c11ed8f796b5,pluggy,25eb5f6d-2529-4377-8de5-e38160459cff,05100000,Credit card payment,Assets:Investment:BB:Cash,-4228.09,BRL
384,1,2025-09-11,*,,PGTO CARTAO     PLATINUM ESTILO VISA,,,pluggy-4770d978-434f-432e-a49a-c11ed8f796b5,pluggy,25eb5f6d-2529-4377-8de5-e38160459cff,05100000,Credit card payment,Liabilities:Credit:BB:Card:PlatinumVisa,4228.09,BRL
385,0,2025-09-11,*,,BR1*BRASILEIROSE       SAO JOSE DOS  BR,,,pluggy-fce07090-973a-48a6-ba3d-b0b325305698,pluggy,987decad-afee-4c0e-950e-85c3006a4b2e,12000000,Travel,Liabilities:Credit:BB:Card:PlatinumVisa,-3270,BRL
385,1,2025-09-11,*,,BR1*BRASILEIROSE       SAO JOSE DOS  BR,,,pluggy-fce07090-973a-48a6-ba3d-b0b325305698,pluggy,987decad-afee-4c0e-950e-85c3006a4b2e,12000000,Travel,Expenses:Viagens:Passeios,3270,BRL
386,0,2025-09-12,*,,RENDIMENTOS DE CLIENTES HGLG11 S/             99,,,pluggy-eb5d3a88-a8da-4cf5-bcb4-5d7017b89676,pluggy,e4d40b2d-f720-4570-8fb6-89c9a12e1e2f,19010000,Taxi and ride-hailing,Assets:Investment:XP:Cash,108.9,BRL
386,1,2025-09-12,*,,RENDIMENTOS DE CLIENTES HGLG11 S/             99,,,pluggy-eb5d3a88-a8da-4cf5-bcb4-5d7017b89676,pluggy,e4d40b2d-f720-4570-8fb6-89c9a12e1e2f,19010000,Taxi and ride-hailing,Income:Investment:XP:Rendimento,-108.9,BRL
387,0,2025-09-12,*,,RENDIMENTOS DE CLIENTES PMLL11 S/            153,,,pluggy-a9c9ad8b-a224-44d0-9c6a-4c88f9bf19c1,pluggy,e4d40b2d-f720-4570-8fb6-89c9a12e1e2f,03060000,Proceeds interests and dividends,Assets:Investment:XP:Cash,131.58,BRL
387,1,2025-09-12,*,,RENDIMENTOS DE CLIENTES PMLL11 S/            153,,,pluggy-a9c9ad8b-a224-44d0-9c6a-4c88f9bf19c1,pluggy,e4d40b2d-f720-4570-8fb6-89c9a12e1e2f,03060000,Proceeds interests and dividends,Income:Investment:XP:Rendimento,-131.58,BRL
388,0,2025-09-12,*,,RENDIMENTOS DE CLIENTES HGLG11 S/             99,,,pluggy-f6c32dc4-9b1c-4fb5-8663-ac8edd5c9975,pluggy,ffd6004e-1066-4c1c-9ece-826c45ffda7d,19010000,Taxi and ride-hailing,Assets:Investment:XP:Cash,108.9,BRL
388,1,2025-09-12,*,,RENDIMENTOS DE CLIENTES HGLG11 S/             99,,,pluggy-f6c32dc4-9b1c-4fb5-8663-ac8edd5c9975,pluggy,ffd6004e-1066-4c1c-9ece-826c45ffda7d,19010000,Taxi and ride-hailing,Income:Investment:XP:Rendimento,-108.9,BRL
389,0,2025-09-12,*,,RENDIMENTOS DE CLIENTES HGRU11 S/            129,,,pluggy-46251e98-e832-4c5d-8ce9-561007c198b1,pluggy,e4d40b2d-f720-4570-8fb6-89c9a12e1e2f,03060000,Proceeds interests and dividends,Assets:Investment:XP:Cash,122.55,BRL
389,1,2025-09-12,*,,RENDIMENTOS DE CLIENTES HGRU11 S/            129,,,pluggy-46251e98-e832-4c5d-8ce9-561007c198b1,pluggy,e4d40b2d-f720-4570-8fb6-89c9a12e1e2f,03060000,Proceeds interests and dividends,Income:Investment:XP:Rendimento,-122.55,BRL
390,0,2025-09-12,*,,RENDIMENTOS DE CLIENTES HGRU11 S/            129,,,pluggy-ada2e640-2e7d-47a4-9061-5c35a7df2219,pluggy,ffd6004e-1066-4c1c-9ece-826c45ffda7d,03060000,Proceeds interests and dividends,Assets:Investment:XP:Cash,122.55,BRL
390,1,2025-09-12,*,,RENDIMENTOS DE CLIENTES HGRU11 S/            129,,,pluggy-ada2e640-2e7d-47a4-9061-5c35a7df2219,pluggy,ffd6004e-1066-4c1c-9ece-826c45ffda7d,03060000,Proceeds interests and dividends,Income:Investment:XP:Rendimento,-122.55,BRL
391,0,2025-09-12,*,,RENDIMENTOS DE CLIENTES PMLL11 S/            153,,,pluggy-a2d00adf-b722-4221-9f3f-840980e1f952,pluggy,ffd6004e-1066-4c1c-9ece-826c45ffda7d,03060000,Proceeds interests and dividends,Assets:Investment:XP:Cash,131.58,BRL
391,1,2025-09-12,*,,RENDIMENTOS DE CLIENTES PMLL11 S/            153,,,pluggy-a2d00adf-b722-4221-9f3f-840980e1f952,pluggy,ffd6004e-1066-4c1c-9ece-826c45ffda7d,03060000,Proceeds interests and dividends,Income:Investment:XP:Rendimento,-131.58,BRL
392,0,2025-09-12,*,,PAPELARIA LIDER        RIO DE JANEIR BR,,,pluggy-cc5fb44e-e988-4adb-afb5-495d8b8f09e8,pluggy,987decad-afee-4c0e-950e-85c3006a4b2e,08000000,Shopping,Liabilities:Credit:BB:Card:PlatinumVisa,-15,BRL
392,1,2025-09-12,*,,PAPELARIA LIDER        RIO DE JANEIR BR,,,pluggy-cc5fb44e-e988-4adb-afb5-495d8b8f09e8,pluggy,987decad-afee-4c0e-950e-85c3006a4b2e,08000000,Shopping,Expenses:Pessoal:Compras,15,BRL
393,0,2025-09-12,*,,GRUPO ANTONIO DE EVENT RIO DE JANEIR BR,,,pluggy-5b020885-20a4-47cc-a43d-b11a7f4d4fe3,pluggy,987decad-afee-4c0e-950e-85c3006a4b2e,10000000,Groceries,Liabilities:Credit:BB:Card:PlatinumVisa,-24,BRL
393,1,2025-09-12,*,,GRUPO ANTONIO DE EVENT RIO DE JANEIR BR,,,pluggy-5b020885-20a4-47cc-a43d-b11a7f4d4fe3,pluggy,987decad-afee-4c0e-950e-85c3006a4b2e,10000000,Groceries,Expenses:Alimentação:Restaurante,24,BRL
394,0,2025-09-12,*,,DECATHLON ECOMMERCE    EMBU DAS ARTE BR,,,pluggy-00e77e11-7b2f-4068-9054-ae1458d613e0,pluggy,987decad-afee-4c0e-950e-85c3006a4b2e,08070000,Sports goods,Liabilities:Credit:BB:Card:PlatinumVisa,-409.87,BRL
394,1,2025-09-12,*,,DECATHLON ECOMMERCE    EMBU DAS ARTE BR,,,pluggy-00e77e11-7b2f-4068-9054-ae1458d613e0,pluggy,987decad-afee-4c0e-950e-85c3006a4b2e,08070000,Sports goods,Expenses:Pessoal:Vestuario,409.87,BRL
395,0,2025-09-13,*,,FONTANA                RIO DE JANEIR BR,,,pluggy-f1b63776-a0db-457a-9f6b-71434177492c,pluggy,987decad-afee-4c0e-950e-85c3006a4b2e,11010000,Eating out,Liabilities:Credit:BB:Card:PlatinumVisa,-121.77,BRL
395,1,2025-09-13,*,,FONTANA                RIO DE JANEIR BR,,,pluggy-f1b63776-a0db-457a-9f6b-71434177492c,pluggy,987decad-afee-4c0e-950e-85c3006a4b2e,11010000,Eating out,Expenses:Geral,121.77,BRL
396,0,2025-09-13,*,,SUPERMERCADO ULTRA 11  RIO DE JANEIR BR,,,pluggy-e419b0e7-77da-473e-bb36-abae5d4054a4,pluggy,987decad-afee-4c0e-950e-85c3006a4b2e,10000000,Groceries,Liabilities:Credit:BB:Card:PlatinumVisa,-84.1,BRL
396,1,2025-09-13,*,,SUPERMERCADO ULTRA 11  RIO DE JANEIR BR,,,pluggy-e419b0e7-77da-473e-bb36-abae5d4054a4,pluggy,987decad-afee-4c0e-950e-85c3006a4b2e,10000000,Groceries,Expenses:Alimentação:Mercado,84.1,BRL
397,0,2025-09-13,*,,SUPERM PRINCESA LJ 165 RIO DE JANEIR BR,,,pluggy-c21d6674-d602-4729-9c28-6f068ced75c7,pluggy,987decad-afee-4c0e-950e-85c3006a4b2e,10000000,Groceries,Liabilities:Credit:BB:Card:PlatinumVisa,-32.7,BRL
397,1,2025-09-13,*,,SUPERM PRINCESA LJ 165 RIO DE JANEIR BR,,,pluggy-c21d6674-d602-4729-9c28-6f068ced75c7,pluggy,987decad-afee-4c0e-950e-85c3006a4b2e,10000000,Groceries,Expenses:Alimentação:Mercado,32.7,BRL
398,0,2025-09-13,*,,UBER* TRIP             WWW.UBER.COM. BR,,,pluggy-65920d65-64d1-4876-955f-222871b56802,pluggy,987decad-afee-4c0e-950e-85c3006a4b2e,19010000,Taxi and ride-hailing,Liabilities:Credit:BB:Card:PlatinumVisa,-15.25,BRL
398,1,2025-09-13,*,,UBER* TRIP             WWW.UBER.COM. BR,,,pluggy-65920d65-64d1-4876-955f-222871b56802,pluggy,987decad-afee-4c0e-950e-85c3006a4b2e,19010000,Taxi and ride-hailing,Expenses:Transporte:Uber,15.25,BRL
399,0,2025-09-13,*,,UBER * PENDING         SAO PAULO     BR,,,pluggy-08b6cef7-9982-4645-8032-fc9d70a3cdff,pluggy,987decad-afee-4c0e-950e-85c3006a4b2e,19010000,Taxi and ride-hailing,Liabilities:Credit:BB:Card:PlatinumVisa,-15.34,BRL
399,1,2025-09-13,*,,UBER * PENDING         SAO PAULO     BR,,,pluggy-08b6cef7-9982-4645-8032-fc9d70a3cdff,pluggy,987decad-afee-4c0e-950e-85c3006a4b2e,19010000,Taxi and ride-hailing,Expenses:Transporte:Uber,15.34,BRL
400,0,2025-09-16,*,,RENDIMENTOS DE CLIENTES IRDM11 S/            187,,,pluggy-370123ea-ddb5-4c7e-8cd3-9eddea2e65c8,pluggy,e4d40b2d-f720-4570-8fb6-89c9a12e1e2f,03060000,Proceeds interests and dividends,Assets:Investment:XP:Cash,130.9,BRL
400,1,2025-09-16,*,,RENDIMENTOS DE CLIENTES IRDM11 S/            187,,,pluggy-370123ea-ddb5-4c7e-8cd3-9eddea2e65c8,pluggy,e4d40b2d-f720-4570-8fb6-89c9a12e1e2f,03060000,Proceeds interests and dividends,Income:Investment:XP:Rendimento,-130.9,BRL
401,0,2025-09-16,*,,RENDIMENTOS DE CLIENTES IRDM11 S/            187,,,pluggy-d9bcdfcc-857a-4539-83ff-5fb2b3d93c51,pluggy,ffd6004e-1066-4c1c-9ece-826c45ffda7d,03060000,Proceeds interests and dividends,Assets:Investment:XP:Cash,130.9,BRL
401,1,2025-09-16,*,,RENDIMENTOS DE CLIENTES IRDM11 S/            187,,,pluggy-d9bcdfcc-857a-4539-83ff-5fb2b3d93c51,pluggy,ffd6004e-1066-4c1c-9ece-826c45ffda7d,03060000,Proceeds interests and dividends,Income:Investment:XP:Rendimento,-130.9,BRL
402,0,2025-09-16,*,,DECATHLON ECOMMERCE    EMBU DAS ARTE BR,,,pluggy-afdaa3fc-65d5-41ef-b843-b33e8f2ed657,pluggy,987decad-afee-4c0e-950e-85c3006a4b2e,08070000,Sports goods,Liabilities:Credit:BB:Card:PlatinumVisa,-106.06,BRL
402,1,2025-09-16,*,,DECATHLON ECOMMERCE    EMBU DAS ARTE BR,,,pluggy-afdaa3fc-65d5-41ef-b843-b33e8f2ed657,pluggy,987decad-afee-4c0e-950e-85c3006a4b2e,08070000,Sports goods,Expenses:Pessoal:Vestuario,106.06,BRL
403,0,2025-09-17,*,,RENDIMENTOS DE CLIENTES MCCI11 S/            188,,,pluggy-fda7e30f-eaff-4e33-9d9b-10ecfa88f14d,pluggy,e4d40b2d-f720-4570-8fb6-89c9a12e1e2f,03060000,Proceeds interests and dividends,Assets:Investment:XP:Cash,188,BRL
403,1,2025-09-17,*,,RENDIMENTOS DE CLIENTES MCCI11 S/            188,,,pluggy-fda7e30f-eaff-4e33-9d9b-10ecfa88f14d,pluggy,e4d40b2d-f720-4570-8fb6-89c9a12e1e2f,03060000,Proceeds interests and dividends,Income:Investment:XP:Rendimento,-188,BRL
404,0,2025-09-17,*,,RENDIMENTOS DE CLIENTES MCCI11 S/            188,,,pluggy-a57fe17d-cccb-45ea-bbf0-b0fc005bcf92,pluggy,ffd6004e-1066-4c1c-9ece-826c45ffda7d,03060000,Proceeds interests and dividends,Assets:Investment:XP:Cash,188,BRL
404,1,2025-09-17,*,,RENDIMENTOS DE CLIENTES MCCI11 S/            188,,,pluggy-a57fe17d-cccb-45ea-bbf0-b0fc005bcf92,pluggy,ffd6004e-1066-4c1c-9ece-826c45ffda7d,03060000,Proceeds interests and dividends,Income:Investment:XP:Rendimento,-188,BRL
405,0,2025-09-17,*,,AMO PROMO*PROMO        BELO HORIZONT BR,,,pluggy-f26c9d4c-cd02-49a1-afab-2a3b20ea0cf9,pluggy,987decad-afee-4c0e-950e-85c3006a4b2e,12000000,Travel,Liabilities:Credit:BB:Card:PlatinumVisa,-104.47,BRL
405,1,2025-09-17,*,,AMO PROMO*PROMO        BELO HORIZONT BR,,,pluggy-f26c9d4c-cd02-49a1-afab-2a3b20ea0cf9,pluggy,987decad-afee-4c0e-950e-85c3006a4b2e,12000000,Travel,Expenses:Geral,104.47,BRL
406,0,2025-09-17,*,,Google One             SAO PAULO     BR,,,pluggy-d18c4d01-a078-46a2-a6a7-6b5f87eadedd,pluggy,987decad-afee-4c0e-950e-85c3006a4b2e,07010001,Internet,Liabilities:Credit:BB:Card:PlatinumVisa,-9.99,BRL
406,1,2025-09-17,*,,Google One             SAO PAULO     BR,,,pluggy-d18c4d01-a078-46a2-a6a7-6b5f87eadedd,pluggy,987decad-afee-4c0e-950e-85c3006a4b2e,07010001,Internet,Expenses:Mensalidades:Outras,9.99,BRL
407,0,2025-09-17,*,,OKPET                  RIO DE JANEIR BR,,,pluggy-ca861a05-77d6-4b32-a7ca-a1cc96664771,pluggy,987decad-afee-4c0e-950e-85c3006a4b2e,18020000,Pharmacy,Liabilities:Credit:BB:Card:PlatinumVisa,-33.4,BRL
407,1,2025-09-17,*,,OKPET                  RIO DE JANEIR BR,,,pluggy-ca861a05-77d6-4b32-a7ca-a1cc96664771,pluggy,987decad-afee-4c0e-950e-85c3006a4b2e,18020000,Pharmacy,Expenses:Pet:Petshop,33.4,BRL
408,0,2025-09-17,*,,MERCADOLIVRE*2PRODUTOS PORTO ALEGRE  BR,,,pluggy-0dccbf7c-849b-42ff-89f0-0566aee23888,pluggy,987decad-afee-4c0e-950e-85c3006a4b2e,08040000,Clothing,Liabilities:Credit:BB:Card:PlatinumVisa,-23,BRL
408,1,2025-09-17,*,,MERCADOLIVRE*2PRODUTOS PORTO ALEGRE  BR,,,pluggy-0dccbf7c-849b-42ff-89f0-0566aee23888,pluggy,987decad-afee-4c0e-950e-85c3006a4b2e,08040000,Clothing,Expenses:Geral,23,BRL
409,0,2025-09-17,*,,AMO PROMO*PROMO        BELO HORIZONT BR,,,pluggy-0b6e0bd7-42d5-4739-bc59-192233e631d5,pluggy,987decad-afee-4c0e-950e-85c3006a4b2e,12000000,Travel,Liabilities:Credit:BB:Card:PlatinumVisa,-104.47,BRL
409,1,2025-09-17,*,,AMO PROMO*PROMO        BELO HORIZONT BR,,,pluggy-0b6e0bd7-42d5-4739-bc59-192233e631d5,pluggy,987decad-afee-4c0e-950e-85c3006a4b2e,12000000,Travel,Expenses:Geral,104.47,BRL
410,0,2025-09-18,*,,TRANSF CTA,,,pluggy-3e6df8f5-5d3f-47b7-b947-102f7d8d5eb4,pluggy,3d0492b4-0d84-49c0-9945-e3e9adc34d51,04000000,Same person transfer,Assets:Investment:BB:Savings,-22000,BRL
410,1,2025-09-18,*,,TRANSF CTA,,,pluggy-3e6df8f5-5d3f-47b7-b947-102f7d8d5eb4,pluggy,3d0492b4-0d84-49c0-9945-e3e9adc34d51,04000000,Same person transfer,Assets:Investment:BB:Cash,22000,BRL
411,0,2025-09-18,*,,PIX - ENVIADO   18/09 11:07 Gabriel Barros Rodrigues,,,pluggy-b61faec3-b2ea-41e3-8c3b-d8519731d0be,pluggy,25eb5f6d-2529-4377-8de5-e38160459cff,04000000,Same person transfer,Assets:Investment:BB:Cash,-12000,BRL
411,1,2025-09-18,*,,PIX - ENVIADO   18/09 11:07 Gabriel Barros Rodrigues,,,pluggy-b61faec3-b2ea-41e3-8c3b-d8519731d0be,pluggy,25eb5f6d-2529-4377-8de5-e38160459cff,04000000,Same person transfer,Assets:Investment:Inter:Cash,12000,BRL
412,0,2025-09-18,*,,PIX - ENVIADO   18/09 11:06 Ana Carolina De Abreu Esco,,,pluggy-8e5645c9-8ffd-400e-b9ef-df1f30854b2c,pluggy,25eb5f6d-2529-4377-8de5-e38160459cff,05070000,Transfer - PIX,Assets:Investment:BB:Cash,-3500,BRL
412,1,2025-09-18,*,,PIX - ENVIADO   18/09 11:06 Ana Carolina De Abreu Esco,,,pluggy-8e5645c9-8ffd-400e-b9ef-df1f30854b2c,pluggy,25eb5f6d-2529-4377-8de5-e38160459cff,05070000,Transfer - PIX,Expenses:Geral:Caol,3500,BRL
413,0,2025-09-18,*,,TRF POUPANCA    18/09 11:06 GABRIEL BARROS RODRIGUES,,,pluggy-01f22d4e-3284-4741-ba76-e977428f3664,pluggy,25eb5f6d-2529-4377-8de5-e38160459cff,04000000,Same person transfer,Assets:Investment:BB:Cash,22000,BRL
413,1,2025-09-18,*,,TRF POUPANCA    18/09 11:06 GABRIEL BARROS RODRIGUES,,,pluggy-01f22d4e-3284-4741-ba76-e977428f3664,pluggy,25eb5f6d-2529-4377-8de5-e38160459cff,04000000,Same person transfer,Assets:Investment:BB:Savings,-22000,BRL
414,0,2025-09-18,*,,UBER* TRIP             WWW.UBER.COM. BR,,,pluggy-d68717db-7474-4c02-b52e-ada8e07af20d,pluggy,987decad-afee-4c0e-950e-85c3006a4b2e,19010000,Taxi and ride-hailing,Liabilities:Credit:BB:Card:PlatinumVisa,-38.49,BRL
414,1,2025-09-18,*,,UBER* TRIP             WWW.UBER.COM. BR,,,pluggy-d68717db-7474-4c02-b52e-ada8e07af20d,pluggy,987decad-afee-4c0e-950e-85c3006a4b2e,19010000,Taxi and ride-hailing,Expenses:Transporte:Uber,38.49,BRL
415,0,2025-09-18,*,,UBER* TRIP             WWW.UBER.COM. BR,,,pluggy-929c7a46-ff9e-434f-8b01-64c4fc7be194,pluggy,987decad-afee-4c0e-950e-85c3006a4b2e,19010000,Taxi and ride-hailing,Liabilities:Credit:BB:Card:PlatinumVisa,-28.96,BRL
415,1,2025-09-18,*,,UBER* TRIP             WWW.UBER.COM. BR,,,pluggy-929c7a46-ff9e-434f-8b01-64c4fc7be194,pluggy,987decad-afee-4c0e-950e-85c3006a4b2e,19010000,Taxi and ride-hailing,Expenses:Transporte:Uber,28.96,BRL
416,0,2025-09-19,*,,SUPERM PRINCESA LJ 165 RIO DE JANEIR BR,,,pluggy-85a3692a-4745-46c0-b68d-4d3f611e72c5,pluggy,987decad-afee-4c0e-950e-85c3006a4b2e,10000000,Groceries,Liabilities:Credit:BB:Card:PlatinumVisa,-95.35,BRL
416,1,2025-09-19,*,,SUPERM PRINCESA LJ 165 RIO DE JANEIR BR,,,pluggy-85a3692a-4745-46c0-b68d-4d3f611e72c5,pluggy,987decad-afee-4c0e-950e-85c3006a4b2e,10000000,Groceries,Expenses:Alimentação:Mercado,95.35,BRL
417,0,2025-09-20,*,,UBER * PENDING         SAO PAULO     BR,,,pluggy-9ecb2f88-1642-4270-99da-909876dbae36,pluggy,987decad-afee-4c0e-950e-85c3006a4b2e,19010000,Taxi and ride-hailing,Liabilities:Credit:BB:Card:PlatinumVisa,-46.91,BRL
417,1,2025-09-20,*,,UBER * PENDING         SAO PAULO     BR,,,pluggy-9ecb2f88-1642-4270-99da-909876dbae36,pluggy,987decad-afee-4c0e-950e-85c3006a4b2e,19010000,Taxi and ride-hailing,Expenses:Transporte:Uber,46.91,BRL
418,0,2025-09-20,*,,DROGARIAS PACHECO SA   RIO DE JANEIR BR,,,pluggy-44601853-30ea-46c9-a322-a88329fe9487,pluggy,987decad-afee-4c0e-950e-85c3006a4b2e,18020000,Pharmacy,Liabilities:Credit:BB:Card:PlatinumVisa,-5.59,BRL
418,1,2025-09-20,*,,DROGARIAS PACHECO SA   RIO DE JANEIR BR,,,pluggy-44601853-30ea-46c9-a322-a88329fe9487,pluggy,987decad-afee-4c0e-950e-85c3006a4b2e,18020000,Pharmacy,Expenses:Saude:Farmacia,5.59,BRL
419,0,2025-09-20,*,,UBER* TRIP             WWW.UBER.COM. BR,,,pluggy-40911da2-cc34-4dd7-a74c-0992db117280,pluggy,987decad-afee-4c0e-950e-85c3006a4b2e,19010000,Taxi and ride-hailing,Liabilities:Credit:BB:Card:PlatinumVisa,-18.01,BRL
419,1,2025-09-20,*,,UBER* TRIP             WWW.UBER.COM. BR,,,pluggy-40911da2-cc34-4dd7-a74c-0992db117280,pluggy,987decad-afee-4c0e-950e-85c3006a4b2e,19010000,Taxi and ride-hailing,Expenses:Transporte:Uber,18.01,BRL
420,0,2025-09-20,*,,DROGARIAS PACHECO SA   RIO DE JANEIR BR,,,pluggy-15d9daa1-fd2c-4c33-90a4-fdef8c178d33,pluggy,987decad-afee-4c0e-950e-85c3006a4b2e,18020000,Pharmacy,Liabilities:Credit:BB:Card:PlatinumVisa,-46.43,BRL
420,1,2025-09-20,*,,DROGARIAS PACHECO SA   RIO DE JANEIR BR,,,pluggy-15d9daa1-fd2c-4c33-90a4-fdef8c178d33,pluggy,987decad-afee-4c0e-950e-85c3006a4b2e,18020000,Pharmacy,Expenses:Saude:Farmacia,46.43,BRL
421,0,2025-09-20,*,,QUE DOCE CONFEITARIA A RIO DE JANEIR BR,,,pluggy-0aa7e801-c8a2-458b-b628-b5dc6bca0e9e,pluggy,987decad-afee-4c0e-950e-85c3006a4b2e,10000000,Groceries,Liabilities:Credit:BB:Card:PlatinumVisa,-88,BRL
421,1,2025-09-20,*,,QUE DOCE CONFEITARIA A RIO DE JANEIR BR,,,pluggy-0aa7e801-c8a2-458b-b628-b5dc6bca0e9e,pluggy,987decad-afee-4c0e-950e-85c3006a4b2e,10000000,Groceries,Expenses:Alimentação:Restaurante,88,BRL
422,0,2025-09-20,*,,DROGARIAS PACHECO SA   RIO DE JANEIR BR,,,pluggy-089c47f8-260b-43dd-b6e9-39140e963089,pluggy,987decad-afee-4c0e-950e-85c3006a4b2e,18020000,Pharmacy,Liabilities:Credit:BB:Card:PlatinumVisa,-190.36,BRL
422,1,2025-09-20,*,,DROGARIAS PACHECO SA   RIO DE JANEIR BR,,,pluggy-089c47f8-260b-43dd-b6e9-39140e963089,pluggy,987decad-afee-4c0e-950e-85c3006a4b2e,18020000,Pharmacy,Expenses:Saude:Farmacia,190.36,BRL
423,0,2025-09-22,*,,JUROS S/ CAPITAL DE CLIENTES PETR4 S/            500,,,pluggy-a9d515f7-b7cc-4551-b228-0ee3f5fc82a1,pluggy,e4d40b2d-f720-4570-8fb6-89c9a12e1e2f,02020000,Interests charged,Assets:Investment:XP:Cash,62.11,BRL
423,1,2025-09-22,*,,JUROS S/ CAPITAL DE CLIENTES PETR4 S/            500,,,pluggy-a9d515f7-b7cc-4551-b228-0ee3f5fc82a1,pluggy,e4d40b2d-f720-4570-8fb6-89c9a12e1e2f,02020000,Interests charged,Income:Investment:XP:JCP,-62.11,BRL
424,0,2025-09-22,*,,DIVIDENDOS DE CLIENTES PETR4 S/            500,,,pluggy-6551b429-e322-41b1-bb35-bc801fa43eb8,pluggy,e4d40b2d-f720-4570-8fb6-89c9a12e1e2f,03060000,Proceeds interests and dividends,Assets:Investment:XP:Cash,154.22,BRL
424,1,2025-09-22,*,,DIVIDENDOS DE CLIENTES PETR4 S/            500,,,pluggy-6551b429-e322-41b1-bb35-bc801fa43eb8,pluggy,e4d40b2d-f720-4570-8fb6-89c9a12e1e2f,03060000,Proceeds interests and dividends,Income:Investment:XP:Dividend,-154.22,BRL
425,0,2025-09-22,*,,DIVIDENDOS DE CLIENTES PETR4 S/            500,,,pluggy-a5493c61-6dd9-4630-9ede-4c712941be79,pluggy,ffd6004e-1066-4c1c-9ece-826c45ffda7d,03060000,Proceeds interests and dividends,Assets:Investment:XP:Cash,154.22,BRL
425,1,2025-09-22,*,,DIVIDENDOS DE CLIENTES PETR4 S/            500,,,pluggy-a5493c61-6dd9-4630-9ede-4c712941be79,pluggy,ffd6004e-1066-4c1c-9ece-826c45ffda7d,03060000,Proceeds interests and dividends,Income:Investment:XP:Dividend,-154.22,BRL
426,0,2025-09-22,*,,JUROS S/ CAPITAL DE CLIENTES PETR4 S/            500,,,pluggy-73456515-27eb-4866-97bb-8d9879027e3d,pluggy,ffd6004e-1066-4c1c-9ece-826c45ffda7d,02020000,Interests charged,Assets:Investment:XP:Cash,62.11,BRL
426,1,2025-09-22,*,,JUROS S/ CAPITAL DE CLIENTES PETR4 S/            500,,,pluggy-73456515-27eb-4866-97bb-8d9879027e3d,pluggy,ffd6004e-1066-4c1c-9ece-826c45ffda7d,02020000,Interests charged,Income:Investment:XP:JCP,-62.11,BRL
427,0,2025-09-22,*,,PG TEC CONCURSOS TECC   551197024883 BR,,,pluggy-29a87d52-87c5-441e-98a4-dc43ea688dc8,pluggy,75f30132-31a8-4b54-9be0-648009b118db,07020003,School,Liabilities:Credit:BB:Card:EloGrafite,-39.9,BRL
427,1,2025-09-22,*,,PG TEC CONCURSOS TECC   551197024883 BR,,,pluggy-29a87d52-87c5-441e-98a4-dc43ea688dc8,pluggy,75f30132-31a8-4b54-9be0-648009b118db,07020003,School,Expenses:Educacao:Curso,39.9,BRL
428,0,2025-09-22,*,,PIX - ENVIADO   22/09 14:04 ANA CAROLINA DE ABREU ESC,,,pluggy-5fcdbb57-66f6-420a-b10c-d5a5253dfc04,pluggy,25eb5f6d-2529-4377-8de5-e38160459cff,05070000,Transfer - PIX,Assets:Investment:BB:Cash,-312,BRL
428,1,2025-09-22,*,,PIX - ENVIADO   22/09 14:04 ANA CAROLINA DE ABREU ESC,,,pluggy-5fcdbb57-66f6-420a-b10c-d5a5253dfc04,pluggy,25eb5f6d-2529-4377-8de5-e38160459cff,05070000,Transfer - PIX,Expenses:Geral:Caol,312,BRL
429,0,2025-09-22,*,,RECEB FORNEC    39.427.632/0001-71 ASSOCIACAO PETROBRA,,,pluggy-36963fc4-4fdd-4217-af4c-73845841ee83,pluggy,25eb5f6d-2529-4377-8de5-e38160459cff,01000000,Income,Assets:Investment:BB:Cash,366,BRL
429,1,2025-09-22,*,,RECEB FORNEC    39.427.632/0001-71 ASSOCIACAO PETROBRA,,,pluggy-36963fc4-4fdd-4217-af4c-73845841ee83,pluggy,25eb5f6d-2529-4377-8de5-e38160459cff,01000000,Income,Income:Reembolso,-366,BRL
430,0,2025-09-22,*,,DROGARIA VEN*Loja      RIO DE JANEIR BR,,,pluggy-ba161d69-f42d-4a57-bc4a-d536c5760cb8,pluggy,987decad-afee-4c0e-950e-85c3006a4b2e,18020000,Pharmacy,Liabilities:Credit:BB:Card:PlatinumVisa,-61.29,BRL
430,1,2025-09-22,*,,DROGARIA VEN*Loja      RIO DE JANEIR BR,,,pluggy-ba161d69-f42d-4a57-bc4a-d536c5760cb8,pluggy,987decad-afee-4c0e-950e-85c3006a4b2e,18020000,Pharmacy,Expenses:Saude:Farmacia,61.29,BRL
431,0,2025-09-23,*,,RECEB FORNEC    39.427.632/0001-71 ASSOCIACAO PETROBRA,,,pluggy-63939b09-d059-46f5-81c1-cc64dc270ffa,pluggy,25eb5f6d-2529-4377-8de5-e38160459cff,01000000,Income,Assets:Investment:BB:Cash,122,BRL
431,1,2025-09-23,*,,RECEB FORNEC    39.427.632/0001-71 ASSOCIACAO PETROBRA,,,pluggy-63939b09-d059-46f5-81c1-cc64dc270ffa,pluggy,25eb5f6d-2529-4377-8de5-e38160459cff,01000000,Income,Income:Reembolso,-122,BRL
432,0,2025-09-23,*,,UBER* TRIP             WWW.UBER.COM. BR,,,pluggy-7999cfc5-aa11-4966-8b8d-0ff88343217a,pluggy,987decad-afee-4c0e-950e-85c3006a4b2e,19010000,Taxi and ride-hailing,Liabilities:Credit:BB:Card:PlatinumVisa,-71.12,BRL
432,1,2025-09-23,*,,UBER* TRIP             WWW.UBER.COM. BR,,,pluggy-7999cfc5-aa11-4966-8b8d-0ff88343217a,pluggy,987decad-afee-4c0e-950e-85c3006a4b2e,19010000,Taxi and ride-hailing,Expenses:Transporte:Uber,71.12,BRL
433,0,2025-09-23,*,,UBER * PENDING         SAO PAULO     BR,,,pluggy-64b03d34-8b76-4b88-9550-4fa18118b9d6,pluggy,987decad-afee-4c0e-950e-85c3006a4b2e,19010000,Taxi and ride-hailing,Liabilities:Credit:BB:Card:PlatinumVisa,-54.96,BRL
433,1,2025-09-23,*,,UBER * PENDING         SAO PAULO     BR,,,pluggy-64b03d34-8b76-4b88-9550-4fa18118b9d6,pluggy,987decad-afee-4c0e-950e-85c3006a4b2e,19010000,Taxi and ride-hailing,Expenses:Transporte:Uber,54.96,BRL
434,0,2025-09-24,*,,REAJ.MON. BC,,,pluggy-d2f88f00-ecc6-462c-98bd-14ba4ded2f8f,pluggy,3d0492b4-0d84-49c0-9945-e3e9adc34d51,06010000,Blocked balances,Assets:Investment:BB:Savings,0.72,BRL
434,1,2025-09-24,*,,REAJ.MON. BC,,,pluggy-d2f88f00-ecc6-462c-98bd-14ba4ded2f8f,pluggy,3d0492b4-0d84-49c0-9945-e3e9adc34d51,06010000,Blocked balances,Income:Investment:Interest,-0.72,BRL
435,0,2025-09-24,*,,JUROS,,,pluggy-760a828c-3f45-442a-8e4e-a0e8d8f4d2a1,pluggy,3d0492b4-0d84-49c0-9945-e3e9adc34d51,02020000,Interests charged,Assets:Investment:BB:Savings,2.04,BRL
435,1,2025-09-24,*,,JUROS,,,pluggy-760a828c-3f45-442a-8e4e-a0e8d8f4d2a1,pluggy,3d0492b4-0d84-49c0-9945-e3e9adc34d51,02020000,Interests charged,Income:Investment:Interest,-2.04,BRL
436,0,2025-09-24,*,,BRASILEIROS EM USHUAI55USHUAIA       AR,,,pluggy-605a7eb1-9210-41f1-bf87-1de6df9953db,pluggy,987decad-afee-4c0e-950e-85c3006a4b2e,12000000,Travel,Liabilities:Credit:BB:Card:PlatinumVisa,-565400,ARS
436,1,2025-09-24,*,,BRASILEIROS EM USHUAI55USHUAIA       AR,,,pluggy-605a7eb1-9210-41f1-bf87-1de6df9953db,pluggy,987decad-afee-4c0e-950e-85c3006a4b2e,12000000,Travel,Expenses:Viagens:Passeios,565400,ARS
437,0,2025-09-25,*,,PLANEJADA,,,pluggy-e05c4d41-4209-4897-b490-ab3dbecf0290,pluggy,3d0492b4-0d84-49c0-9945-e3e9adc34d51,03000000,Investments,Assets:Investment:BB:Savings,2000,BRL
437,1,2025-09-25,*,,PLANEJADA,,,pluggy-e05c4d41-4209-4897-b490-ab3dbecf0290,pluggy,3d0492b4-0d84-49c0-9945-e3e9adc34d51,03000000,Investments,Assets:Investment:BB:Cash,-2000,BRL
438,0,2025-09-25,*,,PLANEJADA,,,pluggy-2c0e55eb-2091-426b-9b15-efc925138282,pluggy,3d0492b4-0d84-49c0-9945-e3e9adc34d51,03000000,Investments,Assets:Investment:BB:Savings,2000,BRL
438,1,2025-09-25,*,,PLANEJADA,,,pluggy-2c0e55eb-2091-426b-9b15-efc925138282,pluggy,3d0492b4-0d84-49c0-9945-e3e9adc34d51,03000000,Investments,Assets:Investment:BB:Cash,-2000,BRL
439,0,2025-09-25,*,,Uber UBER  TRIP HELP UBSAO PAULO     BR,,,pluggy-e55c4bc0-967e-463e-b480-92f1edc67d00,pluggy,75f30132-31a8-4b54-9be0-648009b118db,19010000,Taxi and ride-hailing,Liabilities:Credit:BB:Card:EloGrafite,-11.73,BRL
439,1,2025-09-25,*,,Uber UBER  TRIP HELP UBSAO PAULO     BR,,,pluggy-e55c4bc0-967e-463e-b480-92f1edc67d00,pluggy,75f30132-31a8-4b54-9be0-648009b118db,19010000,Taxi and ride-hailing,Expenses:Transporte:Uber,11.73,BRL
440,0,2025-09-25,*,,TRANSF ENVIADA  15/11 GABRIEL BARROS RODRIGUES,,,pluggy-8891a5d4-23f9-43fc-9fe1-c4485abdb8f2,pluggy,25eb5f6d-2529-4377-8de5-e38160459cff,04000000,Same person transfer,Assets:Investment:BB:Cash,-2000,BRL
440,1,2025-09-25,*,,TRANSF ENVIADA  15/11 GABRIEL BARROS RODRIGUES,,,pluggy-8891a5d4-23f9-43fc-9fe1-c4485abdb8f2,pluggy,25eb5f6d-2529-4377-8de5-e38160459cff,04000000,Same person transfer,Assets:Investment:BB:Savings,2000,BRL
441,0,2025-09-25,*,,TRANSF ENVIADA  15/11 GABRIEL BARROS RODRIGUES,,,pluggy-0a00f316-ec96-4e2f-ad7c-4ca5e246ef72,pluggy,25eb5f6d-2529-4377-8de5-e38160459cff,04000000,Same person transfer,Assets:Investment:BB:Cash,-2000,BRL
441,1,2025-09-25,*,,TRANSF ENVIADA  15/11 GABRIEL BARROS RODRIGUES,,,pluggy-0a00f316-ec96-4e2f-ad7c-4ca5e246ef72,pluggy,25eb5f6d-2529-4377-8de5-e38160459cff,04000000,Same person transfer,Assets:Investment:BB:Savings,2000,BRL
442,0,2025-09-25,*,,PROVENTOS       33.000.167/0001-01 PETROLEO BRASILEIRO,,,pluggy-f800322e-a0ff-494d-b000-ce81302ec842,pluggy,25eb5f6d-2529-4377-8de5-e38160459cff,03060000,Proceeds interests and dividends,Assets:Investment:BB:Cash,3970.99,BRL
442,1,2025-09-25,*,,PROVENTOS       33.000.167/0001-01 PETROLEO BRASILEIRO,,,pluggy-f800322e-a0ff-494d-b000-ce81302ec842,pluggy,25eb5f6d-2529-4377-8de5-e38160459cff,03060000,Proceeds interests and dividends,Income:Salario,-3970.99,BRL
443,0,2025-09-25,*,,PROVENTOS       33.000.167/0001-01 PETROLEO BRASILEIRO,,,pluggy-c6cb15ce-f19c-4a96-9f2c-6f087161e56f,pluggy,25eb5f6d-2529-4377-8de5-e38160459cff,03060000,Proceeds interests and dividends,Assets:Investment:BB:Cash,16953.56,BRL
443,1,2025-09-25,*,,PROVENTOS       33.000.167/0001-01 PETROLEO BRASILEIRO,,,pluggy-c6cb15ce-f19c-4a96-9f2c-6f087161e56f,pluggy,25eb5f6d-2529-4377-8de5-e38160459cff,03060000,Proceeds interests and dividends,Income:Salario,-16953.56,BRL
444,0,2025-09-25,*,,SUPERM PRINCESA LJ 165 RIO DE JANEIR BR,,,pluggy-eabfb624-497e-4ce5-b3c5-14a0b37529cc,pluggy,987decad-afee-4c0e-950e-85c3006a4b2e,10000000,Groceries,Liabilities:Credit:BB:Card:PlatinumVisa,-81.42,BRL
444,1,2025-09-25,*,,SUPERM PRINCESA LJ 165 RIO DE JANEIR BR,,,pluggy-eabfb624-497e-4ce5-b3c5-14a0b37529cc,pluggy,987decad-afee-4c0e-950e-85c3006a4b2e,10000000,Groceries,Expenses:Alimentação:Mercado,81.42,BRL
445,0,2025-09-25,*,,Drogarias Pacheco S.A. Rio d Janeiro BR,,,pluggy-84981662-4eb2-4831-b690-a6f0eb639282,pluggy,987decad-afee-4c0e-950e-85c3006a4b2e,18020000,Pharmacy,Liabilities:Credit:BB:Card:PlatinumVisa,-104.89,BRL
445,1,2025-09-25,*,,Drogarias Pacheco S.A. Rio d Janeiro BR,,,pluggy-84981662-4eb2-4831-b690-a6f0eb639282,pluggy,987decad-afee-4c0e-950e-85c3006a4b2e,18020000,Pharmacy,Expenses:Saude:Farmacia,104.89,BRL
446,0,2025-09-25,*,,PAPELARIA LIDER        RIO DE JANEIR BR,,,pluggy-300d7c50-969a-4399-b62c-4927eb5bea32,pluggy,987decad-afee-4c0e-950e-85c3006a4b2e,08000000,Shopping,Liabilities:Credit:BB:Card:PlatinumVisa,-7,BRL
446,1,2025-09-25,*,,PAPELARIA LIDER        RIO DE JANEIR BR,,,pluggy-300d7c50-969a-4399-b62c-4927eb5bea32,pluggy,987decad-afee-4c0e-950e-85c3006a4b2e,08000000,Shopping,Expenses:Pessoal:Compras,7,BRL
447,0,2025-09-25,*,,CACAU SHOW             RIO DE JANEIR BR,,,pluggy-19a63408-db87-4bf1-83ff-eb8c7c362880,pluggy,987decad-afee-4c0e-950e-85c3006a4b2e,10000000,Groceries,Liabilities:Credit:BB:Card:PlatinumVisa,-99.99,BRL
447,1,2025-09-25,*,,CACAU SHOW             RIO DE JANEIR BR,,,pluggy-19a63408-db87-4bf1-83ff-eb8c7c362880,pluggy,987decad-afee-4c0e-950e-85c3006a4b2e,10000000,Groceries,Expenses:Alimentação:Restaurante,99.99,BRL
448,0,2025-09-26,*,,AUTO BANGU             RIO DE JANEIR BR,,,pluggy-de657ad6-7075-4724-a1cf-c378ed97b4fb,pluggy,75f30132-31a8-4b54-9be0-648009b118db,19050005,Vehicle maintenance,Liabilities:Credit:BB:Card:EloGrafite,-14.9,BRL
448,1,2025-09-26,*,,AUTO BANGU             RIO DE JANEIR BR,,,pluggy-de657ad6-7075-4724-a1cf-c378ed97b4fb,pluggy,75f30132-31a8-4b54-9be0-648009b118db,19050005,Vehicle maintenance,Expenses:Transporte:Manutencao,14.9,BRL
449,0,2025-09-26,*,,PIX - ENVIADO   26/09 20:27 BOIOBI,,,pluggy-741896a1-7601-432f-86f1-bf6075d93906,pluggy,25eb5f6d-2529-4377-8de5-e38160459cff,05070000,Transfer - PIX,Assets:Investment:BB:Cash,-150,BRL
449,1,2025-09-26,*,,PIX - ENVIADO   26/09 20:27 BOIOBI,,,pluggy-741896a1-7601-432f-86f1-bf6075d93906,pluggy,25eb5f6d-2529-4377-8de5-e38160459cff,05070000,Transfer - PIX,Expenses:Transporte:Combustivel,150,BRL
450,0,2025-09-26,*,,COMPRA C/CARTAO 26/09 15:00 MP *ROQUELOCAR,,,pluggy-8a7d917d-f9fb-4810-b4dd-34aabe2371b1,pluggy,25eb5f6d-2529-4377-8de5-e38160459cff,08000000,Shopping,Assets:Investment:BB:Cash,-11,BRL
450,1,2025-09-26,*,,COMPRA C/CARTAO 26/09 15:00 MP *ROQUELOCAR,,,pluggy-8a7d917d-f9fb-4810-b4dd-34aabe2371b1,pluggy,25eb5f6d-2529-4377-8de5-e38160459cff,08000000,Shopping,Expenses:Geral,11,BRL
451,0,2025-09-26,*,,PIX - ENVIADO   26/09 14:27 FERNANDO RODRIGUES DE INA,,,pluggy-8e605ec0-f99e-44de-b38c-7880e5815f10,pluggy,25eb5f6d-2529-4377-8de5-e38160459cff,05070000,Transfer - PIX,Assets:Investment:BB:Cash,-2500,BRL
451,1,2025-09-26,*,,PIX - ENVIADO   26/09 14:27 FERNANDO RODRIGUES DE INA,,,pluggy-8e605ec0-f99e-44de-b38c-7880e5815f10,pluggy,25eb5f6d-2529-4377-8de5-e38160459cff,05070000,Transfer - PIX,Expenses:Geral,2500,BRL
452,0,2025-09-26,*,,PIX - ENVIADO   26/09 11:37 Tim S A,,,pluggy-41437f2e-7509-44c7-91be-b244d61800b4,pluggy,25eb5f6d-2529-4377-8de5-e38160459cff,07010000,Telecommunications,Assets:Investment:BB:Cash,-123.76,BRL
452,1,2025-09-26,*,,PIX - ENVIADO   26/09 11:37 Tim S A,,,pluggy-41437f2e-7509-44c7-91be-b244d61800b4,pluggy,25eb5f6d-2529-4377-8de5-e38160459cff,07010000,Telecommunications,Expenses:Comunicacao:Telefone,123.76,BRL
453,0,2025-09-26,*,,PAG BOLETO      DETRAN   RJ - MULTA,,,pluggy-e8dd5d73-424b-4900-bcb6-b6ed404b83d8,pluggy,25eb5f6d-2529-4377-8de5-e38160459cff,05000000,Transfers,Assets:Investment:BB:Cash,-130.16,BRL
453,1,2025-09-26,*,,PAG BOLETO      DETRAN   RJ - MULTA,,,pluggy-e8dd5d73-424b-4900-bcb6-b6ed404b83d8,pluggy,25eb5f6d-2529-4377-8de5-e38160459cff,05000000,Transfers,Expenses:Transporte:Multa,130.16,BRL
454,0,2025-09-26,*,,PAG BOLETO      DETRAN   RJ - MULTA,,,pluggy-04944c48-dd93-47ba-84be-a2e70fc73393,pluggy,25eb5f6d-2529-4377-8de5-e38160459cff,05000000,Transfers,Assets:Investment:BB:Cash,-134.63,BRL
454,1,2025-09-26,*,,PAG BOLETO      DETRAN   RJ - MULTA,,,pluggy-04944c48-dd93-47ba-84be-a2e70fc73393,pluggy,25eb5f6d-2529-4377-8de5-e38160459cff,05000000,Transfers,Expenses:Transporte:Multa,134.63,BRL
455,0,2025-09-26,*,,UBER * PENDING         SAO PAULO     BR,,,pluggy-df872dd1-c866-4fd0-9a07-ca88e6466d3b,pluggy,987decad-afee-4c0e-950e-85c3006a4b2e,19010000,Taxi and ride-hailing,Liabilities:Credit:BB:Card:PlatinumVisa,-13.95,BRL
455,1,2025-09-26,*,,UBER * PENDING         SAO PAULO     BR,,,pluggy-df872dd1-c866-4fd0-9a07-ca88e6466d3b,pluggy,987decad-afee-4c0e-950e-85c3006a4b2e,19010000,Taxi and ride-hailing,Expenses:Transporte:Uber,13.95,BRL
456,0,2025-09-26,*,,Hypera *Hypera Pharma  SAO PAULO     BR,,,pluggy-3610a4e8-f328-429b-92ec-991fb6d6dcde,pluggy,987decad-afee-4c0e-950e-85c3006a4b2e,18020000,Pharmacy,Liabilities:Credit:BB:Card:PlatinumVisa,-199.9,BRL
456,1,2025-09-26,*,,Hypera *Hypera Pharma  SAO PAULO     BR,,,pluggy-3610a4e8-f328-429b-92ec-991fb6d6dcde,pluggy,987decad-afee-4c0e-950e-85c3006a4b2e,18020000,Pharmacy,Expenses:Saude:Farmacia,199.9,BRL
457,0,2025-09-26,*,,IOF - COMPRA NO EXTERIOR,,,pluggy-207a15b9-2154-491b-8839-3617fa02ff68,pluggy,987decad-afee-4c0e-950e-85c3006a4b2e,15030000,Tax on financial operations,Liabilities:Credit:BB:Card:PlatinumVisa,-84.21,BRL
457,1,2025-09-26,*,,IOF - COMPRA NO EXTERIOR,,,pluggy-207a15b9-2154-491b-8839-3617fa02ff68,pluggy,987decad-afee-4c0e-950e-85c3006a4b2e,15030000,Tax on financial operations,Expenses:Taxas:Imposto,84.21,BRL
458,0,2025-09-27,*,,MANACA BAR E RESTAURAN NOVA FRIBURGO BR,,,pluggy-ede5c0f3-b9ea-49a1-864b-a9406360d288,pluggy,75f30132-31a8-4b54-9be0-648009b118db,11010000,Eating out,Liabilities:Credit:BB:Card:EloGrafite,-170.5,BRL
458,1,2025-09-27,*,,MANACA BAR E RESTAURAN NOVA FRIBURGO BR,,,pluggy-ede5c0f3-b9ea-49a1-864b-a9406360d288,pluggy,75f30132-31a8-4b54-9be0-648009b118db,11010000,Eating out,Expenses:Alimentação:Restaurante,170.5,BRL
459,0,2025-09-27,*,,CASARAO DE LUMIAR BOMB Nova Friburgo BR,,,pluggy-da76591e-33e0-4b8e-beb6-6b89b83de9b2,pluggy,75f30132-31a8-4b54-9be0-648009b118db,11010000,Eating out,Liabilities:Credit:BB:Card:EloGrafite,-14.16,BRL
459,1,2025-09-27,*,,CASARAO DE LUMIAR BOMB Nova Friburgo BR,,,pluggy-da76591e-33e0-4b8e-beb6-6b89b83de9b2,pluggy,75f30132-31a8-4b54-9be0-648009b118db,11010000,Eating out,Expenses:Viagens:Estadia,14.16,BRL
460,0,2025-09-27,*,,COMPRA C/CARTAO 27/09 16:03 PISTA 4 AUTO PIST,,,pluggy-ec558cef-ed4e-4146-b4a4-fdfeb661c436,pluggy,25eb5f6d-2529-4377-8de5-e38160459cff,19050001,Gas stations,Assets:Investment:BB:Cash,-7.5,BRL
460,1,2025-09-27,*,,COMPRA C/CARTAO 27/09 16:03 PISTA 4 AUTO PIST,,,pluggy-ec558cef-ed4e-4146-b4a4-fdfeb661c436,pluggy,25eb5f6d-2529-4377-8de5-e38160459cff,19050001,Gas stations,Expenses:Transporte:Pedagio,7.5,BRL
461,0,2025-09-27,*,,COMPRA C/CARTAO 27/09 15:22 DFR ALIMENTOS E REFE,,,pluggy-1c150486-cbe5-4eb1-afd6-8714834190fb,pluggy,25eb5f6d-2529-4377-8de5-e38160459cff,10000000,Groceries,Assets:Investment:BB:Cash,-91.8,BRL
461,1,2025-09-27,*,,COMPRA C/CARTAO 27/09 15:22 DFR ALIMENTOS E REFE,,,pluggy-1c150486-cbe5-4eb1-afd6-8714834190fb,pluggy,25eb5f6d-2529-4377-8de5-e38160459cff,10000000,Groceries,Expenses:Alimentação:Restaurante,91.8,BRL
462,0,2025-09-27,*,,COMPRA C/CARTAO 27/09 14:24 ECOVIAS PONTE,,,pluggy-e922df07-7bde-4de0-a85a-153a0c9d9778,pluggy,25eb5f6d-2529-4377-8de5-e38160459cff,19050006,Traffic tickets,Assets:Investment:BB:Cash,-6.2,BRL
462,1,2025-09-27,*,,COMPRA C/CARTAO 27/09 14:24 ECOVIAS PONTE,,,pluggy-e922df07-7bde-4de0-a85a-153a0c9d9778,pluggy,25eb5f6d-2529-4377-8de5-e38160459cff,19050006,Traffic tickets,Expenses:Transporte:Pedagio,6.2,BRL
463,0,2025-09-27,*,,Google Disney          SAO PAULO     BR,,,pluggy-9b31eaee-a557-44e6-83dd-f53f366dbda0,pluggy,987decad-afee-4c0e-950e-85c3006a4b2e,09000000,Digital services,Liabilities:Credit:BB:Card:PlatinumVisa,-65.41,BRL
463,1,2025-09-27,*,,Google Disney          SAO PAULO     BR,,,pluggy-9b31eaee-a557-44e6-83dd-f53f366dbda0,pluggy,987decad-afee-4c0e-950e-85c3006a4b2e,09000000,Digital services,Expenses:Lazer:Streaming,65.41,BRL
464,0,2025-09-28,*,,SAO PEDRO ARTES        Nova Friburgo BR,,,pluggy-fd750a7c-7d34-4289-a886-7dbce03a8abd,pluggy,75f30132-31a8-4b54-9be0-648009b118db,08000000,Shopping,Liabilities:Credit:BB:Card:EloGrafite,-21,BRL
464,1,2025-09-28,*,,SAO PEDRO ARTES        Nova Friburgo BR,,,pluggy-fd750a7c-7d34-4289-a886-7dbce03a8abd,pluggy,75f30132-31a8-4b54-9be0-648009b118db,08000000,Shopping,Expenses:Pessoal:Compras,21,BRL
465,0,2025-09-28,*,,ARMAZEM DA SERRA       NOVA FRIBURGO BR,,,pluggy-82600fc6-421e-4bb3-b75f-4e7ef4d1ea38,pluggy,75f30132-31a8-4b54-9be0-648009b118db,10000000,Groceries,Liabilities:Credit:BB:Card:EloGrafite,-151.8,BRL
465,1,2025-09-28,*,,ARMAZEM DA SERRA       NOVA FRIBURGO BR,,,pluggy-82600fc6-421e-4bb3-b75f-4e7ef4d1ea38,pluggy,75f30132-31a8-4b54-9be0-648009b118db,10000000,Groceries,Expenses:Alimentação:Restaurante,151.8,BRL
466,0,2025-09-28,*,,CRAVO E CANELA II      NOVA FRIBURGO BR,,,pluggy-57adee52-7207-4589-8603-00488ce7d78e,pluggy,75f30132-31a8-4b54-9be0-648009b118db,10000000,Groceries,Liabilities:Credit:BB:Card:EloGrafite,-110,BRL
466,1,2025-09-28,*,,CRAVO E CANELA II      NOVA FRIBURGO BR,,,pluggy-57adee52-7207-4589-8603-00488ce7d78e,pluggy,75f30132-31a8-4b54-9be0-648009b118db,10000000,Groceries,Expenses:Alimentação:Restaurante,110,BRL
467,0,2025-09-28,*,,COMPRA C/CARTAO 27/09 21:53 AndreaEllerSchott,,,pluggy-e821412e-f8fa-421f-aca9-1130b4292a5f,pluggy,25eb5f6d-2529-4377-8de5-e38160459cff,08000000,Shopping,Assets:Investment:BB:Cash,-7,BRL
467,1,2025-09-28,*,,COMPRA C/CARTAO 27/09 21:53 AndreaEllerSchott,,,pluggy-e821412e-f8fa-421f-aca9-1130b4292a5f,pluggy,25eb5f6d-2529-4377-8de5-e38160459cff,08000000,Shopping,Expenses:Geral,7,BRL
468,0,2025-09-28,*,,Wellhub Gympass BR GympSao Paulo     BR,,,pluggy-80a56fdd-6fa0-4ddc-9981-2ad853ecf0b3,pluggy,987decad-afee-4c0e-950e-85c3006a4b2e,07030001,Gyms and fitness centers,Liabilities:Credit:BB:Card:PlatinumVisa,-75.9,BRL
468,1,2025-09-28,*,,Wellhub Gympass BR GympSao Paulo     BR,,,pluggy-80a56fdd-6fa0-4ddc-9981-2ad853ecf0b3,pluggy,987decad-afee-4c0e-950e-85c3006a4b2e,07030001,Gyms and fitness centers,Expenses:Saude:Academia,75.9,BRL
469,0,2025-09-29,*,,POSTO DOM PEDRO II     RIO DE JANEIR BR,,,pluggy-e44aec9f-409d-45b6-90d5-5b71d8a4c357,pluggy,75f30132-31a8-4b54-9be0-648009b118db,19050001,Gas stations,Liabilities:Credit:BB:Card:EloGrafite,-50,BRL
469,1,2025-09-29,*,,POSTO DOM PEDRO II     RIO DE JANEIR BR,,,pluggy-e44aec9f-409d-45b6-90d5-5b71d8a4c357,pluggy,75f30132-31a8-4b54-9be0-648009b118db,19050001,Gas stations,Expenses:Transporte:Combustivel,50,BRL
470,0,2025-09-29,*,,ROTA 116               NOVA FRIBURGO BR,,,pluggy-ac7cb166-db45-40d9-9529-2350a6591a39,pluggy,75f30132-31a8-4b54-9be0-648009b118db,19050003,Tolls and in vehicle payment,Liabilities:Credit:BB:Card:EloGrafite,-9.6,BRL
470,1,2025-09-29,*,,ROTA 116               NOVA FRIBURGO BR,,,pluggy-ac7cb166-db45-40d9-9529-2350a6591a39,pluggy,75f30132-31a8-4b54-9be0-648009b118db,19050003,Tolls and in vehicle payment,Expenses:Transporte:Pedagio,9.6,BRL
471,0,2025-09-29,*,,QUARUP COMBUSTIVEIS LT NOVA FRIBURGO BR,,,pluggy-a4093507-f7a2-4966-881c-bf4bc8417ac9,pluggy,75f30132-31a8-4b54-9be0-648009b118db,19050001,Gas stations,Liabilities:Credit:BB:Card:EloGrafite,-50,BRL
471,1,2025-09-29,*,,QUARUP COMBUSTIVEIS LT NOVA FRIBURGO BR,,,pluggy-a4093507-f7a2-4966-881c-bf4bc8417ac9,pluggy,75f30132-31a8-4b54-9be0-648009b118db,19050001,Gas stations,Expenses:Transporte:Combustivel,50,BRL
472,0,2025-09-29,*,,ROTA 116               NOVA FRIBURGO BR,,,pluggy-4e9b2dbf-55fc-4934-94b2-1d835b86ea3d,pluggy,75f30132-31a8-4b54-9be0-648009b118db,19050003,Tolls and in vehicle payment,Liabilities:Credit:BB:Card:EloGrafite,-9.6,BRL
472,1,2025-09-29,*,,ROTA 116               NOVA FRIBURGO BR,,,pluggy-4e9b2dbf-55fc-4934-94b2-1d835b86ea3d,pluggy,75f30132-31a8-4b54-9be0-648009b118db,19050003,Tolls and in vehicle payment,Expenses:Transporte:Pedagio,9.6,BRL
473,0,2025-09-29,*,,PIX - ENVIADO   29/09 19:29 BOIOBI,,,pluggy-4364feb3-056a-4659-8f68-f4d773779631,pluggy,25eb5f6d-2529-4377-8de5-e38160459cff,05070000,Transfer - PIX,Assets:Investment:BB:Cash,-100,BRL
473,1,2025-09-29,*,,PIX - ENVIADO   29/09 19:29 BOIOBI,,,pluggy-4364feb3-056a-4659-8f68-f4d773779631,pluggy,25eb5f6d-2529-4377-8de5-e38160459cff,05070000,Transfer - PIX,Expenses:Transporte:Combustivel,100,BRL
474,0,2025-09-29,*,,COMPRA C/CARTAO 29/09 12:27 PISTA 5 AUTO PISTA F,,,pluggy-c630d2b2-2a91-4291-9279-1bc32137a25c,pluggy,25eb5f6d-2529-4377-8de5-e38160459cff,19050001,Gas stations,Assets:Investment:BB:Cash,-7.5,BRL
474,1,2025-09-29,*,,COMPRA C/CARTAO 29/09 12:27 PISTA 5 AUTO PISTA F,,,pluggy-c630d2b2-2a91-4291-9279-1bc32137a25c,pluggy,25eb5f6d-2529-4377-8de5-e38160459cff,19050001,Gas stations,Expenses:Transporte:Pedagio,7.5,BRL
475,0,2025-09-29,*,,PIX - ENVIADO   29/09 10:16 JOAO MOREIRA DA SILVA,,,pluggy-86c883fc-f348-4db9-9dec-c7197b75d2d5,pluggy,25eb5f6d-2529-4377-8de5-e38160459cff,05070000,Transfer - PIX,Assets:Investment:BB:Cash,-12,BRL
475,1,2025-09-29,*,,PIX - ENVIADO   29/09 10:16 JOAO MOREIRA DA SILVA,,,pluggy-86c883fc-f348-4db9-9dec-c7197b75d2d5,pluggy,25eb5f6d-2529-4377-8de5-e38160459cff,05070000,Transfer - PIX,Expenses:Geral,12,BRL
476,0,2025-09-29,*,,PELO ZERO DEPILACAO    RIO DE JANEIR BR,,,pluggy-c437a17a-ec50-43e8-becd-bf170ac22351,pluggy,987decad-afee-4c0e-950e-85c3006a4b2e,18000000,Healthcare,Liabilities:Credit:BB:Card:PlatinumVisa,-24,BRL
476,1,2025-09-29,*,,PELO ZERO DEPILACAO    RIO DE JANEIR BR,,,pluggy-c437a17a-ec50-43e8-becd-bf170ac22351,pluggy,987decad-afee-4c0e-950e-85c3006a4b2e,18000000,Healthcare,Expenses:Pessoal:Beleza,24,BRL
477,0,2025-09-29,*,,ANUIDADE DIFERENCIADA ADC-PARC 11/12 BR,,,pluggy-86f213b5-ab32-4b04-8dfd-fa799def095f,pluggy,987decad-afee-4c0e-950e-85c3006a4b2e,16030000,Credit card fees,Liabilities:Credit:BB:Card:PlatinumVisa,-22.75,BRL
477,1,2025-09-29,*,,ANUIDADE DIFERENCIADA ADC-PARC 11/12 BR,,,pluggy-86f213b5-ab32-4b04-8dfd-fa799def095f,pluggy,987decad-afee-4c0e-950e-85c3006a4b2e,16030000,Credit card fees,Expenses:Taxas:Banco,22.75,BRL
478,0,2025-09-29,*,,DA HORTA ALIMENTOS SAU RIO DE JANEIR BR,,,pluggy-65790cea-f155-4d3b-bb9d-c6ee758e7b95,pluggy,987decad-afee-4c0e-950e-85c3006a4b2e,10000000,Groceries,Liabilities:Credit:BB:Card:PlatinumVisa,-28.97,BRL
478,1,2025-09-29,*,,DA HORTA ALIMENTOS SAU RIO DE JANEIR BR,,,pluggy-65790cea-f155-4d3b-bb9d-c6ee758e7b95,pluggy,987decad-afee-4c0e-950e-85c3006a4b2e,10000000,Groceries,Expenses:Alimentação:Mercado,28.97,BRL
479,0,2025-09-29,*,,DROGARIA VENANCIO      RIO DE JANEIR BR,,,pluggy-2116919f-a871-4c6b-9286-f39e33eb26a8,pluggy,987decad-afee-4c0e-950e-85c3006a4b2e,18020000,Pharmacy,Liabilities:Credit:BB:Card:PlatinumVisa,-269.5,BRL
479,1,2025-09-29,*,,DROGARIA VENANCIO      RIO DE JANEIR BR,,,pluggy-2116919f-a871-4c6b-9286-f39e33eb26a8,pluggy,987decad-afee-4c0e-950e-85c3006a4b2e,18020000,Pharmacy,Expenses:Saude:Farmacia,269.5,BRL
480,0,2025-09-29,*,,PELO ZERO DEPILACAO    RIO DE JANEIR BR,,,pluggy-051ebf74-b71a-4f11-9c10-b72eae78aa5d,pluggy,987decad-afee-4c0e-950e-85c3006a4b2e,18000000,Healthcare,Liabilities:Credit:BB:Card:PlatinumVisa,-110,BRL
480,1,2025-09-29,*,,PELO ZERO DEPILACAO    RIO DE JANEIR BR,,,pluggy-051ebf74-b71a-4f11-9c10-b72eae78aa5d,pluggy,987decad-afee-4c0e-950e-85c3006a4b2e,18000000,Healthcare,Expenses:Pessoal:Beleza,110,BRL
481,0,2025-09-30,*,,DIVIDENDOS DE CLIENTES ETER3 S/            500,,,pluggy-01c23a96-e1f5-476b-9e6c-9bed73f2f999,pluggy,e4d40b2d-f720-4570-8fb6-89c9a12e1e2f,03060000,Proceeds interests and dividends,Assets:Investment:XP:Cash,18.42,BRL
481,1,2025-09-30,*,,DIVIDENDOS DE CLIENTES ETER3 S/            500,,,pluggy-01c23a96-e1f5-476b-9e6c-9bed73f2f999,pluggy,e4d40b2d-f720-4570-8fb6-89c9a12e1e2f,03060000,Proceeds interests and dividends,Income:Investment:XP:Dividend,-18.42,BRL
482,0,2025-09-30,*,,DIVIDENDOS DE CLIENTES ETER3 S/            500,,,pluggy-f49206b8-9959-4f9e-8875-c5a9b9bec3d5,pluggy,ffd6004e-1066-4c1c-9ece-826c45ffda7d,03060000,Proceeds interests and dividends,Assets:Investment:XP:Cash,18.42,BRL
482,1,2025-09-30,*,,DIVIDENDOS DE CLIENTES ETER3 S/            500,,,pluggy-f49206b8-9959-4f9e-8875-c5a9b9bec3d5,pluggy,ffd6004e-1066-4c1c-9ece-826c45ffda7d,03060000,Proceeds interests and dividends,Income:Investment:XP:Dividend,-18.42,BRL
483,0,2025-09-30,*,,PIX - ENVIADO   30/09 11:24 MALUROS COMERCIO DE GAS E,,,pluggy-3e1c1ba1-417d-4a03-9ef1-c12304f9d8e8,pluggy,25eb5f6d-2529-4377-8de5-e38160459cff,10000000,Groceries,Assets:Investment:BB:Cash,-230,BRL
483,1,2025-09-30,*,,PIX - ENVIADO   30/09 11:24 MALUROS COMERCIO DE GAS E,,,pluggy-3e1c1ba1-417d-4a03-9ef1-c12304f9d8e8,pluggy,25eb5f6d-2529-4377-8de5-e38160459cff,10000000,Groceries,Expenses:Geral,230,BRL
484,0,2025-09-30,*,,PROVENTOS       33.000.167/0001-01 PETROLEO BRASILEIRO,,,pluggy-5057dfab-51ab-4281-b67d-d487b4582ad9,pluggy,25eb5f6d-2529-4377-8de5-e38160459cff,03060000,Proceeds interests and dividends,Assets:Investment:BB:Cash,1051.7,BRL
484,1,2025-09-30,*,,PROVENTOS       33.000.167/0001-01 PETROLEO BRASILEIRO,,,pluggy-5057dfab-51ab-4281-b67d-d487b4582ad9,pluggy,25eb5f6d-2529-4377-8de5-e38160459cff,03060000,Proceeds interests and dividends,Income:Salario,-1051.7,BRL
485,0,2025-09-30,*,,UBER* TRIP             WWW.UBER.COM. BR,,,pluggy-d6fc9269-dc9f-4011-9e3c-767dda1d27fa,pluggy,987decad-afee-4c0e-950e-85c3006a4b2e,19010000,Taxi and ride-hailing,Liabilities:Credit:BB:Card:PlatinumVisa,-24.91,BRL
485,1,2025-09-30,*,,UBER* TRIP             WWW.UBER.COM. BR,,,pluggy-d6fc9269-dc9f-4011-9e3c-767dda1d27fa,pluggy,987decad-afee-4c0e-950e-85c3006a4b2e,19010000,Taxi and ride-hailing,Expenses:Transporte:Uber,24.91,BRL
486,0,2025-09-30,*,,GRUPO ANTONIO DE EVENT RIO DE JANEIR BR,,,pluggy-8867c272-edce-40bc-b37b-dbe097c763a4,pluggy,987decad-afee-4c0e-950e-85c3006a4b2e,10000000,Groceries,Liabilities:Credit:BB:Card:PlatinumVisa,-37,BRL
486,1,2025-09-30,*,,GRUPO ANTONIO DE EVENT RIO DE JANEIR BR,,,pluggy-8867c272-edce-40bc-b37b-dbe097c763a4,pluggy,987decad-afee-4c0e-950e-85c3006a4b2e,10000000,Groceries,Expenses:Alimentação:Restaurante,37,BRL
487,0,2025-09-30,*,,PAGAMENTO              Rio de Janeir BR,,,pluggy-2c8c44cf-8e4a-4299-9dae-c2377579c6f3,pluggy,987decad-afee-4c0e-950e-85c3006a4b2e,05000000,Transfers,Liabilities:Credit:BB:Card:PlatinumVisa,-200,BRL
487,1,2025-09-30,*,,PAGAMENTO              Rio de Janeir BR,,,pluggy-2c8c44cf-8e4a-4299-9dae-c2377579c6f3,pluggy,987decad-afee-4c0e-950e-85c3006a4b2e,05000000,Transfers,Expenses:Geral,200,BRL
488,0,2025-09-30,*,,DROGARIA VEN*Loja      RIO DE JANEIR BR,,,pluggy-1bd692e9-6d37-4374-aca1-bd4df0dd90f7,pluggy,987decad-afee-4c0e-950e-85c3006a4b2e,18020000,Pharmacy,Liabilities:Credit:BB:Card:PlatinumVisa,-34.09,BRL
488,1,2025-09-30,*,,DROGARIA VEN*Loja      RIO DE JANEIR BR,,,pluggy-1bd692e9-6d37-4374-aca1-bd4df0dd90f7,pluggy,987decad-afee-4c0e-950e-85c3006a4b2e,18020000,Pharmacy,Expenses:Saude:Farmacia,34.09,BRL
489,0,2025-10-01,*,,JUROS S/ CAPITAL DE CLIENTES ITUB3 S/            220,,,pluggy-ecbbf1c7-6faa-4732-9a65-b2fd16343030,pluggy,e4d40b2d-f720-4570-8fb6-89c9a12e1e2f,02020000,Interests charged,Assets:Investment:XP:Cash,3.3,BRL
489,1,2025-10-01,*,,JUROS S/ CAPITAL DE CLIENTES ITUB3 S/            220,,,pluggy-ecbbf1c7-6faa-4732-9a65-b2fd16343030,pluggy,e4d40b2d-f720-4570-8fb6-89c9a12e1e2f,02020000,Interests charged,Income:Investment:XP:JCP,-3.3,BRL
490,0,2025-10-01,*,,JUROS S/ CAPITAL DE CLIENTES ITUB3 S/            220,,,pluggy-3f1a9966-e868-4e84-8b3c-4c07eceeff32,pluggy,ffd6004e-1066-4c1c-9ece-826c45ffda7d,02020000,Interests charged,Assets:Investment:XP:Cash,3.3,BRL
490,1,2025-10-01,*,,JUROS S/ CAPITAL DE CLIENTES ITUB3 S/            220,,,pluggy-3f1a9966-e868-4e84-8b3c-4c07eceeff32,pluggy,ffd6004e-1066-4c1c-9ece-826c45ffda7d,02020000,Interests charged,Income:Investment:XP:JCP,-3.3,BRL
491,0,2025-10-01,*,,PIX - ENVIADO   01/10 14:06 ANA CAROLINA DE ABREU ESC,,,pluggy-db6cff2d-8100-4f16-84ab-4fe180b7f3e4,pluggy,25eb5f6d-2529-4377-8de5-e38160459cff,05070000,Transfer - PIX,Assets:Investment:BB:Cash,-600,BRL
491,1,2025-10-01,*,,PIX - ENVIADO   01/10 14:06 ANA CAROLINA DE ABREU ESC,,,pluggy-db6cff2d-8100-4f16-84ab-4fe180b7f3e4,pluggy,25eb5f6d-2529-4377-8de5-e38160459cff,05070000,Transfer - PIX,Expenses:Geral:Caol,600,BRL
492,0,2025-10-01,*,,PADARIA E LANCHONETE D RIO DE JANEIR BR,,,pluggy-bf14f971-6390-4daf-aeeb-0ebc90224f70,pluggy,987decad-afee-4c0e-950e-85c3006a4b2e,10000000,Groceries,Liabilities:Credit:BB:Card:PlatinumVisa,-38,BRL
492,1,2025-10-01,*,,PADARIA E LANCHONETE D RIO DE JANEIR BR,,,pluggy-bf14f971-6390-4daf-aeeb-0ebc90224f70,pluggy,987decad-afee-4c0e-950e-85c3006a4b2e,10000000,Groceries,Expenses:Alimentação:Restaurante,38,BRL
493,0,2025-10-01,*,,PADARIA E LANCHONETE D RIO DE JANEIR BR,,,pluggy-52f5e6a1-435a-495f-ab25-24f23dc95ad0,pluggy,987decad-afee-4c0e-950e-85c3006a4b2e,10000000,Groceries,Liabilities:Credit:BB:Card:PlatinumVisa,-8,BRL
493,1,2025-10-01,*,,PADARIA E LANCHONETE D RIO DE JANEIR BR,,,pluggy-52f5e6a1-435a-495f-ab25-24f23dc95ad0,pluggy,987decad-afee-4c0e-950e-85c3006a4b2e,10000000,Groceries,Expenses:Alimentação:Restaurante,8,BRL
494,0,2025-10-02,*,,DROGARIA VEN*Loja      RIO DE JANEIR BR,,,pluggy-8d79d455-7d91-4f18-9ef6-80390c254b1e,pluggy,987decad-afee-4c0e-950e-85c3006a4b2e,18020000,Pharmacy,Liabilities:Credit:BB:Card:PlatinumVisa,-99,BRL
494,1,2025-10-02,*,,DROGARIA VEN*Loja      RIO DE JANEIR BR,,,pluggy-8d79d455-7d91-4f18-9ef6-80390c254b1e,pluggy,987decad-afee-4c0e-950e-85c3006a4b2e,18020000,Pharmacy,Expenses:Saude:Farmacia,99,BRL
495,0,2025-10-02,*,,PADARIA E LANCHONETE D RIO DE JANEIR BR,,,pluggy-8a7c9a8c-d595-4827-90d2-5cd8e26dba3a,pluggy,987decad-afee-4c0e-950e-85c3006a4b2e,10000000,Groceries,Liabilities:Credit:BB:Card:PlatinumVisa,-11,BRL
495,1,2025-10-02,*,,PADARIA E LANCHONETE D RIO DE JANEIR BR,,,pluggy-8a7c9a8c-d595-4827-90d2-5cd8e26dba3a,pluggy,987decad-afee-4c0e-950e-85c3006a4b2e,10000000,Groceries,Expenses:Alimentação:Restaurante,11,BRL
496,0,2025-10-02,*,,SUPERM PRINCESA LJ 165 RIO DE JANEIR BR,,,pluggy-5c2766f7-62c6-4a62-b490-a18bb1ca5e13,pluggy,987decad-afee-4c0e-950e-85c3006a4b2e,10000000,Groceries,Liabilities:Credit:BB:Card:PlatinumVisa,-102.74,BRL
496,1,2025-10-02,*,,SUPERM PRINCESA LJ 165 RIO DE JANEIR BR,,,pluggy-5c2766f7-62c6-4a62-b490-a18bb1ca5e13,pluggy,987decad-afee-4c0e-950e-85c3006a4b2e,10000000,Groceries,Expenses:Alimentação:Mercado,102.74,BRL
497,0,2025-10-02,*,,DROGARIA VENANCIO      RIO DE JANEIR BR,,,pluggy-52f122a0-8f10-4b80-a9fd-b69572b6ce8e,pluggy,987decad-afee-4c0e-950e-85c3006a4b2e,18020000,Pharmacy,Liabilities:Credit:BB:Card:PlatinumVisa,-50.77,BRL
497,1,2025-10-02,*,,DROGARIA VENANCIO      RIO DE JANEIR BR,,,pluggy-52f122a0-8f10-4b80-a9fd-b69572b6ce8e,pluggy,987decad-afee-4c0e-950e-85c3006a4b2e,18020000,Pharmacy,Expenses:Saude:Farmacia,50.77,BRL
498,0,2025-10-02,*,,DA HORTA ALIMENTOS SAU RIO DE JANEIR BR,,,pluggy-3f996aab-492a-4a71-828b-531d6b1db98c,pluggy,987decad-afee-4c0e-950e-85c3006a4b2e,10000000,Groceries,Liabilities:Credit:BB:Card:PlatinumVisa,-24.08,BRL
498,1,2025-10-02,*,,DA HORTA ALIMENTOS SAU RIO DE JANEIR BR,,,pluggy-3f996aab-492a-4a71-828b-531d6b1db98c,pluggy,987decad-afee-4c0e-950e-85c3006a4b2e,10000000,Groceries,Expenses:Alimentação:Mercado,24.08,BRL
499,0,2025-10-02,*,,DROGARIAS PACHECO      RIO DE JANEIR BR,,,pluggy-303f994a-74bb-4cad-b2af-7db5ce9cd18e,pluggy,987decad-afee-4c0e-950e-85c3006a4b2e,18020000,Pharmacy,Liabilities:Credit:BB:Card:PlatinumVisa,-119.97,BRL
499,1,2025-10-02,*,,DROGARIAS PACHECO      RIO DE JANEIR BR,,,pluggy-303f994a-74bb-4cad-b2af-7db5ce9cd18e,pluggy,987decad-afee-4c0e-950e-85c3006a4b2e,18020000,Pharmacy,Expenses:Saude:Farmacia,119.97,BRL
500,0,2025-10-03,*,,JUROS S/ CAPITAL DE CLIENTES FLRY3 S/            830,,,pluggy-4ab31bee-b0c9-475a-b021-07c448aa2dd7,pluggy,e4d40b2d-f720-4570-8fb6-89c9a12e1e2f,02020000,Interests charged,Assets:Investment:XP:Cash,218.78,BRL
500,1,2025-10-03,*,,JUROS S/ CAPITAL DE CLIENTES FLRY3 S/            830,,,pluggy-4ab31bee-b0c9-475a-b021-07c448aa2dd7,pluggy,e4d40b2d-f720-4570-8fb6-89c9a12e1e2f,02020000,Interests charged,Income:Investment:XP:JCP,-218.78,BRL
501,0,2025-10-03,*,,JUROS S/ CAPITAL DE CLIENTES FLRY3 S/            830,,,pluggy-f40e88ac-abd7-449c-aa58-41c67383f1e3,pluggy,ffd6004e-1066-4c1c-9ece-826c45ffda7d,02020000,Interests charged,Assets:Investment:XP:Cash,218.78,BRL
501,1,2025-10-03,*,,JUROS S/ CAPITAL DE CLIENTES FLRY3 S/            830,,,pluggy-f40e88ac-abd7-449c-aa58-41c67383f1e3,pluggy,ffd6004e-1066-4c1c-9ece-826c45ffda7d,02020000,Interests charged,Income:Investment:XP:JCP,-218.78,BRL
502,0,2025-10-03,*,,DL GOOGLE Crunch       1123958400    BR,,,pluggy-cf2ab8ae-e868-4cc7-bb69-d9ac394692b9,pluggy,75f30132-31a8-4b54-9be0-648009b118db,09000000,Digital services,Liabilities:Credit:BB:Card:EloGrafite,-19.99,BRL
502,1,2025-10-03,*,,DL GOOGLE Crunch       1123958400    BR,,,pluggy-cf2ab8ae-e868-4cc7-bb69-d9ac394692b9,pluggy,75f30132-31a8-4b54-9be0-648009b118db,09000000,Digital services,Expenses:Lazer:Streaming,19.99,BRL
503,0,2025-10-03,*,,PIX - ENVIADO   03/10 17:56 FISIOURO,,,pluggy-66613d85-7212-42e4-a490-d901491b5f2c,pluggy,25eb5f6d-2529-4377-8de5-e38160459cff,05070000,Transfer - PIX,Assets:Investment:BB:Cash,-200,BRL
503,1,2025-10-03,*,,PIX - ENVIADO   03/10 17:56 FISIOURO,,,pluggy-66613d85-7212-42e4-a490-d901491b5f2c,pluggy,25eb5f6d-2529-4377-8de5-e38160459cff,05070000,Transfer - PIX,Expenses:Geral,200,BRL
504,0,2025-10-03,*,,BacioDiLatte           Rio de Janeir BR,,,pluggy-fec02e46-2527-4f5b-a5c7-ab3db9d617f0,pluggy,987decad-afee-4c0e-950e-85c3006a4b2e,11010000,Eating out,Liabilities:Credit:BB:Card:PlatinumVisa,-23.95,BRL
504,1,2025-10-03,*,,BacioDiLatte           Rio de Janeir BR,,,pluggy-fec02e46-2527-4f5b-a5c7-ab3db9d617f0,pluggy,987decad-afee-4c0e-950e-85c3006a4b2e,11010000,Eating out,Expenses:Alimentação:Restaurante,23.95,BRL
505,0,2025-10-03,*,,CAES E GATOS PET SHOP  RIO DE JANEIR BR,,,pluggy-c50ab69d-e550-4906-8b12-e24e95a96db6,pluggy,987decad-afee-4c0e-950e-85c3006a4b2e,08030000,Pet supplies and vet,Liabilities:Credit:BB:Card:PlatinumVisa,-21.5,BRL
505,1,2025-10-03,*,,CAES E GATOS PET SHOP  RIO DE JANEIR BR,,,pluggy-c50ab69d-e550-4906-8b12-e24e95a96db6,pluggy,987decad-afee-4c0e-950e-85c3006a4b2e,08030000,Pet supplies and vet,Expenses:Pet:Petshop,21.5,BRL
506,0,2025-10-03,*,,UBER* TRIP             WWW.UBER.COM. BR,,,pluggy-a592f64a-fd34-4ef0-9861-9b596f1783bf,pluggy,987decad-afee-4c0e-950e-85c3006a4b2e,19010000,Taxi and ride-hailing,Liabilities:Credit:BB:Card:PlatinumVisa,-12.92,BRL
506,1,2025-10-03,*,,UBER* TRIP             WWW.UBER.COM. BR,,,pluggy-a592f64a-fd34-4ef0-9861-9b596f1783bf,pluggy,987decad-afee-4c0e-950e-85c3006a4b2e,19010000,Taxi and ride-hailing,Expenses:Transporte:Uber,12.92,BRL
507,0,2025-10-03,*,,DROGARIA VENANCIO      RIO DE JANEIR BR,,,pluggy-378990ce-532b-4ff0-8610-02588f978637,pluggy,987decad-afee-4c0e-950e-85c3006a4b2e,18020000,Pharmacy,Liabilities:Credit:BB:Card:PlatinumVisa,-263.34,BRL
507,1,2025-10-03,*,,DROGARIA VENANCIO      RIO DE JANEIR BR,,,pluggy-378990ce-532b-4ff0-8610-02588f978637,pluggy,987decad-afee-4c0e-950e-85c3006a4b2e,18020000,Pharmacy,Expenses:Saude:Farmacia,263.34,BRL
508,0,2025-10-04,*,,PIX - ENVIADO   04/10 16:09 Jessica Delfina de Barros,,,pluggy-5c46927c-143a-416c-97bf-b439885c56c3,pluggy,25eb5f6d-2529-4377-8de5-e38160459cff,05070000,Transfer - PIX,Assets:Investment:BB:Cash,-10,BRL
508,1,2025-10-04,*,,PIX - ENVIADO   04/10 16:09 Jessica Delfina de Barros,,,pluggy-5c46927c-143a-416c-97bf-b439885c56c3,pluggy,25eb5f6d-2529-4377-8de5-e38160459cff,05070000,Transfer - PIX,Expenses:Geral,10,BRL
509,0,2025-10-04,*,,BIBI DOCES             RIO DE JANEIR BR,,,pluggy-945ebc4f-8632-4c36-9279-a7c4fca6c069,pluggy,987decad-afee-4c0e-950e-85c3006a4b2e,11010000,Eating out,Liabilities:Credit:BB:Card:PlatinumVisa,-17,BRL
509,1,2025-10-04,*,,BIBI DOCES             RIO DE JANEIR BR,,,pluggy-945ebc4f-8632-4c36-9279-a7c4fca6c069,pluggy,987decad-afee-4c0e-950e-85c3006a4b2e,11010000,Eating out,Expenses:Alimentação:Restaurante,17,BRL
510,0,2025-10-05,*,,LanchesMassilia        RIO DE JANEIR BR,,,pluggy-e8103872-7aed-48c6-bfce-ef9a2627eee5,pluggy,75f30132-31a8-4b54-9be0-648009b118db,11010000,Eating out,Liabilities:Credit:BB:Card:EloGrafite,-4,BRL
510,1,2025-10-05,*,,LanchesMassilia        RIO DE JANEIR BR,,,pluggy-e8103872-7aed-48c6-bfce-ef9a2627eee5,pluggy,75f30132-31a8-4b54-9be0-648009b118db,11010000,Eating out,Expenses:Alimentação:Restaurante,4,BRL
511,0,2025-10-05,*,,MP*PRODUTOSSA          MARATAZES     BR,,,pluggy-c46ec8eb-883d-453a-959c-14cc779f16cd,pluggy,987decad-afee-4c0e-950e-85c3006a4b2e,08000000,Shopping,Liabilities:Credit:BB:Card:PlatinumVisa,-15,BRL
511,1,2025-10-05,*,,MP*PRODUTOSSA          MARATAZES     BR,,,pluggy-c46ec8eb-883d-453a-959c-14cc779f16cd,pluggy,987decad-afee-4c0e-950e-85c3006a4b2e,08000000,Shopping,Expenses:Geral,15,BRL
512,0,2025-10-06,*,,DROGARIA VEN*Loja      RIO DE JANEIR BR,,,pluggy-26608c56-e939-4c4e-a365-ef245b76eced,pluggy,987decad-afee-4c0e-950e-85c3006a4b2e,18020000,Pharmacy,Liabilities:Credit:BB:Card:PlatinumVisa,99,BRL
512,1,2025-10-06,*,,DROGARIA VEN*Loja      RIO DE JANEIR BR,,,pluggy-26608c56-e939-4c4e-a365-ef245b76eced,pluggy,987decad-afee-4c0e-950e-85c3006a4b2e,18020000,Pharmacy,Expenses:Saude:Farmacia,-99,BRL
513,0,2025-10-07,*,,JUROS S/ CAPITAL DE CLIENTES B3SA3 S/            700,,,pluggy-add32149-8bbf-44d1-9aa5-4deda26ad235,pluggy,e4d40b2d-f720-4570-8fb6-89c9a12e1e2f,03060000,Proceeds interests and dividends,Assets:Investment:XP:Cash,46.58,BRL
513,1,2025-10-07,*,,JUROS S/ CAPITAL DE CLIENTES B3SA3 S/            700,,,pluggy-add32149-8bbf-44d1-9aa5-4deda26ad235,pluggy,e4d40b2d-f720-4570-8fb6-89c9a12e1e2f,03060000,Proceeds interests and dividends,Income:Investment:XP:JCP,-46.58,BRL
514,0,2025-10-07,*,,JUROS S/ CAPITAL DE CLIENTES B3SA3 S/            700,,,pluggy-1ec0d453-0a3b-432b-a35d-b72a0a55f286,pluggy,ffd6004e-1066-4c1c-9ece-826c45ffda7d,03060000,Proceeds interests and dividends,Assets:Investment:XP:Cash,46.58,BRL
514,1,2025-10-07,*,,JUROS S/ CAPITAL DE CLIENTES B3SA3 S/            700,,,pluggy-1ec0d453-0a3b-432b-a35d-b72a0a55f286,pluggy,ffd6004e-1066-4c1c-9ece-826c45ffda7d,03060000,Proceeds interests and dividends,Income:Investment:XP:JCP,-46.58,BRL
515,0,2025-10-07,*,,iFood                  Osasco        BR,,,pluggy-5a3d7c45-e1aa-41bd-b5b5-b06cfc30a3d3,pluggy,75f30132-31a8-4b54-9be0-648009b118db,10000000,Groceries,Liabilities:Credit:BB:Card:EloGrafite,-5.95,BRL
515,1,2025-10-07,*,,iFood                  Osasco        BR,,,pluggy-5a3d7c45-e1aa-41bd-b5b5-b06cfc30a3d3,pluggy,75f30132-31a8-4b54-9be0-648009b118db,10000000,Groceries,Expenses:Alimentação:Delivery,5.95,BRL
516,0,2025-10-07,*,,PIX - ENVIADO   06/10 21:00 BOIOBI,,,pluggy-31fae9e0-b7f1-4d95-a1d0-ae4f7b995192,pluggy,25eb5f6d-2529-4377-8de5-e38160459cff,05070000,Transfer - PIX,Assets:Investment:BB:Cash,-50,BRL
516,1,2025-10-07,*,,PIX - ENVIADO   06/10 21:00 BOIOBI,,,pluggy-31fae9e0-b7f1-4d95-a1d0-ae4f7b995192,pluggy,25eb5f6d-2529-4377-8de5-e38160459cff,05070000,Transfer - PIX,Expenses:Transporte:Combustivel,50,BRL
517,0,2025-10-08,*,,PIX - ENVIADO   08/10 12:09 ANA CAROLINA DE ABREU ESC,,,pluggy-be327014-9830-4755-9836-a1432bee8c69,pluggy,25eb5f6d-2529-4377-8de5-e38160459cff,05070000,Transfer - PIX,Assets:Investment:BB:Cash,-850,BRL
517,1,2025-10-08,*,,PIX - ENVIADO   08/10 12:09 ANA CAROLINA DE ABREU ESC,,,pluggy-be327014-9830-4755-9836-a1432bee8c69,pluggy,25eb5f6d-2529-4377-8de5-e38160459cff,05070000,Transfer - PIX,Expenses:Geral:Caol,850,BRL
518,0,2025-10-09,*,,PIX - ENVIADO   09/10 17:44 ANA CAROLINA DE ABREU ESC,,,pluggy-f5ed2197-927f-4899-bd4a-8d6e84fa5bf0,pluggy,25eb5f6d-2529-4377-8de5-e38160459cff,05070000,Transfer - PIX,Assets:Investment:BB:Cash,-1273,BRL
518,1,2025-10-09,*,,PIX - ENVIADO   09/10 17:44 ANA CAROLINA DE ABREU ESC,,,pluggy-f5ed2197-927f-4899-bd4a-8d6e84fa5bf0,pluggy,25eb5f6d-2529-4377-8de5-e38160459cff,05070000,Transfer - PIX,Expenses:Geral:Caol,1273,BRL
519,0,2025-10-09,*,,LINKEDIN               SAO PAULO     BR,,,pluggy-f4407270-9164-47b3-97ab-8ec8b10daefb,pluggy,987decad-afee-4c0e-950e-85c3006a4b2e,09000000,Digital services,Liabilities:Credit:BB:Card:PlatinumVisa,-69.99,BRL
519,1,2025-10-09,*,,LINKEDIN               SAO PAULO     BR,,,pluggy-f4407270-9164-47b3-97ab-8ec8b10daefb,pluggy,987decad-afee-4c0e-950e-85c3006a4b2e,09000000,Digital services,Expenses:Mensalidades:Outras,69.99,BRL
520,0,2025-10-09,*,,CAES E GATOS PET SHOP  RIO DE JANEIR BR,,,pluggy-713eddbe-39cb-4f1a-b07c-43901ef50bcb,pluggy,987decad-afee-4c0e-950e-85c3006a4b2e,08030000,Pet supplies and vet,Liabilities:Credit:BB:Card:PlatinumVisa,-85,BRL
520,1,2025-10-09,*,,CAES E GATOS PET SHOP  RIO DE JANEIR BR,,,pluggy-713eddbe-39cb-4f1a-b07c-43901ef50bcb,pluggy,987decad-afee-4c0e-950e-85c3006a4b2e,08030000,Pet supplies and vet,Expenses:Pet:Petshop,85,BRL
521,0,2025-10-09,*,,CAES E GATOS PET SHOP  RIO DE JANEIR BR,,,pluggy-0eb4ec17-bbe9-4409-86df-c116886fdbf9,pluggy,987decad-afee-4c0e-950e-85c3006a4b2e,08030000,Pet supplies and vet,Liabilities:Credit:BB:Card:PlatinumVisa,-21.5,BRL
521,1,2025-10-09,*,,CAES E GATOS PET SHOP  RIO DE JANEIR BR,,,pluggy-0eb4ec17-bbe9-4409-86df-c116886fdbf9,pluggy,987decad-afee-4c0e-950e-85c3006a4b2e,08030000,Pet supplies and vet,Expenses:Pet:Petshop,21.5,BRL
522,0,2025-10-10,*,,PLANEJADA,,,pluggy-05e0beec-2550-4077-a7f5-52ec82dbffa2,pluggy,3d0492b4-0d84-49c0-9945-e3e9adc34d51,03000000,Investments,Assets:Investment:BB:Savings,2000,BRL
522,1,2025-10-10,*,,PLANEJADA,,,pluggy-05e0beec-2550-4077-a7f5-52ec82dbffa2,pluggy,3d0492b4-0d84-49c0-9945-e3e9adc34d51,03000000,Investments,Assets:Investment:BB:Cash,-2000,BRL
523,0,2025-10-10,*,,PGTO DEBITO CONTA 3836 000000008  200211,,,pluggy-f775902d-6a67-40e4-93f9-cdb76d25ac35,pluggy,75f30132-31a8-4b54-9be0-648009b118db,05060000,Transfer - Internal,Liabilities:Credit:BB:Card:EloGrafite,1401.74,BRL
523,1,2025-10-10,*,,PGTO DEBITO CONTA 3836 000000008  200211,,,pluggy-f775902d-6a67-40e4-93f9-cdb76d25ac35,pluggy,75f30132-31a8-4b54-9be0-648009b118db,05060000,Transfer - Internal,Assets:Investment:BB:Cash,-1401.74,BRL
524,0,2025-10-10,*,,PIX AGEND RECOR 10/10 ANA CAROLINA DE ABREU ES 001/005,,,pluggy-7ef13281-8bbf-4032-8913-a4c0d89f056f,pluggy,25eb5f6d-2529-4377-8de5-e38160459cff,05070000,Transfer - PIX,Assets:Investment:BB:Cash,-3000,BRL
524,1,2025-10-10,*,,PIX AGEND RECOR 10/10 ANA CAROLINA DE ABREU ES 001/005,,,pluggy-7ef13281-8bbf-4032-8913-a4c0d89f056f,pluggy,25eb5f6d-2529-4377-8de5-e38160459cff,05070000,Transfer - PIX,Expenses:Geral:Caol,3000,BRL
525,0,2025-10-10,*,,TRANSF ENVIADA  15/11 GABRIEL BARROS RODRIGUES,,,pluggy-2480ca34-9479-45db-ad4b-516d8a54cc88,pluggy,25eb5f6d-2529-4377-8de5-e38160459cff,04000000,Same person transfer,Assets:Investment:BB:Cash,-2000,BRL
525,1,2025-10-10,*,,TRANSF ENVIADA  15/11 GABRIEL BARROS RODRIGUES,,,pluggy-2480ca34-9479-45db-ad4b-516d8a54cc88,pluggy,25eb5f6d-2529-4377-8de5-e38160459cff,04000000,Same person transfer,Assets:Investment:BB:Savings,2000,BRL
526,0,2025-10-10,*,,PROVENTOS       33.000.167/0001-01 PETROLEO BRASILEIRO,,,pluggy-9ab9811a-e64a-4ab0-b946-397053cf7f75,pluggy,25eb5f6d-2529-4377-8de5-e38160459cff,03060000,Proceeds interests and dividends,Assets:Investment:BB:Cash,3265.34,BRL
526,1,2025-10-10,*,,PROVENTOS       33.000.167/0001-01 PETROLEO BRASILEIRO,,,pluggy-9ab9811a-e64a-4ab0-b946-397053cf7f75,pluggy,25eb5f6d-2529-4377-8de5-e38160459cff,03060000,Proceeds interests and dividends,Income:Salario,-3265.34,BRL
527,0,2025-10-10,*,,UBER * PENDING         SAO PAULO     BR,,,pluggy-dd9d268f-ece7-4c45-9cfc-382ae1edc4c6,pluggy,987decad-afee-4c0e-950e-85c3006a4b2e,19010000,Taxi and ride-hailing,Liabilities:Credit:BB:Card:PlatinumVisa,-25.06,BRL
527,1,2025-10-10,*,,UBER * PENDING         SAO PAULO     BR,,,pluggy-dd9d268f-ece7-4c45-9cfc-382ae1edc4c6,pluggy,987decad-afee-4c0e-950e-85c3006a4b2e,19010000,Taxi and ride-hailing,Expenses:Transporte:Uber,25.06,BRL
528,0,2025-10-10,*,,PGTO DEBITO CONTA 3836 000009800  200211,,,pluggy-5f832e27-812c-4cf2-925f-5f6d8ef08606,pluggy,987decad-afee-4c0e-950e-85c3006a4b2e,05060000,Transfer - Internal,Liabilities:Credit:BB:Card:PlatinumVisa,18052.7,BRL
528,1,2025-10-10,*,,PGTO DEBITO CONTA 3836 000009800  200211,,,pluggy-5f832e27-812c-4cf2-925f-5f6d8ef08606,pluggy,987decad-afee-4c0e-950e-85c3006a4b2e,05060000,Transfer - Internal,Assets:Investment:BB:Cash,-18052.7,BRL
529,0,2025-10-11,*,,PIX - ENVIADO   11/10 16:36 FERNANDO RODRIGUES DE INA,,,pluggy-4770a6b6-b9f7-4dde-896b-6ad25850f2d6,pluggy,25eb5f6d-2529-4377-8de5-e38160459cff,05070000,Transfer - PIX,Assets:Investment:BB:Cash,-1590,BRL
529,1,2025-10-11,*,,PIX - ENVIADO   11/10 16:36 FERNANDO RODRIGUES DE INA,,,pluggy-4770a6b6-b9f7-4dde-896b-6ad25850f2d6,pluggy,25eb5f6d-2529-4377-8de5-e38160459cff,05070000,Transfer - PIX,Expenses:Geral,1590,BRL
530,0,2025-10-11,*,,PIX - ENVIADO   11/10 14:30 RD SAUDE,,,pluggy-ed68da35-f2dc-4ece-b8e5-26ba8fd88f9b,pluggy,25eb5f6d-2529-4377-8de5-e38160459cff,05070000,Transfer - PIX,Assets:Investment:BB:Cash,-38.77,BRL
530,1,2025-10-11,*,,PIX - ENVIADO   11/10 14:30 RD SAUDE,,,pluggy-ed68da35-f2dc-4ece-b8e5-26ba8fd88f9b,pluggy,25eb5f6d-2529-4377-8de5-e38160459cff,05070000,Transfer - PIX,Expenses:Geral,38.77,BRL
531,0,2025-10-11,*,,PGTO CARTAO     ELO GRAFITE ESTILO,,,pluggy-94c3907d-35f0-4e5c-9638-67bd90586119,pluggy,25eb5f6d-2529-4377-8de5-e38160459cff,05100000,Credit card payment,Assets:Investment:BB:Cash,-1401.74,BRL
531,1,2025-10-11,*,,PGTO CARTAO     ELO GRAFITE ESTILO,,,pluggy-94c3907d-35f0-4e5c-9638-67bd90586119,pluggy,25eb5f6d-2529-4377-8de5-e38160459cff,05100000,Credit card payment,Liabilities:Credit:BB:Card:EloGrafite,1401.74,BRL
532,0,2025-10-11,*,,PGTO CARTAO     PLATINUM ESTILO VISA,,,pluggy-40082864-0237-4cbc-b39d-44e6f3cc6845,pluggy,25eb5f6d-2529-4377-8de5-e38160459cff,05100000,Credit card payment,Assets:Investment:BB:Cash,-18052.7,BRL
532,1,2025-10-11,*,,PGTO CARTAO     PLATINUM ESTILO VISA,,,pluggy-40082864-0237-4cbc-b39d-44e6f3cc6845,pluggy,25eb5f6d-2529-4377-8de5-e38160459cff,05100000,Credit card payment,Liabilities:Credit:BB:Card:PlatinumVisa,18052.7,BRL
533,0,2025-10-11,*,,UBER * PENDING         SAO PAULO     BR,,,pluggy-265b7ad6-6947-475e-89ec-529d74c86a9c,pluggy,987decad-afee-4c0e-950e-85c3006a4b2e,19010000,Taxi and ride-hailing,Liabilities:Credit:BB:Card:PlatinumVisa,-32.21,BRL
533,1,2025-10-11,*,,UBER * PENDING         SAO PAULO     BR,,,pluggy-265b7ad6-6947-475e-89ec-529d74c86a9c,pluggy,987decad-afee-4c0e-950e-85c3006a4b2e,19010000,Taxi and ride-hailing,Expenses:Transporte:Uber,32.21,BRL
534,0,2025-10-13,*,,BATI PATU TEMPERO CASE NITEROI       BR,,,pluggy-6a69d6ce-1ba5-4928-9569-3a437dc13215,pluggy,75f30132-31a8-4b54-9be0-648009b118db,11010000,Eating out,Liabilities:Credit:BB:Card:EloGrafite,-129.43,BRL
534,1,2025-10-13,*,,BATI PATU TEMPERO CASE NITEROI       BR,,,pluggy-6a69d6ce-1ba5-4928-9569-3a437dc13215,pluggy,75f30132-31a8-4b54-9be0-648009b118db,11010000,Eating out,Expenses:Alimentação:Restaurante,129.43,BRL
535,0,2025-10-13,*,,COMPRA C/CARTAO 13/10 17:35 VITORIOESPOSITO,,,pluggy-f577ba33-4673-4231-b925-12f6e2b66c74,pluggy,25eb5f6d-2529-4377-8de5-e38160459cff,08000000,Shopping,Assets:Investment:BB:Cash,-45,BRL
535,1,2025-10-13,*,,COMPRA C/CARTAO 13/10 17:35 VITORIOESPOSITO,,,pluggy-f577ba33-4673-4231-b925-12f6e2b66c74,pluggy,25eb5f6d-2529-4377-8de5-e38160459cff,08000000,Shopping,Expenses:Pessoal:Cabeleireiro,45,BRL
536,0,2025-10-13,*,,UBER* TRIP             WWW.UBER.COM. BR,,,pluggy-c583d724-4397-44f7-8e18-063bee7a2116,pluggy,987decad-afee-4c0e-950e-85c3006a4b2e,19010000,Taxi and ride-hailing,Liabilities:Credit:BB:Card:PlatinumVisa,-76.69,BRL
536,1,2025-10-13,*,,UBER* TRIP             WWW.UBER.COM. BR,,,pluggy-c583d724-4397-44f7-8e18-063bee7a2116,pluggy,987decad-afee-4c0e-950e-85c3006a4b2e,19010000,Taxi and ride-hailing,Expenses:Transporte:Uber,76.69,BRL
537,0,2025-10-13,*,,UBER* TRIP             WWW.UBER.COM. BR,,,pluggy-2e3dba30-8417-47e9-bc31-315016b9dd22,pluggy,987decad-afee-4c0e-950e-85c3006a4b2e,19010000,Taxi and ride-hailing,Liabilities:Credit:BB:Card:PlatinumVisa,-70.5,BRL
537,1,2025-10-13,*,,UBER* TRIP             WWW.UBER.COM. BR,,,pluggy-2e3dba30-8417-47e9-bc31-315016b9dd22,pluggy,987decad-afee-4c0e-950e-85c3006a4b2e,19010000,Taxi and ride-hailing,Expenses:Transporte:Uber,70.5,BRL
538,0,2025-10-14,*,,RENDIMENTOS DE CLIENTES HGLG11 S/             99,,,pluggy-f0eee7ed-4bae-4898-b3e7-558f8d12075b,pluggy,e4d40b2d-f720-4570-8fb6-89c9a12e1e2f,19010000,Taxi and ride-hailing,Assets:Investment:XP:Cash,108.9,BRL
538,1,2025-10-14,*,,RENDIMENTOS DE CLIENTES HGLG11 S/             99,,,pluggy-f0eee7ed-4bae-4898-b3e7-558f8d12075b,pluggy,e4d40b2d-f720-4570-8fb6-89c9a12e1e2f,19010000,Taxi and ride-hailing,Income:Investment:XP:Rendimento,-108.9,BRL
539,0,2025-10-14,*,,RENDIMENTOS DE CLIENTES HGRU11 S/            129,,,pluggy-20d539df-7bf6-4a34-93de-3c12345019fa,pluggy,e4d40b2d-f720-4570-8fb6-89c9a12e1e2f,03060000,Proceeds interests and dividends,Assets:Investment:XP:Cash,122.55,BRL
539,1,2025-10-14,*,,RENDIMENTOS DE CLIENTES HGRU11 S/            129,,,pluggy-20d539df-7bf6-4a34-93de-3c12345019fa,pluggy,e4d40b2d-f720-4570-8fb6-89c9a12e1e2f,03060000,Proceeds interests and dividends,Income:Investment:XP:Rendimento,-122.55,BRL
540,0,2025-10-14,*,,RENDIMENTOS DE CLIENTES HGLG11 S/             99,,,pluggy-d25971f8-0c7b-4033-b06f-a2aa2400744d,pluggy,ffd6004e-1066-4c1c-9ece-826c45ffda7d,19010000,Taxi and ride-hailing,Assets:Investment:XP:Cash,108.9,BRL
540,1,2025-10-14,*,,RENDIMENTOS DE CLIENTES HGLG11 S/             99,,,pluggy-d25971f8-0c7b-4033-b06f-a2aa2400744d,pluggy,ffd6004e-1066-4c1c-9ece-826c45ffda7d,19010000,Taxi and ride-hailing,Income:Investment:XP:Rendimento,-108.9,BRL
541,0,2025-10-14,*,,RENDIMENTOS DE CLIENTES PMLL11 S/            153,,,pluggy-1adb9569-a85c-4693-9cd8-e53c6e168ad0,pluggy,e4d40b2d-f720-4570-8fb6-89c9a12e1e2f,03060000,Proceeds interests and dividends,Assets:Investment:XP:Cash,131.58,BRL
541,1,2025-10-14,*,,RENDIMENTOS DE CLIENTES PMLL11 S/            153,,,pluggy-1adb9569-a85c-4693-9cd8-e53c6e168ad0,pluggy,e4d40b2d-f720-4570-8fb6-89c9a12e1e2f,03060000,Proceeds interests and dividends,Income:Investment:XP:Rendimento,-131.58,BRL
542,0,2025-10-14,*,,RENDIMENTOS DE CLIENTES HGRU11 S/            129,,,pluggy-5b9eb043-b76c-4bb5-b1b5-f3a89e494432,pluggy,ffd6004e-1066-4c1c-9ece-826c45ffda7d,03060000,Proceeds interests and dividends,Assets:Investment:XP:Cash,122.55,BRL
542,1,2025-10-14,*,,RENDIMENTOS DE CLIENTES HGRU11 S/            129,,,pluggy-5b9eb043-b76c-4bb5-b1b5-f3a89e494432,pluggy,ffd6004e-1066-4c1c-9ece-826c45ffda7d,03060000,Proceeds interests and dividends,Income:Investment:XP:Rendimento,-122.55,BRL
543,0,2025-10-14,*,,RENDIMENTOS DE CLIENTES PMLL11 S/            153,,,pluggy-1aa063cb-4f4a-4e1d-b605-03f39ecc8a05,pluggy,ffd6004e-1066-4c1c-9ece-826c45ffda7d,03060000,Proceeds interests and dividends,Assets:Investment:XP:Cash,131.58,BRL
543,1,2025-10-14,*,,RENDIMENTOS DE CLIENTES PMLL11 S/            153,,,pluggy-1aa063cb-4f4a-4e1d-b605-03f39ecc8a05,pluggy,ffd6004e-1066-4c1c-9ece-826c45ffda7d,03060000,Proceeds interests and dividends,Income:Investment:XP:Rendimento,-131.58,BRL
544,0,2025-10-14,*,,LOJAS RENNER FL 323    RIO DE JANEIR BR,,,pluggy-f4b98141-f138-4b8b-899e-9f742a319a0b,pluggy,75f30132-31a8-4b54-9be0-648009b118db,08040000,Clothing,Liabilities:Credit:BB:Card:EloGrafite,-39.9,BRL
544,1,2025-10-14,*,,LOJAS RENNER FL 323    RIO DE JANEIR BR,,,pluggy-f4b98141-f138-4b8b-899e-9f742a319a0b,pluggy,75f30132-31a8-4b54-9be0-648009b118db,08040000,Clothing,Expenses:Pessoal:Vestuario,39.9,BRL
545,0,2025-10-14,*,,DROGARIA VENANCIO      RIO DE JANEIR BR,,,pluggy-eb65f325-1711-4389-a612-368e8cff380b,pluggy,75f30132-31a8-4b54-9be0-648009b118db,18020000,Pharmacy,Liabilities:Credit:BB:Card:EloGrafite,-29.9,BRL
545,1,2025-10-14,*,,DROGARIA VENANCIO      RIO DE JANEIR BR,,,pluggy-eb65f325-1711-4389-a612-368e8cff380b,pluggy,75f30132-31a8-4b54-9be0-648009b118db,18020000,Pharmacy,Expenses:Saude:Farmacia,29.9,BRL
546,0,2025-10-14,*,,ZAKHARY COMERCIO DE TO RIO DE JANEIR BR,,,pluggy-d0832a00-9446-46b8-a468-6ff4ffd2b71c,pluggy,75f30132-31a8-4b54-9be0-648009b118db,10000000,Groceries,Liabilities:Credit:BB:Card:EloGrafite,-22,BRL
546,1,2025-10-14,*,,ZAKHARY COMERCIO DE TO RIO DE JANEIR BR,,,pluggy-d0832a00-9446-46b8-a468-6ff4ffd2b71c,pluggy,75f30132-31a8-4b54-9be0-648009b118db,10000000,Groceries,Expenses:Geral,22,BRL
547,0,2025-10-14,*,,PELO ZERO DEPILACAO    RIO DE JANEIR BR,,,pluggy-bf8c5395-1460-47de-9392-0878deadb9c8,pluggy,75f30132-31a8-4b54-9be0-648009b118db,18000000,Healthcare,Liabilities:Credit:BB:Card:EloGrafite,-24,BRL
547,1,2025-10-14,*,,PELO ZERO DEPILACAO    RIO DE JANEIR BR,,,pluggy-bf8c5395-1460-47de-9392-0878deadb9c8,pluggy,75f30132-31a8-4b54-9be0-648009b118db,18000000,Healthcare,Expenses:Pessoal:Beleza,24,BRL
548,0,2025-10-14,*,,INTERFARMA             Rio de Janeir BR,,,pluggy-b2d5d405-8fd7-4a4c-8295-8f9c82329a43,pluggy,75f30132-31a8-4b54-9be0-648009b118db,18020000,Pharmacy,Liabilities:Credit:BB:Card:EloGrafite,-57.21,BRL
548,1,2025-10-14,*,,INTERFARMA             Rio de Janeir BR,,,pluggy-b2d5d405-8fd7-4a4c-8295-8f9c82329a43,pluggy,75f30132-31a8-4b54-9be0-648009b118db,18020000,Pharmacy,Expenses:Saude:Farmacia,57.21,BRL
549,0,2025-10-14,*,,SUBWAY                 RIO DE JANEIR BR,,,pluggy-536f13e4-4356-4565-b7bc-1f5956b5bdb1,pluggy,75f30132-31a8-4b54-9be0-648009b118db,11010000,Eating out,Liabilities:Credit:BB:Card:EloGrafite,-120,BRL
549,1,2025-10-14,*,,SUBWAY                 RIO DE JANEIR BR,,,pluggy-536f13e4-4356-4565-b7bc-1f5956b5bdb1,pluggy,75f30132-31a8-4b54-9be0-648009b118db,11010000,Eating out,Expenses:Alimentação:Restaurante,120,BRL
550,0,2025-10-14,*,,SUCURSAL SAO PAULO     RIO DE JANEIR BR,,,pluggy-d8a95f02-cb22-4ca8-97f3-fcf17d9624b9,pluggy,987decad-afee-4c0e-950e-85c3006a4b2e,12010000,Airport and airlines,Liabilities:Credit:BB:Card:PlatinumVisa,-437.02,BRL
550,1,2025-10-14,*,,SUCURSAL SAO PAULO     RIO DE JANEIR BR,,,pluggy-d8a95f02-cb22-4ca8-97f3-fcf17d9624b9,pluggy,987decad-afee-4c0e-950e-85c3006a4b2e,12010000,Airport and airlines,Expenses:Geral,437.02,BRL
551,0,2025-10-14,*,,Google One             SAO PAULO     BR,,,pluggy-7b5ac45c-2cfb-46bb-a947-3a60e55a6774,pluggy,987decad-afee-4c0e-950e-85c3006a4b2e,07010001,Internet,Liabilities:Credit:BB:Card:PlatinumVisa,-4.5,BRL
551,1,2025-10-14,*,,Google One             SAO PAULO     BR,,,pluggy-7b5ac45c-2cfb-46bb-a947-3a60e55a6774,pluggy,987decad-afee-4c0e-950e-85c3006a4b2e,07010001,Internet,Expenses:Mensalidades:Outras,4.5,BRL
552,0,2025-10-15,*,,PAYU*AR*UBER         94CAP.FEDERAL   AR,,,pluggy-195de13d-b434-4f11-9d3f-e1b068865eb5,pluggy,987decad-afee-4c0e-950e-85c3006a4b2e,19010000,Taxi and ride-hailing,Liabilities:Credit:BB:Card:PlatinumVisa,-40013,ARS
552,1,2025-10-15,*,,PAYU*AR*UBER         94CAP.FEDERAL   AR,,,pluggy-195de13d-b434-4f11-9d3f-e1b068865eb5,pluggy,987decad-afee-4c0e-950e-85c3006a4b2e,19010000,Taxi and ride-hailing,Expenses:Transporte:Uber,40013,ARS
553,0,2025-10-16,*,,RENDIMENTOS DE CLIENTES IRDM11 S/            187,,,pluggy-d9edd7a5-890c-4d2b-bf44-1d39c7bd774e,pluggy,e4d40b2d-f720-4570-8fb6-89c9a12e1e2f,03060000,Proceeds interests and dividends,Assets:Investment:XP:Cash,142.12,BRL
553,1,2025-10-16,*,,RENDIMENTOS DE CLIENTES IRDM11 S/            187,,,pluggy-d9edd7a5-890c-4d2b-bf44-1d39c7bd774e,pluggy,e4d40b2d-f720-4570-8fb6-89c9a12e1e2f,03060000,Proceeds interests and dividends,Income:Investment:XP:Rendimento,-142.12,BRL
554,0,2025-10-16,*,,RENDIMENTOS DE CLIENTES IRDM11 S/            187,,,pluggy-cfd20976-1fca-4f01-a550-48122fe439d4,pluggy,ffd6004e-1066-4c1c-9ece-826c45ffda7d,03060000,Proceeds interests and dividends,Assets:Investment:XP:Cash,142.12,BRL
554,1,2025-10-16,*,,RENDIMENTOS DE CLIENTES IRDM11 S/            187,,,pluggy-cfd20976-1fca-4f01-a550-48122fe439d4,pluggy,ffd6004e-1066-4c1c-9ece-826c45ffda7d,03060000,Proceeds interests and dividends,Income:Investment:XP:Rendimento,-142.12,BRL
555,0,2025-10-17,*,,RENDIMENTOS DE CLIENTES MCCI11 S/            188,,,pluggy-1a8c922b-8fc8-43eb-88d1-17d9c1b84c65,pluggy,e4d40b2d-f720-4570-8fb6-89c9a12e1e2f,03060000,Proceeds interests and dividends,Assets:Investment:XP:Cash,188,BRL
555,1,2025-10-17,*,,RENDIMENTOS DE CLIENTES MCCI11 S/            188,,,pluggy-1a8c922b-8fc8-43eb-88d1-17d9c1b84c65,pluggy,e4d40b2d-f720-4570-8fb6-89c9a12e1e2f,03060000,Proceeds interests and dividends,Income:Investment:XP:Rendimento,-188,BRL
556,0,2025-10-17,*,,RENDIMENTOS DE CLIENTES MCCI11 S/            188,,,pluggy-85e13d18-1d61-40ac-ae70-5757f80ab4c8,pluggy,ffd6004e-1066-4c1c-9ece-826c45ffda7d,03060000,Proceeds interests and dividends,Assets:Investment:XP:Cash,188,BRL
556,1,2025-10-17,*,,RENDIMENTOS DE CLIENTES MCCI11 S/            188,,,pluggy-85e13d18-1d61-40ac-ae70-5757f80ab4c8,pluggy,ffd6004e-1066-4c1c-9ece-826c45ffda7d,03060000,Proceeds interests and dividends,Income:Investment:XP:Rendimento,-188,BRL
557,0,2025-10-17,*,,PIX - ENVIADO   17/10 14:38 TIM S A,,,pluggy-fff9aa16-dc5c-4453-b785-83703ab87482,pluggy,25eb5f6d-2529-4377-8de5-e38160459cff,07010000,Telecommunications,Assets:Investment:BB:Cash,-125.82,BRL
557,1,2025-10-17,*,,PIX - ENVIADO   17/10 14:38 TIM S A,,,pluggy-fff9aa16-dc5c-4453-b785-83703ab87482,pluggy,25eb5f6d-2529-4377-8de5-e38160459cff,07010000,Telecommunications,Expenses:Comunicacao:Telefone,125.82,BRL
558,0,2025-10-17,*,,IOF - COMPRA NO EXTERIOR,,,pluggy-7d761a4a-c6fb-48ab-a985-8af4ff07cbbb,pluggy,987decad-afee-4c0e-950e-85c3006a4b2e,15030000,Tax on financial operations,Liabilities:Credit:BB:Card:PlatinumVisa,-6.07,BRL
558,1,2025-10-17,*,,IOF - COMPRA NO EXTERIOR,,,pluggy-7d761a4a-c6fb-48ab-a985-8af4ff07cbbb,pluggy,987decad-afee-4c0e-950e-85c3006a4b2e,15030000,Tax on financial operations,Expenses:Taxas:Imposto,6.07,BRL
559,0,2025-10-17,*,,Google One             SAO PAULO     BR,,,pluggy-371e0757-92a9-42d2-bf0e-eb2b6e4347ac,pluggy,987decad-afee-4c0e-950e-85c3006a4b2e,07010001,Internet,Liabilities:Credit:BB:Card:PlatinumVisa,-9.99,BRL
559,1,2025-10-17,*,,Google One             SAO PAULO     BR,,,pluggy-371e0757-92a9-42d2-bf0e-eb2b6e4347ac,pluggy,987decad-afee-4c0e-950e-85c3006a4b2e,07010001,Internet,Expenses:Mensalidades:Outras,9.99,BRL
560,0,2025-10-19,*,,PIX - ENVIADO   19/10 16:49 AIBR INSTITUICAO DE PAGAM,,,pluggy-5d96f144-115c-4aaf-ae12-66f258746d5e,pluggy,25eb5f6d-2529-4377-8de5-e38160459cff,05070000,Transfer - PIX,Assets:Investment:BB:Cash,-223.8,BRL
560,1,2025-10-19,*,,PIX - ENVIADO   19/10 16:49 AIBR INSTITUICAO DE PAGAM,,,pluggy-5d96f144-115c-4aaf-ae12-66f258746d5e,pluggy,25eb5f6d-2529-4377-8de5-e38160459cff,05070000,Transfer - PIX,Expenses:Geral,223.8,BRL
561,0,2025-10-19,*,,PAYU*AR*UBER         94CAP.FEDERAL   AR,,,pluggy-9c388780-2d3f-436e-aeac-d370797dabf0,pluggy,987decad-afee-4c0e-950e-85c3006a4b2e,19010000,Taxi and ride-hailing,Liabilities:Credit:BB:Card:PlatinumVisa,-7340,ARS
561,1,2025-10-19,*,,PAYU*AR*UBER         94CAP.FEDERAL   AR,,,pluggy-9c388780-2d3f-436e-aeac-d370797dabf0,pluggy,987decad-afee-4c0e-950e-85c3006a4b2e,19010000,Taxi and ride-hailing,Expenses:Transporte:Uber,7340,ARS
562,0,2025-10-19,*,,PAYU*AR*UBER         94CAP.FEDERAL   AR,,,pluggy-53f96939-d66a-4053-9e6a-8aadd76d6b17,pluggy,987decad-afee-4c0e-950e-85c3006a4b2e,19010000,Taxi and ride-hailing,Liabilities:Credit:BB:Card:PlatinumVisa,-2550,ARS
562,1,2025-10-19,*,,PAYU*AR*UBER         94CAP.FEDERAL   AR,,,pluggy-53f96939-d66a-4053-9e6a-8aadd76d6b17,pluggy,987decad-afee-4c0e-950e-85c3006a4b2e,19010000,Taxi and ride-hailing,Expenses:Transporte:Uber,2550,ARS
563,0,2025-10-20,*,,PAYU*AR*UBER         94CAP.FEDERAL   AR,,,pluggy-57f4303c-050f-4f3b-85a0-39183d01cb21,pluggy,987decad-afee-4c0e-950e-85c3006a4b2e,19010000,Taxi and ride-hailing,Liabilities:Credit:BB:Card:PlatinumVisa,-2538,ARS
563,1,2025-10-20,*,,PAYU*AR*UBER         94CAP.FEDERAL   AR,,,pluggy-57f4303c-050f-4f3b-85a0-39183d01cb21,pluggy,987decad-afee-4c0e-950e-85c3006a4b2e,19010000,Taxi and ride-hailing,Expenses:Transporte:Uber,2538,ARS
564,0,2025-10-22,*,,PG TEC CONCURSOS TECC   551197024883 BR,,,pluggy-b50aa05e-4d7b-42fb-a4ea-84f999d2661d,pluggy,75f30132-31a8-4b54-9be0-648009b118db,07020003,School,Liabilities:Credit:BB:Card:EloGrafite,-39.9,BRL
564,1,2025-10-22,*,,PG TEC CONCURSOS TECC   551197024883 BR,,,pluggy-b50aa05e-4d7b-42fb-a4ea-84f999d2661d,pluggy,75f30132-31a8-4b54-9be0-648009b118db,07020003,School,Expenses:Educacao:Curso,39.9,BRL
565,0,2025-10-22,*,,IOF - COMPRA NO EXTERIOR,,,pluggy-e3ae4795-ae8f-49b4-a67e-bdda53ec6259,pluggy,987decad-afee-4c0e-950e-85c3006a4b2e,15030000,Tax on financial operations,Liabilities:Credit:BB:Card:PlatinumVisa,-0.35,BRL
565,1,2025-10-22,*,,IOF - COMPRA NO EXTERIOR,,,pluggy-e3ae4795-ae8f-49b4-a67e-bdda53ec6259,pluggy,987decad-afee-4c0e-950e-85c3006a4b2e,15030000,Tax on financial operations,Expenses:Taxas:Imposto,0.35,BRL
566,0,2025-10-22,*,,IOF - COMPRA NO EXTERIOR,,,pluggy-b354df0b-c52e-4d82-9f73-8397e4afc9f6,pluggy,987decad-afee-4c0e-950e-85c3006a4b2e,15030000,Tax on financial operations,Liabilities:Credit:BB:Card:PlatinumVisa,-0.35,BRL
566,1,2025-10-22,*,,IOF - COMPRA NO EXTERIOR,,,pluggy-b354df0b-c52e-4d82-9f73-8397e4afc9f6,pluggy,987decad-afee-4c0e-950e-85c3006a4b2e,15030000,Tax on financial operations,Expenses:Taxas:Imposto,0.35,BRL
567,0,2025-10-22,*,,PAYU*AR*UBER         94CAP.FEDERAL   AR,,,pluggy-3cf2b097-c3d6-4dd2-8f07-bd1b9806aef9,pluggy,987decad-afee-4c0e-950e-85c3006a4b2e,19010000,Taxi and ride-hailing,Liabilities:Credit:BB:Card:PlatinumVisa,-2628,ARS
567,1,2025-10-22,*,,PAYU*AR*UBER         94CAP.FEDERAL   AR,,,pluggy-3cf2b097-c3d6-4dd2-8f07-bd1b9806aef9,pluggy,987decad-afee-4c0e-950e-85c3006a4b2e,19010000,Taxi and ride-hailing,Expenses:Transporte:Uber,2628,ARS
568,0,2025-10-22,*,,IOF - COMPRA NO EXTERIOR,,,pluggy-189e5e04-cc1e-49ef-a96a-45dcb37f838f,pluggy,987decad-afee-4c0e-950e-85c3006a4b2e,15030000,Tax on financial operations,Liabilities:Credit:BB:Card:PlatinumVisa,-1.02,BRL
568,1,2025-10-22,*,,IOF - COMPRA NO EXTERIOR,,,pluggy-189e5e04-cc1e-49ef-a96a-45dcb37f838f,pluggy,987decad-afee-4c0e-950e-85c3006a4b2e,15030000,Tax on financial operations,Expenses:Taxas:Imposto,1.02,BRL
569,0,2025-10-23,*,,PAYU*AR*UBER         94CAP.FEDERAL   AR,,,pluggy-04320742-9f65-47d4-9db3-bf8706104dd7,pluggy,987decad-afee-4c0e-950e-85c3006a4b2e,19010000,Taxi and ride-hailing,Liabilities:Credit:BB:Card:PlatinumVisa,-2652,ARS
569,1,2025-10-23,*,,PAYU*AR*UBER         94CAP.FEDERAL   AR,,,pluggy-04320742-9f65-47d4-9db3-bf8706104dd7,pluggy,987decad-afee-4c0e-950e-85c3006a4b2e,19010000,Taxi and ride-hailing,Expenses:Transporte:Uber,2652,ARS
570,0,2025-10-24,*,,REAJ.MON. BC,,,pluggy-949fd9d6-adbf-4577-b2ae-2c30762d1246,pluggy,3d0492b4-0d84-49c0-9945-e3e9adc34d51,06010000,Blocked balances,Assets:Investment:BB:Savings,7.67,BRL
570,1,2025-10-24,*,,REAJ.MON. BC,,,pluggy-949fd9d6-adbf-4577-b2ae-2c30762d1246,pluggy,3d0492b4-0d84-49c0-9945-e3e9adc34d51,06010000,Blocked balances,Income:Investment:Interest,-7.67,BRL
571,0,2025-10-24,*,,JUROS,,,pluggy-59d88ab3-f4c7-4ae5-b118-5e6eabe8974e,pluggy,3d0492b4-0d84-49c0-9945-e3e9adc34d51,02020000,Interests charged,Assets:Investment:BB:Savings,22.09,BRL
571,1,2025-10-24,*,,JUROS,,,pluggy-59d88ab3-f4c7-4ae5-b118-5e6eabe8974e,pluggy,3d0492b4-0d84-49c0-9945-e3e9adc34d51,02020000,Interests charged,Income:Investment:Interest,-22.09,BRL
572,0,2025-10-24,*,,PROVENTOS       33.000.167/0001-01 PETROLEO BRASILEIRO,,,pluggy-f4ec937c-4796-4bc9-bc30-34e60e289c7a,pluggy,25eb5f6d-2529-4377-8de5-e38160459cff,03060000,Proceeds interests and dividends,Assets:Investment:BB:Cash,2442.5,BRL
572,1,2025-10-24,*,,PROVENTOS       33.000.167/0001-01 PETROLEO BRASILEIRO,,,pluggy-f4ec937c-4796-4bc9-bc30-34e60e289c7a,pluggy,25eb5f6d-2529-4377-8de5-e38160459cff,03060000,Proceeds interests and dividends,Income:Salario,-2442.5,BRL
573,0,2025-10-24,*,,PAYU*AR*UBER         94CAP.FEDERAL   AR,,,pluggy-ca43a4f6-b947-4437-b387-8fc33f5032d5,pluggy,987decad-afee-4c0e-950e-85c3006a4b2e,19010000,Taxi and ride-hailing,Liabilities:Credit:BB:Card:PlatinumVisa,-2657,ARS
573,1,2025-10-24,*,,PAYU*AR*UBER         94CAP.FEDERAL   AR,,,pluggy-ca43a4f6-b947-4437-b387-8fc33f5032d5,pluggy,987decad-afee-4c0e-950e-85c3006a4b2e,19010000,Taxi and ride-hailing,Expenses:Transporte:Uber,2657,ARS
574,0,2025-10-24,*,,IOF - COMPRA NO EXTERIOR,,,pluggy-c681d6ec-3256-4c6d-820e-8cee37f6195d,pluggy,987decad-afee-4c0e-950e-85c3006a4b2e,15030000,Tax on financial operations,Liabilities:Credit:BB:Card:PlatinumVisa,-0.35,BRL
574,1,2025-10-24,*,,IOF - COMPRA NO EXTERIOR,,,pluggy-c681d6ec-3256-4c6d-820e-8cee37f6195d,pluggy,987decad-afee-4c0e-950e-85c3006a4b2e,15030000,Tax on financial operations,Expenses:Taxas:Imposto,0.35,BRL
575,0,2025-10-24,*,,PAYU*AR*UBER         94CAP.FEDERAL   AR,,,pluggy-3c113327-d3f2-42d3-8568-7393abaaf41e,pluggy,987decad-afee-4c0e-950e-85c3006a4b2e,19010000,Taxi and ride-hailing,Liabilities:Credit:BB:Card:PlatinumVisa,-7129,ARS
575,1,2025-10-24,*,,PAYU*AR*UBER         94CAP.FEDERAL   AR,,,pluggy-3c113327-d3f2-42d3-8568-7393abaaf41e,pluggy,987decad-afee-4c0e-950e-85c3006a4b2e,19010000,Taxi and ride-hailing,Expenses:Transporte:Uber,7129,ARS
576,0,2025-10-25,*,,PLANEJADA,,,pluggy-85bb81dd-49e2-477f-bc9e-86f038fffae4,pluggy,3d0492b4-0d84-49c0-9945-e3e9adc34d51,03000000,Investments,Assets:Investment:BB:Savings,2000,BRL
576,1,2025-10-25,*,,PLANEJADA,,,pluggy-85bb81dd-49e2-477f-bc9e-86f038fffae4,pluggy,3d0492b4-0d84-49c0-9945-e3e9adc34d51,03000000,Investments,Assets:Investment:BB:Cash,-2000,BRL
577,0,2025-10-25,*,,PLANEJADA,,,pluggy-cda96687-4daf-4720-a081-2c4e530020c7,pluggy,3d0492b4-0d84-49c0-9945-e3e9adc34d51,03000000,Investments,Assets:Investment:BB:Savings,2000,BRL
577,1,2025-10-25,*,,PLANEJADA,,,pluggy-cda96687-4daf-4720-a081-2c4e530020c7,pluggy,3d0492b4-0d84-49c0-9945-e3e9adc34d51,03000000,Investments,Assets:Investment:BB:Cash,-2000,BRL
578,0,2025-10-25,*,,TRANSF ENVIADA  15/11 GABRIEL BARROS RODRIGUES,,,pluggy-91f7beeb-e63a-428f-b37d-cb58d4e2d693,pluggy,25eb5f6d-2529-4377-8de5-e38160459cff,04000000,Same person transfer,Assets:Investment:BB:Cash,-2000,BRL
578,1,2025-10-25,*,,TRANSF ENVIADA  15/11 GABRIEL BARROS RODRIGUES,,,pluggy-91f7beeb-e63a-428f-b37d-cb58d4e2d693,pluggy,25eb5f6d-2529-4377-8de5-e38160459cff,04000000,Same person transfer,Assets:Investment:BB:Savings,2000,BRL
579,0,2025-10-25,*,,TRANSF ENVIADA  15/11 GABRIEL BARROS RODRIGUES,,,pluggy-8f2c2376-a347-4375-9f6a-56d97616bbc6,pluggy,25eb5f6d-2529-4377-8de5-e38160459cff,04000000,Same person transfer,Assets:Investment:BB:Cash,-2000,BRL
579,1,2025-10-25,*,,TRANSF ENVIADA  15/11 GABRIEL BARROS RODRIGUES,,,pluggy-8f2c2376-a347-4375-9f6a-56d97616bbc6,pluggy,25eb5f6d-2529-4377-8de5-e38160459cff,04000000,Same person transfer,Assets:Investment:BB:Savings,2000,BRL
580,0,2025-10-25,*,,PAYU*AR*UBER         94CAP.FEDERAL   AR,,,pluggy-f06f940b-2bac-49d6-bcaf-03b0a7430bcf,pluggy,987decad-afee-4c0e-950e-85c3006a4b2e,19010000,Taxi and ride-hailing,Liabilities:Credit:BB:Card:PlatinumVisa,-30910,ARS
580,1,2025-10-25,*,,PAYU*AR*UBER         94CAP.FEDERAL   AR,,,pluggy-f06f940b-2bac-49d6-bcaf-03b0a7430bcf,pluggy,987decad-afee-4c0e-950e-85c3006a4b2e,19010000,Taxi and ride-hailing,Expenses:Transporte:Uber,30910,ARS
581,0,2025-10-27,*,,PIX - ENVIADO   27/10 20:46 ERONILDO DE SOUSA GONCALV,,,pluggy-d660ebaa-d8ec-4de1-adbd-3509def075db,pluggy,25eb5f6d-2529-4377-8de5-e38160459cff,05070000,Transfer - PIX,Assets:Investment:BB:Cash,-50,BRL
581,1,2025-10-27,*,,PIX - ENVIADO   27/10 20:46 ERONILDO DE SOUSA GONCALV,,,pluggy-d660ebaa-d8ec-4de1-adbd-3509def075db,pluggy,25eb5f6d-2529-4377-8de5-e38160459cff,05070000,Transfer - PIX,Expenses:Geral,50,BRL
582,0,2025-10-27,*,,IOF - COMPRA NO EXTERIOR,,,pluggy-c97cfc79-4926-43a2-95d7-3b45bdec4048,pluggy,987decad-afee-4c0e-950e-85c3006a4b2e,15030000,Tax on financial operations,Liabilities:Credit:BB:Card:PlatinumVisa,-0.36,BRL
582,1,2025-10-27,*,,IOF - COMPRA NO EXTERIOR,,,pluggy-c97cfc79-4926-43a2-95d7-3b45bdec4048,pluggy,987decad-afee-4c0e-950e-85c3006a4b2e,15030000,Tax on financial operations,Expenses:Taxas:Imposto,0.36,BRL
583,0,2025-10-27,*,,IOF - COMPRA NO EXTERIOR,,,pluggy-b3499648-a4fe-4b24-aa59-667b58e5f996,pluggy,987decad-afee-4c0e-950e-85c3006a4b2e,15030000,Tax on financial operations,Liabilities:Credit:BB:Card:PlatinumVisa,-0.98,BRL
583,1,2025-10-27,*,,IOF - COMPRA NO EXTERIOR,,,pluggy-b3499648-a4fe-4b24-aa59-667b58e5f996,pluggy,987decad-afee-4c0e-950e-85c3006a4b2e,15030000,Tax on financial operations,Expenses:Taxas:Imposto,0.98,BRL
584,0,2025-10-27,*,,IOF - COMPRA NO EXTERIOR,,,pluggy-5e8de341-34ee-44a1-97e6-11b1b8ca8cc6,pluggy,987decad-afee-4c0e-950e-85c3006a4b2e,15030000,Tax on financial operations,Liabilities:Credit:BB:Card:PlatinumVisa,-4.24,BRL
584,1,2025-10-27,*,,IOF - COMPRA NO EXTERIOR,,,pluggy-5e8de341-34ee-44a1-97e6-11b1b8ca8cc6,pluggy,987decad-afee-4c0e-950e-85c3006a4b2e,15030000,Tax on financial operations,Expenses:Taxas:Imposto,4.24,BRL
585,0,2025-10-27,*,,IOF - COMPRA NO EXTERIOR,,,pluggy-0b9facdf-75e8-487a-8ac1-87ca71f23232,pluggy,987decad-afee-4c0e-950e-85c3006a4b2e,15030000,Tax on financial operations,Liabilities:Credit:BB:Card:PlatinumVisa,-0.36,BRL
585,1,2025-10-27,*,,IOF - COMPRA NO EXTERIOR,,,pluggy-0b9facdf-75e8-487a-8ac1-87ca71f23232,pluggy,987decad-afee-4c0e-950e-85c3006a4b2e,15030000,Tax on financial operations,Expenses:Taxas:Imposto,0.36,BRL
586,0,2025-10-28,*,,Wellhub Gympass BR GympSao Paulo     BR,,,pluggy-530bc151-8d6a-4b94-a7cb-7592dee4a66f,pluggy,987decad-afee-4c0e-950e-85c3006a4b2e,07030001,Gyms and fitness centers,Liabilities:Credit:BB:Card:PlatinumVisa,-75.9,BRL
586,1,2025-10-28,*,,Wellhub Gympass BR GympSao Paulo     BR,,,pluggy-530bc151-8d6a-4b94-a7cb-7592dee4a66f,pluggy,987decad-afee-4c0e-950e-85c3006a4b2e,07030001,Gyms and fitness centers,Expenses:Saude:Academia,75.9,BRL
587,0,2025-10-28,*,,ANUIDADE DIFERENCIADA ADC-PARC 12/12 BR,,,pluggy-184f167f-0958-46bf-8139-a5c796e10fd1,pluggy,987decad-afee-4c0e-950e-85c3006a4b2e,16030000,Credit card fees,Liabilities:Credit:BB:Card:PlatinumVisa,-22.75,BRL
587,1,2025-10-28,*,,ANUIDADE DIFERENCIADA ADC-PARC 12/12 BR,,,pluggy-184f167f-0958-46bf-8139-a5c796e10fd1,pluggy,987decad-afee-4c0e-950e-85c3006a4b2e,16030000,Credit card fees,Expenses:Taxas:Banco,22.75,BRL
588,0,2025-10-29,*,,Sala21                 RIO DE JANEIR BR,,,pluggy-bd9965e2-4e23-4f60-8c7a-8b9681749497,pluggy,75f30132-31a8-4b54-9be0-648009b118db,19050002,Parking,Liabilities:Credit:BB:Card:EloGrafite,-16,BRL
588,1,2025-10-29,*,,Sala21                 RIO DE JANEIR BR,,,pluggy-bd9965e2-4e23-4f60-8c7a-8b9681749497,pluggy,75f30132-31a8-4b54-9be0-648009b118db,19050002,Parking,Expenses:Transporte:Estacionamento,16,BRL
589,0,2025-10-29,*,,UBER* TRIP             WWW.UBER.COM. BR,,,pluggy-4cb3e924-e284-47e7-9b29-47ffba5f98a8,pluggy,987decad-afee-4c0e-950e-85c3006a4b2e,19010000,Taxi and ride-hailing,Liabilities:Credit:BB:Card:PlatinumVisa,-84.92,BRL
589,1,2025-10-29,*,,UBER* TRIP             WWW.UBER.COM. BR,,,pluggy-4cb3e924-e284-47e7-9b29-47ffba5f98a8,pluggy,987decad-afee-4c0e-950e-85c3006a4b2e,19010000,Taxi and ride-hailing,Expenses:Transporte:Uber,84.92,BRL
590,0,2025-10-30,*,,PIX - RECEBIDO  30/10 19:32 00090701577720 FERNANDO RO,,,pluggy-7628eb92-8bbb-494d-bbea-ccffa5fc1c22,pluggy,25eb5f6d-2529-4377-8de5-e38160459cff,05070000,Transfer - PIX,Assets:Investment:BB:Cash,125,BRL
590,1,2025-10-30,*,,PIX - RECEBIDO  30/10 19:32 00090701577720 FERNANDO RO,,,pluggy-7628eb92-8bbb-494d-bbea-ccffa5fc1c22,pluggy,25eb5f6d-2529-4377-8de5-e38160459cff,05070000,Transfer - PIX,Equity:Transfers,-125,BRL
591,0,2025-11-02,*,,UBER* TRIP             WWW.UBER.COM. BR,,,pluggy-4d363e7a-5828-4126-8fbc-2e5d6c50cc31,pluggy,987decad-afee-4c0e-950e-85c3006a4b2e,19010000,Taxi and ride-hailing,Liabilities:Credit:BB:Card:PlatinumVisa,-77.95,BRL
591,1,2025-11-02,*,,UBER* TRIP             WWW.UBER.COM. BR,,,pluggy-4d363e7a-5828-4126-8fbc-2e5d6c50cc31,pluggy,987decad-afee-4c0e-950e-85c3006a4b2e,19010000,Taxi and ride-hailing,Expenses:Transporte:Uber,77.95,BRL
592,0,2025-11-03,*,,JUROS S/ CAPITAL DE CLIENTES ITUB3 S/            220,,,pluggy-b4407890-eb29-4971-8a4a-bd238e241255,pluggy,e4d40b2d-f720-4570-8fb6-89c9a12e1e2f,02020000,Interests charged,Assets:Investment:XP:Cash,3.3,BRL
592,1,2025-11-03,*,,JUROS S/ CAPITAL DE CLIENTES ITUB3 S/            220,,,pluggy-b4407890-eb29-4971-8a4a-bd238e241255,pluggy,e4d40b2d-f720-4570-8fb6-89c9a12e1e2f,02020000,Interests charged,Income:Investment:XP:JCP,-3.3,BRL
593,0,2025-11-03,*,,JUROS S/ CAPITAL DE CLIENTES ITUB3 S/            220,,,pluggy-715bb611-72fc-46c8-bc15-99714986d291,pluggy,ffd6004e-1066-4c1c-9ece-826c45ffda7d,02020000,Interests charged,Assets:Investment:XP:Cash,3.3,BRL
593,1,2025-11-03,*,,JUROS S/ CAPITAL DE CLIENTES ITUB3 S/            220,,,pluggy-715bb611-72fc-46c8-bc15-99714986d291,pluggy,ffd6004e-1066-4c1c-9ece-826c45ffda7d,02020000,Interests charged,Income:Investment:XP:JCP,-3.3,BRL
594,0,2025-11-03,*,,DROGARIA VENANCIO      RIO DE JANEIR BR,,,pluggy-b1c2a5ef-8321-4ba6-8492-ba79d4412941,pluggy,75f30132-31a8-4b54-9be0-648009b118db,18020000,Pharmacy,Liabilities:Credit:BB:Card:EloGrafite,-59.8,BRL
594,1,2025-11-03,*,,DROGARIA VENANCIO      RIO DE JANEIR BR,,,pluggy-b1c2a5ef-8321-4ba6-8492-ba79d4412941,pluggy,75f30132-31a8-4b54-9be0-648009b118db,18020000,Pharmacy,Expenses:Saude:Farmacia,59.8,BRL
595,0,2025-11-03,*,,DL GOOGLE Crunch       1123958400    BR,,,pluggy-356ab30c-ce3c-4ea5-ad6d-9d211bd138a8,pluggy,75f30132-31a8-4b54-9be0-648009b118db,09000000,Digital services,Liabilities:Credit:BB:Card:EloGrafite,-19.99,BRL
595,1,2025-11-03,*,,DL GOOGLE Crunch       1123958400    BR,,,pluggy-356ab30c-ce3c-4ea5-ad6d-9d211bd138a8,pluggy,75f30132-31a8-4b54-9be0-648009b118db,09000000,Digital services,Expenses:Lazer:Streaming,19.99,BRL
596,0,2025-11-03,*,,UBER * PENDING         SAO PAULO     BR,,,pluggy-70cfb777-5d13-4245-a894-82e2800b8b65,pluggy,987decad-afee-4c0e-950e-85c3006a4b2e,19010000,Taxi and ride-hailing,Liabilities:Credit:BB:Card:PlatinumVisa,-11.53,BRL
596,1,2025-11-03,*,,UBER * PENDING         SAO PAULO     BR,,,pluggy-70cfb777-5d13-4245-a894-82e2800b8b65,pluggy,987decad-afee-4c0e-950e-85c3006a4b2e,19010000,Taxi and ride-hailing,Expenses:Transporte:Uber,11.53,BRL
597,0,2025-11-04,*,,COMPRA C/CARTAO 04/11 17:20 VERGUEIRO CONSTRUCOE,,,pluggy-4adb00a3-ba51-42f8-97be-283dd64210a7,pluggy,25eb5f6d-2529-4377-8de5-e38160459cff,17000000,Housing,Assets:Investment:BB:Cash,-13.9,BRL
597,1,2025-11-04,*,,COMPRA C/CARTAO 04/11 17:20 VERGUEIRO CONSTRUCOE,,,pluggy-4adb00a3-ba51-42f8-97be-283dd64210a7,pluggy,25eb5f6d-2529-4377-8de5-e38160459cff,17000000,Housing,Expenses:Casa:Reparos,13.9,BRL
598,0,2025-11-04,*,,METRO RJ               RIO DE JANEIR BR,,,pluggy-0a765448-4a80-4a02-bd0a-e747e34d219d,pluggy,987decad-afee-4c0e-950e-85c3006a4b2e,19020000,Public transportation,Liabilities:Credit:BB:Card:PlatinumVisa,-7.9,BRL
598,1,2025-11-04,*,,METRO RJ               RIO DE JANEIR BR,,,pluggy-0a765448-4a80-4a02-bd0a-e747e34d219d,pluggy,987decad-afee-4c0e-950e-85c3006a4b2e,19020000,Public transportation,Expenses:Transporte:TransportePublico,7.9,BRL
599,0,2025-11-04,*,,UBER * PENDING         SAO PAULO     BR,,,pluggy-9d7f678f-13e1-4f06-b60e-d23e927b06f8,pluggy,987decad-afee-4c0e-950e-85c3006a4b2e,19010000,Taxi and ride-hailing,Liabilities:Credit:BB:Card:PlatinumVisa,-9.95,BRL
599,1,2025-11-04,*,,UBER * PENDING         SAO PAULO     BR,,,pluggy-9d7f678f-13e1-4f06-b60e-d23e927b06f8,pluggy,987decad-afee-4c0e-950e-85c3006a4b2e,19010000,Taxi and ride-hailing,Expenses:Transporte:Uber,9.95,BRL
600,0,2025-11-05,*,,UBER* TRIP             WWW.UBER.COM. BR,,,pluggy-9290ff55-7aab-4d12-9838-ba7bbbfaf7fe,pluggy,987decad-afee-4c0e-950e-85c3006a4b2e,19010000,Taxi and ride-hailing,Liabilities:Credit:BB:Card:PlatinumVisa,-60.94,BRL
600,1,2025-11-05,*,,UBER* TRIP             WWW.UBER.COM. BR,,,pluggy-9290ff55-7aab-4d12-9838-ba7bbbfaf7fe,pluggy,987decad-afee-4c0e-950e-85c3006a4b2e,19010000,Taxi and ride-hailing,Expenses:Transporte:Uber,60.94,BRL
601,0,2025-11-05,*,,UBER* TRIP             WWW.UBER.COM. BR,,,pluggy-5d45a379-7124-4549-af8a-70b12b056f47,pluggy,987decad-afee-4c0e-950e-85c3006a4b2e,19010000,Taxi and ride-hailing,Liabilities:Credit:BB:Card:PlatinumVisa,-84.99,BRL
601,1,2025-11-05,*,,UBER* TRIP             WWW.UBER.COM. BR,,,pluggy-5d45a379-7124-4549-af8a-70b12b056f47,pluggy,987decad-afee-4c0e-950e-85c3006a4b2e,19010000,Taxi and ride-hailing,Expenses:Transporte:Uber,84.99,BRL
602,0,2025-11-06,*,,NOVA FARMA DROGARIAS E RIO DE JANEIR BR,,,pluggy-a33e4e27-aea3-4aa6-a20d-04fbb17445ec,pluggy,75f30132-31a8-4b54-9be0-648009b118db,18020000,Pharmacy,Liabilities:Credit:BB:Card:EloGrafite,-54.8,BRL
602,1,2025-11-06,*,,NOVA FARMA DROGARIAS E RIO DE JANEIR BR,,,pluggy-a33e4e27-aea3-4aa6-a20d-04fbb17445ec,pluggy,75f30132-31a8-4b54-9be0-648009b118db,18020000,Pharmacy,Expenses:Saude:Farmacia,54.8,BRL
603,0,2025-11-06,*,,PIX - ENVIADO   06/11 16:02 ANA CAROLINA DE ABREU ESC,,,pluggy-2134c2ff-bf63-4cbe-80ab-c7c625fdc3d1,pluggy,25eb5f6d-2529-4377-8de5-e38160459cff,05070000,Transfer - PIX,Assets:Investment:BB:Cash,-300,BRL
603,1,2025-11-06,*,,PIX - ENVIADO   06/11 16:02 ANA CAROLINA DE ABREU ESC,,,pluggy-2134c2ff-bf63-4cbe-80ab-c7c625fdc3d1,pluggy,25eb5f6d-2529-4377-8de5-e38160459cff,05070000,Transfer - PIX,Expenses:Geral:Caol,300,BRL
604,0,2025-11-07,*,,JUROS,,,pluggy-940db0bc-5a62-499c-ba3e-9763756c165e,pluggy,3d0492b4-0d84-49c0-9945-e3e9adc34d51,02020000,Interests charged,Assets:Investment:BB:Savings,10.02,BRL
604,1,2025-11-07,*,,JUROS,,,pluggy-940db0bc-5a62-499c-ba3e-9763756c165e,pluggy,3d0492b4-0d84-49c0-9945-e3e9adc34d51,02020000,Interests charged,Income:Investment:Interest,-10.02,BRL
605,0,2025-11-07,*,,REAJ.MON. BC,,,pluggy-0ff65a2f-99c3-4125-8d23-87a533ae1a25,pluggy,3d0492b4-0d84-49c0-9945-e3e9adc34d51,06010000,Blocked balances,Assets:Investment:BB:Savings,3.44,BRL
605,1,2025-11-07,*,,REAJ.MON. BC,,,pluggy-0ff65a2f-99c3-4125-8d23-87a533ae1a25,pluggy,3d0492b4-0d84-49c0-9945-e3e9adc34d51,06010000,Blocked balances,Income:Investment:Interest,-3.44,BRL
606,0,2025-11-07,*,,iFood                  Osasco        BR,,,pluggy-34cc08f2-17ea-4389-9167-72913122d5a4,pluggy,75f30132-31a8-4b54-9be0-648009b118db,10000000,Groceries,Liabilities:Credit:BB:Card:EloGrafite,-5.95,BRL
606,1,2025-11-07,*,,iFood                  Osasco        BR,,,pluggy-34cc08f2-17ea-4389-9167-72913122d5a4,pluggy,75f30132-31a8-4b54-9be0-648009b118db,10000000,Groceries,Expenses:Alimentação:Delivery,5.95,BRL
607,0,2025-11-07,*,,PIX - ENVIADO   07/11 11:28 VINDI PAGAMENTOS ONLINE,,,pluggy-ad2c0832-0fa5-43ca-8348-d9accc72e526,pluggy,25eb5f6d-2529-4377-8de5-e38160459cff,08040000,Clothing,Assets:Investment:BB:Cash,-139.75,BRL
607,1,2025-11-07,*,,PIX - ENVIADO   07/11 11:28 VINDI PAGAMENTOS ONLINE,,,pluggy-ad2c0832-0fa5-43ca-8348-d9accc72e526,pluggy,25eb5f6d-2529-4377-8de5-e38160459cff,08040000,Clothing,Expenses:Geral,139.75,BRL
608,0,2025-11-07,*,,UBER* TRIP             WWW.UBER.COM. BR,,,pluggy-06af7eb1-0377-4370-9d6b-580b4885bc85,pluggy,987decad-afee-4c0e-950e-85c3006a4b2e,19010000,Taxi and ride-hailing,Liabilities:Credit:BB:Card:PlatinumVisa,-78.94,BRL
608,1,2025-11-07,*,,UBER* TRIP             WWW.UBER.COM. BR,,,pluggy-06af7eb1-0377-4370-9d6b-580b4885bc85,pluggy,987decad-afee-4c0e-950e-85c3006a4b2e,19010000,Taxi and ride-hailing,Expenses:Transporte:Uber,78.94,BRL
609,0,2025-11-08,*,,PLANEJADA,,,pluggy-96931e9c-9cc3-4818-8a1d-df06f5f9d2ab,pluggy,3d0492b4-0d84-49c0-9945-e3e9adc34d51,03000000,Investments,Assets:Investment:BB:Savings,2000,BRL
609,1,2025-11-08,*,,PLANEJADA,,,pluggy-96931e9c-9cc3-4818-8a1d-df06f5f9d2ab,pluggy,3d0492b4-0d84-49c0-9945-e3e9adc34d51,03000000,Investments,Assets:Investment:BB:Cash,-2000,BRL
610,0,2025-11-08,*,,PIX - ENVIADO   08/11 18:36 Manoel de Andrade Pereira,,,pluggy-e14076c8-cb8f-49f5-ae37-0eb6fccb623d,pluggy,25eb5f6d-2529-4377-8de5-e38160459cff,05070000,Transfer - PIX,Assets:Investment:BB:Cash,-24,BRL
610,1,2025-11-08,*,,PIX - ENVIADO   08/11 18:36 Manoel de Andrade Pereira,,,pluggy-e14076c8-cb8f-49f5-ae37-0eb6fccb623d,pluggy,25eb5f6d-2529-4377-8de5-e38160459cff,05070000,Transfer - PIX,Expenses:Geral,24,BRL
611,0,2025-11-08,*,,TRANSF ENVIADA  15/11 GABRIEL BARROS RODRIGUES,,,pluggy-99624a2c-9c2e-485a-8d88-5907d0519fa9,pluggy,25eb5f6d-2529-4377-8de5-e38160459cff,04000000,Same person transfer,Assets:Investment:BB:Cash,-2000,BRL
611,1,2025-11-08,*,,TRANSF ENVIADA  15/11 GABRIEL BARROS RODRIGUES,,,pluggy-99624a2c-9c2e-485a-8d88-5907d0519fa9,pluggy,25eb5f6d-2529-4377-8de5-e38160459cff,04000000,Same person transfer,Assets:Investment:BB:Savings,2000,BRL
612,0,2025-11-08,*,,PROVENTOS       33.000.167/0001-01 PETROLEO BRASILEIRO,,,pluggy-bf805c30-072c-4370-b55f-d074eed2d8da,pluggy,25eb5f6d-2529-4377-8de5-e38160459cff,03060000,Proceeds interests and dividends,Assets:Investment:BB:Cash,3344.36,BRL
612,1,2025-11-08,*,,PROVENTOS       33.000.167/0001-01 PETROLEO BRASILEIRO,,,pluggy-bf805c30-072c-4370-b55f-d074eed2d8da,pluggy,25eb5f6d-2529-4377-8de5-e38160459cff,03060000,Proceeds interests and dividends,Income:Salario,-3344.36,BRL
613,0,2025-11-09,*,,COMPRA C/CARTAO 09/11 17:15 CassioRodrigoDe,,,pluggy-22e974a3-99c3-47d1-bbe8-1e5856bffbd4,pluggy,25eb5f6d-2529-4377-8de5-e38160459cff,08000000,Shopping,Assets:Investment:BB:Cash,-21,BRL
613,1,2025-11-09,*,,COMPRA C/CARTAO 09/11 17:15 CassioRodrigoDe,,,pluggy-22e974a3-99c3-47d1-bbe8-1e5856bffbd4,pluggy,25eb5f6d-2529-4377-8de5-e38160459cff,08000000,Shopping,Expenses:Geral,21,BRL
614,0,2025-11-09,*,,COMPRA C/CARTAO 09/11 15:32 MP *ROQUELOCAR,,,pluggy-4c53b925-fc97-4f51-9841-3e7575f18567,pluggy,25eb5f6d-2529-4377-8de5-e38160459cff,08000000,Shopping,Assets:Investment:BB:Cash,-22,BRL
614,1,2025-11-09,*,,COMPRA C/CARTAO 09/11 15:32 MP *ROQUELOCAR,,,pluggy-4c53b925-fc97-4f51-9841-3e7575f18567,pluggy,25eb5f6d-2529-4377-8de5-e38160459cff,08000000,Shopping,Expenses:Geral,22,BRL
615,0,2025-11-09,*,,PIX - ENVIADO   09/11 13:17 AMAZON.COM.BR,,,pluggy-3323f36e-85c3-4a41-83af-c1add7112253,pluggy,25eb5f6d-2529-4377-8de5-e38160459cff,08010000,Online shopping,Assets:Investment:BB:Cash,-180.23,BRL
615,1,2025-11-09,*,,PIX - ENVIADO   09/11 13:17 AMAZON.COM.BR,,,pluggy-3323f36e-85c3-4a41-83af-c1add7112253,pluggy,25eb5f6d-2529-4377-8de5-e38160459cff,08010000,Online shopping,Expenses:Pessoal:Compras,180.23,BRL
616,0,2025-11-09,*,,LINKEDIN               SAO PAULO     BR,,,pluggy-a5829bbd-98f9-4213-863e-678ae0140756,pluggy,987decad-afee-4c0e-950e-85c3006a4b2e,09000000,Digital services,Liabilities:Credit:BB:Card:PlatinumVisa,-69.99,BRL
616,1,2025-11-09,*,,LINKEDIN               SAO PAULO     BR,,,pluggy-a5829bbd-98f9-4213-863e-678ae0140756,pluggy,987decad-afee-4c0e-950e-85c3006a4b2e,09000000,Digital services,Expenses:Mensalidades:Outras,69.99,BRL
617,0,2025-11-10,*,,PGTO DEBITO CONTA 3836 000000008  200211,,,pluggy-11a1e67e-8757-49cb-845e-0fc799496864,pluggy,75f30132-31a8-4b54-9be0-648009b118db,05060000,Transfer - Internal,Liabilities:Credit:BB:Card:EloGrafite,501.88,BRL
617,1,2025-11-10,*,,PGTO DEBITO CONTA 3836 000000008  200211,,,pluggy-11a1e67e-8757-49cb-845e-0fc799496864,pluggy,75f30132-31a8-4b54-9be0-648009b118db,05060000,Transfer - Internal,Assets:Investment:BB:Cash,-501.88,BRL
618,0,2025-11-10,*,,PIX OFB ENVIO   09/11 23:11 TIM S A,,,pluggy-97b7c67d-fed9-4759-91a3-d305c45659a2,pluggy,25eb5f6d-2529-4377-8de5-e38160459cff,07010000,Telecommunications,Assets:Investment:BB:Cash,-124.02,BRL
618,1,2025-11-10,*,,PIX OFB ENVIO   09/11 23:11 TIM S A,,,pluggy-97b7c67d-fed9-4759-91a3-d305c45659a2,pluggy,25eb5f6d-2529-4377-8de5-e38160459cff,07010000,Telecommunications,Expenses:Comunicacao:Telefone,124.02,BRL
619,0,2025-11-10,*,,PGTO DEBITO CONTA 3836 000009800  200211,,,pluggy-98b978e1-6578-45b3-83a8-2713f350e8de,pluggy,987decad-afee-4c0e-950e-85c3006a4b2e,05060000,Transfer - Internal,Liabilities:Credit:BB:Card:PlatinumVisa,2277.16,BRL
619,1,2025-11-10,*,,PGTO DEBITO CONTA 3836 000009800  200211,,,pluggy-98b978e1-6578-45b3-83a8-2713f350e8de,pluggy,987decad-afee-4c0e-950e-85c3006a4b2e,05060000,Transfer - Internal,Assets:Investment:BB:Cash,-2277.16,BRL
620,0,2025-11-11,*,,PGTO CARTAO     PLATINUM ESTILO VISA,,,pluggy-ed4baa44-1809-4da7-b6fa-64072a70ae63,pluggy,25eb5f6d-2529-4377-8de5-e38160459cff,05100000,Credit card payment,Assets:Investment:BB:Cash,-2277.16,BRL
620,1,2025-11-11,*,,PGTO CARTAO     PLATINUM ESTILO VISA,,,pluggy-ed4baa44-1809-4da7-b6fa-64072a70ae63,pluggy,25eb5f6d-2529-4377-8de5-e38160459cff,05100000,Credit card payment,Liabilities:Credit:BB:Card:PlatinumVisa,2277.16,BRL
621,0,2025-11-11,*,,PGTO CARTAO     ELO GRAFITE ESTILO,,,pluggy-69aac33c-fdd3-480b-8662-dc3f9354d1f7,pluggy,25eb5f6d-2529-4377-8de5-e38160459cff,05100000,Credit card payment,Assets:Investment:BB:Cash,-501.88,BRL
621,1,2025-11-11,*,,PGTO CARTAO     ELO GRAFITE ESTILO,,,pluggy-69aac33c-fdd3-480b-8662-dc3f9354d1f7,pluggy,25eb5f6d-2529-4377-8de5-e38160459cff,05100000,Credit card payment,Liabilities:Credit:BB:Card:EloGrafite,501.88,BRL
622,0,2025-11-11,*,,PIX - ENVIADO   10/11 22:16 Augusto Oliveira dos Sant,,,pluggy-cfdc6dc7-b15d-4f0f-98ce-1dc36fcef313,pluggy,25eb5f6d-2529-4377-8de5-e38160459cff,05070000,Transfer - PIX,Assets:Investment:BB:Cash,-130,BRL
622,1,2025-11-11,*,,PIX - ENVIADO   10/11 22:16 Augusto Oliveira dos Sant,,,pluggy-cfdc6dc7-b15d-4f0f-98ce-1dc36fcef313,pluggy,25eb5f6d-2529-4377-8de5-e38160459cff,05070000,Transfer - PIX,Expenses:Saude:Medico,130,BRL
623,0,2025-11-11,*,,UBER* TRIP             WWW.UBER.COM. BR,,,pluggy-ab013909-0f80-451b-84a6-76d8357e481b,pluggy,987decad-afee-4c0e-950e-85c3006a4b2e,19010000,Taxi and ride-hailing,Liabilities:Credit:BB:Card:PlatinumVisa,-78.94,BRL
623,1,2025-11-11,*,,UBER* TRIP             WWW.UBER.COM. BR,,,pluggy-ab013909-0f80-451b-84a6-76d8357e481b,pluggy,987decad-afee-4c0e-950e-85c3006a4b2e,19010000,Taxi and ride-hailing,Expenses:Transporte:Uber,78.94,BRL
624,0,2025-11-12,*,,PIX - ENVIADO   12/11 11:07 RAFAEL BARROS RODRIGUES,,,pluggy-d12eafea-c41d-4121-8d5d-c0307d892363,pluggy,25eb5f6d-2529-4377-8de5-e38160459cff,05070000,Transfer - PIX,Assets:Investment:BB:Cash,-365,BRL
624,1,2025-11-12,*,,PIX - ENVIADO   12/11 11:07 RAFAEL BARROS RODRIGUES,,,pluggy-d12eafea-c41d-4121-8d5d-c0307d892363,pluggy,25eb5f6d-2529-4377-8de5-e38160459cff,05070000,Transfer - PIX,Expenses:Geral,365,BRL
625,0,2025-11-12,*,,PIX - RECEBIDO  12/11 10:22 00011675981728 LUIS FELIPE,,,pluggy-5560c503-6aa1-4741-bb63-98339286ec7f,pluggy,25eb5f6d-2529-4377-8de5-e38160459cff,05070000,Transfer - PIX,Assets:Investment:BB:Cash,380,BRL
625,1,2025-11-12,*,,PIX - RECEBIDO  12/11 10:22 00011675981728 LUIS FELIPE,,,pluggy-5560c503-6aa1-4741-bb63-98339286ec7f,pluggy,25eb5f6d-2529-4377-8de5-e38160459cff,05070000,Transfer - PIX,Equity:Transfers,-380,BRL
626,0,2025-11-12,*,,Google One             SAO PAULO     BR,,,pluggy-68f6bbb7-501c-4cca-8b7d-ac450bcf8fc2,pluggy,987decad-afee-4c0e-950e-85c3006a4b2e,09000000,Digital services,Liabilities:Credit:BB:Card:PlatinumVisa,-4.5,BRL
626,1,2025-11-12,*,,Google One             SAO PAULO     BR,,,pluggy-68f6bbb7-501c-4cca-8b7d-ac450bcf8fc2,pluggy,987decad-afee-4c0e-950e-85c3006a4b2e,09000000,Digital services,Expenses:Mensalidades:Outras,4.5,BRL
627,0,2025-11-12,*,,UBER* TRIP             WWW.UBER.COM. BR,,,pluggy-3ab87568-ace3-419e-8a7a-0f07af67e791,pluggy,987decad-afee-4c0e-950e-85c3006a4b2e,19010000,Taxi and ride-hailing,Liabilities:Credit:BB:Card:PlatinumVisa,-7.95,BRL
627,1,2025-11-12,*,,UBER* TRIP             WWW.UBER.COM. BR,,,pluggy-3ab87568-ace3-419e-8a7a-0f07af67e791,pluggy,987decad-afee-4c0e-950e-85c3006a4b2e,19010000,Taxi and ride-hailing,Expenses:Transporte:Uber,7.95,BRL
628,0,2025-11-13,*,,TRANSF CTA,,,pluggy-c6cfcdc3-71fc-4f48-9b3d-a102b2cfdfae,pluggy,3d0492b4-0d84-49c0-9945-e3e9adc34d51,04000000,Same person transfer,Assets:Investment:BB:Savings,-2000,BRL
628,1,2025-11-13,*,,TRANSF CTA,,,pluggy-c6cfcdc3-71fc-4f48-9b3d-a102b2cfdfae,pluggy,3d0492b4-0d84-49c0-9945-e3e9adc34d51,04000000,Same person transfer,Assets:Investment:BB:Cash,2000,BRL
629,0,2025-11-14,*,,RENDIMENTOS DE CLIENTES PMLL11 S/            153,,,pluggy-ea67a011-49f5-4d2e-9459-a0bbb5fa93af,pluggy,e4d40b2d-f720-4570-8fb6-89c9a12e1e2f,03060000,Proceeds interests and dividends,Assets:Investment:XP:Cash,131.58,BRL
629,1,2025-11-14,*,,RENDIMENTOS DE CLIENTES PMLL11 S/            153,,,pluggy-ea67a011-49f5-4d2e-9459-a0bbb5fa93af,pluggy,e4d40b2d-f720-4570-8fb6-89c9a12e1e2f,03060000,Proceeds interests and dividends,Income:Investment:XP:Rendimento,-131.58,BRL
630,0,2025-11-14,*,,RENDIMENTOS DE CLIENTES HGLG11 S/             99,,,pluggy-dd828001-8bdb-4bbc-b7a1-76ff166f09b0,pluggy,e4d40b2d-f720-4570-8fb6-89c9a12e1e2f,19010000,Taxi and ride-hailing,Assets:Investment:XP:Cash,108.9,BRL
630,1,2025-11-14,*,,RENDIMENTOS DE CLIENTES HGLG11 S/             99,,,pluggy-dd828001-8bdb-4bbc-b7a1-76ff166f09b0,pluggy,e4d40b2d-f720-4570-8fb6-89c9a12e1e2f,19010000,Taxi and ride-hailing,Income:Investment:XP:Rendimento,-108.9,BRL
631,0,2025-11-14,*,,RENDIMENTOS DE CLIENTES PMLL11 S/            153,,,pluggy-a4870d42-8033-4df4-9959-8ca5c62281a7,pluggy,ffd6004e-1066-4c1c-9ece-826c45ffda7d,03060000,Proceeds interests and dividends,Assets:Investment:XP:Cash,131.58,BRL
631,1,2025-11-14,*,,RENDIMENTOS DE CLIENTES PMLL11 S/            153,,,pluggy-a4870d42-8033-4df4-9959-8ca5c62281a7,pluggy,ffd6004e-1066-4c1c-9ece-826c45ffda7d,03060000,Proceeds interests and dividends,Income:Investment:XP:Rendimento,-131.58,BRL
632,0,2025-11-14,*,,RENDIMENTOS DE CLIENTES HGRU11 S/            129,,,pluggy-2ddbc440-a2e6-40ff-a4ea-679437f8e3cb,pluggy,e4d40b2d-f720-4570-8fb6-89c9a12e1e2f,03060000,Proceeds interests and dividends,Assets:Investment:XP:Cash,122.55,BRL
632,1,2025-11-14,*,,RENDIMENTOS DE CLIENTES HGRU11 S/            129,,,pluggy-2ddbc440-a2e6-40ff-a4ea-679437f8e3cb,pluggy,e4d40b2d-f720-4570-8fb6-89c9a12e1e2f,03060000,Proceeds interests and dividends,Income:Investment:XP:Rendimento,-122.55,BRL
633,0,2025-11-14,*,,RENDIMENTOS DE CLIENTES HGLG11 S/             99,,,pluggy-8cb81a07-45e5-4d38-bb87-3b67489a0d34,pluggy,ffd6004e-1066-4c1c-9ece-826c45ffda7d,19010000,Taxi and ride-hailing,Assets:Investment:XP:Cash,108.9,BRL
633,1,2025-11-14,*,,RENDIMENTOS DE CLIENTES HGLG11 S/             99,,,pluggy-8cb81a07-45e5-4d38-bb87-3b67489a0d34,pluggy,ffd6004e-1066-4c1c-9ece-826c45ffda7d,19010000,Taxi and ride-hailing,Income:Investment:XP:Rendimento,-108.9,BRL
634,0,2025-11-14,*,,RENDIMENTOS DE CLIENTES HGRU11 S/            129,,,pluggy-56f89a57-ee7b-4b76-8d8d-8871af24480d,pluggy,ffd6004e-1066-4c1c-9ece-826c45ffda7d,03060000,Proceeds interests and dividends,Assets:Investment:XP:Cash,122.55,BRL
634,1,2025-11-14,*,,RENDIMENTOS DE CLIENTES HGRU11 S/            129,,,pluggy-56f89a57-ee7b-4b76-8d8d-8871af24480d,pluggy,ffd6004e-1066-4c1c-9ece-826c45ffda7d,03060000,Proceeds interests and dividends,Income:Investment:XP:Rendimento,-122.55,BRL
635,0,2025-11-14,*,,CHOC LUMA              RIO DE JANEIR BR,,,pluggy-5bdbf7f8-394e-4aa0-8fc1-1dcc82d19fe7,pluggy,75f30132-31a8-4b54-9be0-648009b118db,11010000,Eating out,Liabilities:Credit:BB:Card:EloGrafite,-13.88,BRL
635,1,2025-11-14,*,,CHOC LUMA              RIO DE JANEIR BR,,,pluggy-5bdbf7f8-394e-4aa0-8fc1-1dcc82d19fe7,pluggy,75f30132-31a8-4b54-9be0-648009b118db,11010000,Eating out,Expenses:Alimentação:Restaurante,13.88,BRL
636,0,2025-11-14,*,,CINEMARK               RIO DE JANEIR BR,,,pluggy-59801cb1-6a0e-4f92-89b6-4085abfaea92,pluggy,75f30132-31a8-4b54-9be0-648009b118db,07040003,"Cinema, theater and concerts",Liabilities:Credit:BB:Card:EloGrafite,-85.5,BRL
636,1,2025-11-14,*,,CINEMARK               RIO DE JANEIR BR,,,pluggy-59801cb1-6a0e-4f92-89b6-4085abfaea92,pluggy,75f30132-31a8-4b54-9be0-648009b118db,07040003,"Cinema, theater and concerts",Expenses:Lazer:Cinema,85.5,BRL
637,0,2025-11-14,*,,SAQUE BANCO 24H 14/11 15:15 METRO FLAMENGO IV,,,pluggy-ada21137-ff31-4fe2-9e7f-bf29c7a40545,pluggy,25eb5f6d-2529-4377-8de5-e38160459cff,04010000,Same person transfer - CASH,Assets:Investment:BB:Cash,-150,BRL
637,1,2025-11-14,*,,SAQUE BANCO 24H 14/11 15:15 METRO FLAMENGO IV,,,pluggy-ada21137-ff31-4fe2-9e7f-bf29c7a40545,pluggy,25eb5f6d-2529-4377-8de5-e38160459cff,04010000,Same person transfer - CASH,Expenses:Geral,150,BRL
638,0,2025-11-14,*,,PIX - ENVIADO   14/11 08:44 ISRAEL LUCAS DO NASCIMENT,,,pluggy-23b11d3b-7567-4132-9fa8-ae2f40d805d8,pluggy,25eb5f6d-2529-4377-8de5-e38160459cff,05070000,Transfer - PIX,Assets:Investment:BB:Cash,-20,BRL
638,1,2025-11-14,*,,PIX - ENVIADO   14/11 08:44 ISRAEL LUCAS DO NASCIMENT,,,pluggy-23b11d3b-7567-4132-9fa8-ae2f40d805d8,pluggy,25eb5f6d-2529-4377-8de5-e38160459cff,05070000,Transfer - PIX,Expenses:Geral,20,BRL
639,0,2025-11-14,*,,PIX - ENVIADO   13/11 22:40 ANA CAROLINA DE ABREU ESC,,,pluggy-a14bcc77-e0fa-4557-a6b4-ec5c159ec687,pluggy,25eb5f6d-2529-4377-8de5-e38160459cff,05070000,Transfer - PIX,Assets:Investment:BB:Cash,-75,BRL
639,1,2025-11-14,*,,PIX - ENVIADO   13/11 22:40 ANA CAROLINA DE ABREU ESC,,,pluggy-a14bcc77-e0fa-4557-a6b4-ec5c159ec687,pluggy,25eb5f6d-2529-4377-8de5-e38160459cff,05070000,Transfer - PIX,Expenses:Geral:Caol,75,BRL
640,0,2025-11-14,*,,PIX - ENVIADO   13/11 22:39 ANA CAROLINA DE ABREU ESC,,,pluggy-c74691f1-dfd3-4206-b63f-5d6e5848cd14,pluggy,25eb5f6d-2529-4377-8de5-e38160459cff,05070000,Transfer - PIX,Assets:Investment:BB:Cash,-800,BRL
640,1,2025-11-14,*,,PIX - ENVIADO   13/11 22:39 ANA CAROLINA DE ABREU ESC,,,pluggy-c74691f1-dfd3-4206-b63f-5d6e5848cd14,pluggy,25eb5f6d-2529-4377-8de5-e38160459cff,05070000,Transfer - PIX,Expenses:Geral:Caol,800,BRL
641,0,2025-11-14,*,,TRF POUPANCA    13/11 22:02 GABRIEL BARROS RODRIGUES,,,pluggy-69fc8a5a-6d1c-403b-8c7d-241123d2df0b,pluggy,25eb5f6d-2529-4377-8de5-e38160459cff,04000000,Same person transfer,Assets:Investment:BB:Cash,2000,BRL
641,1,2025-11-14,*,,TRF POUPANCA    13/11 22:02 GABRIEL BARROS RODRIGUES,,,pluggy-69fc8a5a-6d1c-403b-8c7d-241123d2df0b,pluggy,25eb5f6d-2529-4377-8de5-e38160459cff,04000000,Same person transfer,Assets:Investment:BB:Savings,-2000,BRL
642,0,2025-11-14,*,,UBER* TRIP             WWW.UBER.COM. BR,,,pluggy-fb48645e-603e-4826-9455-780957bd25a1,pluggy,987decad-afee-4c0e-950e-85c3006a4b2e,19010000,Taxi and ride-hailing,Liabilities:Credit:BB:Card:PlatinumVisa,-12.94,BRL
642,1,2025-11-14,*,,UBER* TRIP             WWW.UBER.COM. BR,,,pluggy-fb48645e-603e-4826-9455-780957bd25a1,pluggy,987decad-afee-4c0e-950e-85c3006a4b2e,19010000,Taxi and ride-hailing,Expenses:Transporte:Uber,12.94,BRL
643,0,2025-11-14,*,,METRO RJ               RIO DE JANEIR BR,,,pluggy-ea8635d1-c4d2-4fbf-a071-258bddc39ba0,pluggy,987decad-afee-4c0e-950e-85c3006a4b2e,19020000,Public transportation,Liabilities:Credit:BB:Card:PlatinumVisa,-7.9,BRL
643,1,2025-11-14,*,,METRO RJ               RIO DE JANEIR BR,,,pluggy-ea8635d1-c4d2-4fbf-a071-258bddc39ba0,pluggy,987decad-afee-4c0e-950e-85c3006a4b2e,19020000,Public transportation,Expenses:Transporte:TransportePublico,7.9,BRL
644,0,2025-11-14,*,,UBER* TRIP             WWW.UBER.COM. BR,,,pluggy-623035e8-13a8-442d-82bb-0fdf514c50f7,pluggy,987decad-afee-4c0e-950e-85c3006a4b2e,19010000,Taxi and ride-hailing,Liabilities:Credit:BB:Card:PlatinumVisa,-13.97,BRL
644,1,2025-11-14,*,,UBER* TRIP             WWW.UBER.COM. BR,,,pluggy-623035e8-13a8-442d-82bb-0fdf514c50f7,pluggy,987decad-afee-4c0e-950e-85c3006a4b2e,19010000,Taxi and ride-hailing,Expenses:Transporte:Uber,13.97,BRL
645,0,2025-11-15,*,,SUA ACADEMIA           SAO PAULO     BR,,,pluggy-feeceb02-ac17-44e6-896e-db7d45883a21,pluggy,987decad-afee-4c0e-950e-85c3006a4b2e,07030000,Wellness and fitness,Liabilities:Credit:BB:Card:PlatinumVisa,-49.9,BRL
645,1,2025-11-15,*,,SUA ACADEMIA           SAO PAULO     BR,,,pluggy-feeceb02-ac17-44e6-896e-db7d45883a21,pluggy,987decad-afee-4c0e-950e-85c3006a4b2e,07030000,Wellness and fitness,Expenses:Saude:Academia,49.9,BRL
646,0,2025-11-15,*,,UBER* TRIP             WWW.UBER.COM. BR,,,pluggy-91be721e-6e92-4f4f-8206-b3a5cd14551d,pluggy,987decad-afee-4c0e-950e-85c3006a4b2e,19010000,Taxi and ride-hailing,Liabilities:Credit:BB:Card:PlatinumVisa,-15.96,BRL
646,1,2025-11-15,*,,UBER* TRIP             WWW.UBER.COM. BR,,,pluggy-91be721e-6e92-4f4f-8206-b3a5cd14551d,pluggy,987decad-afee-4c0e-950e-85c3006a4b2e,19010000,Taxi and ride-hailing,Expenses:Transporte:Uber,15.96,BRL
647,0,2025-11-15,*,,UBER* TRIP             WWW.UBER.COM. BR,,,pluggy-50fd1b70-25ab-4a73-89b3-ba7bb5bee7fb,pluggy,987decad-afee-4c0e-950e-85c3006a4b2e,19010000,Taxi and ride-hailing,Liabilities:Credit:BB:Card:PlatinumVisa,-20.93,BRL
647,1,2025-11-15,*,,UBER* TRIP             WWW.UBER.COM. BR,,,pluggy-50fd1b70-25ab-4a73-89b3-ba7bb5bee7fb,pluggy,987decad-afee-4c0e-950e-85c3006a4b2e,19010000,Taxi and ride-hailing,Expenses:Transporte:Uber,20.93,BRL
648,0,2025-11-15,*,,SUA ACADEMIA           SAO PAULO     BR,,,pluggy-03761e2a-346f-4a09-b739-adb1127c313c,pluggy,987decad-afee-4c0e-950e-85c3006a4b2e,07030000,Wellness and fitness,Liabilities:Credit:BB:Card:PlatinumVisa,-159.9,BRL
648,1,2025-11-15,*,,SUA ACADEMIA           SAO PAULO     BR,,,pluggy-03761e2a-346f-4a09-b739-adb1127c313c,pluggy,987decad-afee-4c0e-950e-85c3006a4b2e,07030000,Wellness and fitness,Expenses:Saude:Academia,159.9,BRL
649,0,2025-11-17,*,,Google One             SAO PAULO     BR,,,pluggy-00e2e46f-f8c5-4713-aabf-4bbf1c415207,pluggy,987decad-afee-4c0e-950e-85c3006a4b2e,09000000,Digital services,Liabilities:Credit:BB:Card:PlatinumVisa,-9.99,BRL
649,1,2025-11-17,*,,Google One             SAO PAULO     BR,,,pluggy-00e2e46f-f8c5-4713-aabf-4bbf1c415207,pluggy,987decad-afee-4c0e-950e-85c3006a4b2e,09000000,Digital services,Expenses:Mensalidades:Outras,9.99,BRL
650,0,2025-11-18,*,,RENDIMENTOS DE CLIENTES IRDM11 S/            187,,,pluggy-10db61d3-0019-40b9-bce9-1fc2080bc331,pluggy,e4d40b2d-f720-4570-8fb6-89c9a12e1e2f,03060000,Proceeds interests and dividends,Assets:Investment:XP:Cash,233.76,BRL
650,1,2025-11-18,*,,RENDIMENTOS DE CLIENTES IRDM11 S/            187,,,pluggy-10db61d3-0019-40b9-bce9-1fc2080bc331,pluggy,e4d40b2d-f720-4570-8fb6-89c9a12e1e2f,03060000,Proceeds interests and dividends,Income:Investment:XP:Rendimento,-233.76,BRL
651,0,2025-11-18,*,,RENDIMENTOS DE CLIENTES IRDM11 S/            187,,,pluggy-a67a59d7-c56e-42ac-9c05-3d7a724f986a,pluggy,ffd6004e-1066-4c1c-9ece-826c45ffda7d,03060000,Proceeds interests and dividends,Assets:Investment:XP:Cash,233.76,BRL
651,1,2025-11-18,*,,RENDIMENTOS DE CLIENTES IRDM11 S/            187,,,pluggy-a67a59d7-c56e-42ac-9c05-3d7a724f986a,pluggy,ffd6004e-1066-4c1c-9ece-826c45ffda7d,03060000,Proceeds interests and dividends,Income:Investment:XP:Rendimento,-233.76,BRL
652,0,2025-11-18,*,,PIX - ENVIADO   18/11 15:07 ALOISIO ALVIM FERNANDES,,,pluggy-144b27f2-22c6-47a9-a5b8-cfec06c81b98,pluggy,25eb5f6d-2529-4377-8de5-e38160459cff,05070000,Transfer - PIX,Assets:Investment:BB:Cash,-20,BRL
652,1,2025-11-18,*,,PIX - ENVIADO   18/11 15:07 ALOISIO ALVIM FERNANDES,,,pluggy-144b27f2-22c6-47a9-a5b8-cfec06c81b98,pluggy,25eb5f6d-2529-4377-8de5-e38160459cff,05070000,Transfer - PIX,Expenses:Geral,20,BRL
653,0,2025-11-18,*,,PIX - ENVIADO   17/11 22:06 ANA CAROLINA DE ABREU ESC,,,pluggy-729ae012-d21b-4656-b12e-655bc60ae6b5,pluggy,25eb5f6d-2529-4377-8de5-e38160459cff,05070000,Transfer - PIX,Assets:Investment:BB:Cash,-85,BRL
653,1,2025-11-18,*,,PIX - ENVIADO   17/11 22:06 ANA CAROLINA DE ABREU ESC,,,pluggy-729ae012-d21b-4656-b12e-655bc60ae6b5,pluggy,25eb5f6d-2529-4377-8de5-e38160459cff,05070000,Transfer - PIX,Expenses:Geral:Caol,85,BRL
654,0,2025-11-19,*,,RENDIMENTOS DE CLIENTES MCCI11 S/            188,,,pluggy-dcb27565-120b-434c-9edd-98e5052565fe,pluggy,e4d40b2d-f720-4570-8fb6-89c9a12e1e2f,03060000,Proceeds interests and dividends,Assets:Investment:XP:Cash,188,BRL
654,1,2025-11-19,*,,RENDIMENTOS DE CLIENTES MCCI11 S/            188,,,pluggy-dcb27565-120b-434c-9edd-98e5052565fe,pluggy,e4d40b2d-f720-4570-8fb6-89c9a12e1e2f,03060000,Proceeds interests and dividends,Income:Investment:XP:Rendimento,-188,BRL
655,0,2025-11-19,*,,RENDIMENTOS DE CLIENTES MCCI11 S/            188,,,pluggy-dc198755-b669-47c9-87da-6238b3a4c651,pluggy,ffd6004e-1066-4c1c-9ece-826c45ffda7d,03060000,Proceeds interests and dividends,Assets:Investment:XP:Cash,188,BRL
655,1,2025-11-19,*,,RENDIMENTOS DE CLIENTES MCCI11 S/            188,,,pluggy-dc198755-b669-47c9-87da-6238b3a4c651,pluggy,ffd6004e-1066-4c1c-9ece-826c45ffda7d,03060000,Proceeds interests and dividends,Income:Investment:XP:Rendimento,-188,BRL
656,0,2025-11-19,*,,DROGARIA VENANCIO      RIO DE JANEIR BR,,,pluggy-bcb8e083-1a93-44fd-b574-8d4a17a11729,pluggy,987decad-afee-4c0e-950e-85c3006a4b2e,18020000,Pharmacy,Liabilities:Credit:BB:Card:PlatinumVisa,-48.78,BRL
656,1,2025-11-19,*,,DROGARIA VENANCIO      RIO DE JANEIR BR,,,pluggy-bcb8e083-1a93-44fd-b574-8d4a17a11729,pluggy,987decad-afee-4c0e-950e-85c3006a4b2e,18020000,Pharmacy,Expenses:Saude:Farmacia,48.78,BRL
657,0,2025-11-20,*,,PIX OFB ENVIO   20/11 12:22 AIBR INSTITUICAO DE PAGAME,,,pluggy-9c893c14-fda7-498d-ba95-7d30662634a3,pluggy,25eb5f6d-2529-4377-8de5-e38160459cff,05070000,Transfer - PIX,Assets:Investment:BB:Cash,-271.2,BRL
657,1,2025-11-20,*,,PIX OFB ENVIO   20/11 12:22 AIBR INSTITUICAO DE PAGAME,,,pluggy-9c893c14-fda7-498d-ba95-7d30662634a3,pluggy,25eb5f6d-2529-4377-8de5-e38160459cff,05070000,Transfer - PIX,Expenses:Geral,271.2,BRL
658,0,2025-11-20,*,,PROVENTOS       33.000.167/0001-01 PETROLEO BRASILEIRO,,,pluggy-0009bc1f-2188-462e-be91-1fc06cbc2cea,pluggy,25eb5f6d-2529-4377-8de5-e38160459cff,03060000,Proceeds interests and dividends,Assets:Investment:BB:Cash,6089.1,BRL
658,1,2025-11-20,*,,PROVENTOS       33.000.167/0001-01 PETROLEO BRASILEIRO,,,pluggy-0009bc1f-2188-462e-be91-1fc06cbc2cea,pluggy,25eb5f6d-2529-4377-8de5-e38160459cff,03060000,Proceeds interests and dividends,Income:Salario,-6089.1,BRL
659,0,2025-11-20,*,,BLESS                  TERESOPOLIS   BR,,,pluggy-e6b7f0aa-9d93-4ce3-90f2-1cebecdb3aab,pluggy,987decad-afee-4c0e-950e-85c3006a4b2e,08000000,Shopping,Liabilities:Credit:BB:Card:PlatinumVisa,-79,BRL
659,1,2025-11-20,*,,BLESS                  TERESOPOLIS   BR,,,pluggy-e6b7f0aa-9d93-4ce3-90f2-1cebecdb3aab,pluggy,987decad-afee-4c0e-950e-85c3006a4b2e,08000000,Shopping,Expenses:Geral,79,BRL
660,0,2025-11-21,*,,JUROS S/ CAPITAL DE CLIENTES PETR4 S/            500,,,pluggy-5f3b5fd3-5725-4d09-b14a-6a866f1111da,pluggy,e4d40b2d-f720-4570-8fb6-89c9a12e1e2f,02020000,Interests charged,Assets:Investment:XP:Cash,142.79,BRL
660,1,2025-11-21,*,,JUROS S/ CAPITAL DE CLIENTES PETR4 S/            500,,,pluggy-5f3b5fd3-5725-4d09-b14a-6a866f1111da,pluggy,e4d40b2d-f720-4570-8fb6-89c9a12e1e2f,02020000,Interests charged,Income:Investment:XP:JCP,-142.79,BRL
661,0,2025-11-21,*,,PG TEC CONCURSOS TECC   551197024883 BR,,,pluggy-2fae305f-1dbe-4432-b1d4-5e1b4c9d3f70,pluggy,75f30132-31a8-4b54-9be0-648009b118db,07020003,School,Liabilities:Credit:BB:Card:EloGrafite,-39.9,BRL
661,1,2025-11-21,*,,PG TEC CONCURSOS TECC   551197024883 BR,,,pluggy-2fae305f-1dbe-4432-b1d4-5e1b4c9d3f70,pluggy,75f30132-31a8-4b54-9be0-648009b118db,07020003,School,Expenses:Educacao:Curso,39.9,BRL
662,0,2025-11-21,*,,CONCURSEIRO ZERO 1     FLORIANOPOLIS BR,,,pluggy-6f500021-26cc-4b09-8deb-4ca653087762,pluggy,987decad-afee-4c0e-950e-85c3006a4b2e,08060000,Bookstore,Liabilities:Credit:BB:Card:PlatinumVisa,-1097,BRL
662,1,2025-11-21,*,,CONCURSEIRO ZERO 1     FLORIANOPOLIS BR,,,pluggy-6f500021-26cc-4b09-8deb-4ca653087762,pluggy,987decad-afee-4c0e-950e-85c3006a4b2e,08060000,Bookstore,Expenses:Educacao:Curso,1097,BRL
663,0,2025-11-24,*,,REAJ.MON. BC,,,pluggy-597bb2bf-9de4-43f5-a253-4f73e7914a8e,pluggy,3d0492b4-0d84-49c0-9945-e3e9adc34d51,06010000,Blocked balances,Assets:Investment:BB:Savings,7.55,BRL
663,1,2025-11-24,*,,REAJ.MON. BC,,,pluggy-597bb2bf-9de4-43f5-a253-4f73e7914a8e,pluggy,3d0492b4-0d84-49c0-9945-e3e9adc34d51,06010000,Blocked balances,Income:Investment:Interest,-7.55,BRL
664,0,2025-11-24,*,,JUROS,,,pluggy-58ab2f11-973f-448c-8383-b756103a9f34,pluggy,3d0492b4-0d84-49c0-9945-e3e9adc34d51,02020000,Interests charged,Assets:Investment:BB:Savings,22.24,BRL
664,1,2025-11-24,*,,JUROS,,,pluggy-58ab2f11-973f-448c-8383-b756103a9f34,pluggy,3d0492b4-0d84-49c0-9945-e3e9adc34d51,02020000,Interests charged,Income:Investment:Interest,-22.24,BRL
665,0,2025-11-24,*,,PET LOVE*Order 10      SAO PAULO     BR,,,pluggy-c6417f86-bca2-4e59-a6ee-e36f49e3350d,pluggy,987decad-afee-4c0e-950e-85c3006a4b2e,08030000,Pet supplies and vet,Liabilities:Credit:BB:Card:PlatinumVisa,-166.5,BRL
665,1,2025-11-24,*,,PET LOVE*Order 10      SAO PAULO     BR,,,pluggy-c6417f86-bca2-4e59-a6ee-e36f49e3350d,pluggy,987decad-afee-4c0e-950e-85c3006a4b2e,08030000,Pet supplies and vet,Expenses:Pet:Petshop,166.5,BRL
666,0,2025-11-24,*,,CAES E GATOS PET SHOP  RIO DE JANEIR BR,,,pluggy-5d5157de-7278-4d13-b309-adc677a7b8c9,pluggy,987decad-afee-4c0e-950e-85c3006a4b2e,08030000,Pet supplies and vet,Liabilities:Credit:BB:Card:PlatinumVisa,-10.5,BRL
666,1,2025-11-24,*,,CAES E GATOS PET SHOP  RIO DE JANEIR BR,,,pluggy-5d5157de-7278-4d13-b309-adc677a7b8c9,pluggy,987decad-afee-4c0e-950e-85c3006a4b2e,08030000,Pet supplies and vet,Expenses:Pet:Petshop,10.5,BRL
667,0,2025-11-24,*,,CAES E GATOS PET SHOP  RIO DE JANEIR BR,,,pluggy-15b81e44-1722-4099-b2d2-a204f0ebd595,pluggy,987decad-afee-4c0e-950e-85c3006a4b2e,08030000,Pet supplies and vet,Liabilities:Credit:BB:Card:PlatinumVisa,-64,BRL
667,1,2025-11-24,*,,CAES E GATOS PET SHOP  RIO DE JANEIR BR,,,pluggy-15b81e44-1722-4099-b2d2-a204f0ebd595,pluggy,987decad-afee-4c0e-950e-85c3006a4b2e,08030000,Pet supplies and vet,Expenses:Pet:Petshop,64,BRL
668,0,2025-11-25,*,,PLANEJADA,,,pluggy-91852124-075d-4410-a663-59804b6bee29,pluggy,3d0492b4-0d84-49c0-9945-e3e9adc34d51,03000000,Investments,Assets:Investment:BB:Savings,2000,BRL
668,1,2025-11-25,*,,PLANEJADA,,,pluggy-91852124-075d-4410-a663-59804b6bee29,pluggy,3d0492b4-0d84-49c0-9945-e3e9adc34d51,03000000,Investments,Assets:Investment:BB:Cash,-2000,BRL
669,0,2025-11-25,*,,PLANEJADA,,,pluggy-7a430067-5771-44d5-b9cc-99a170ff7043,pluggy,3d0492b4-0d84-49c0-9945-e3e9adc34d51,03000000,Investments,Assets:Investment:BB:Savings,2000,BRL
669,1,2025-11-25,*,,PLANEJADA,,,pluggy-7a430067-5771-44d5-b9cc-99a170ff7043,pluggy,3d0492b4-0d84-49c0-9945-e3e9adc34d51,03000000,Investments,Assets:Investment:BB:Cash,-2000,BRL
670,0,2025-11-25,*,,TRANSF ENVIADA  15/11 GABRIEL BARROS RODRIGUES,,,pluggy-ca54a28a-44cd-45ab-a701-219083f4aaa2,pluggy,25eb5f6d-2529-4377-8de5-e38160459cff,04000000,Same person transfer,Assets:Investment:BB:Cash,-2000,BRL
670,1,2025-11-25,*,,TRANSF ENVIADA  15/11 GABRIEL BARROS RODRIGUES,,,pluggy-ca54a28a-44cd-45ab-a701-219083f4aaa2,pluggy,25eb5f6d-2529-4377-8de5-e38160459cff,04000000,Same person transfer,Assets:Investment:BB:Savings,2000,BRL
671,0,2025-11-25,*,,TRANSF ENVIADA  15/11 GABRIEL BARROS RODRIGUES,,,pluggy-a9610ca2-b7f5-42c3-bb6e-5a691c713ceb,pluggy,25eb5f6d-2529-4377-8de5-e38160459cff,04000000,Same person transfer,Assets:Investment:BB:Cash,-2000,BRL
671,1,2025-11-25,*,,TRANSF ENVIADA  15/11 GABRIEL BARROS RODRIGUES,,,pluggy-a9610ca2-b7f5-42c3-bb6e-5a691c713ceb,pluggy,25eb5f6d-2529-4377-8de5-e38160459cff,04000000,Same person transfer,Assets:Investment:BB:Savings,2000,BRL
672,0,2025-11-25,*,,PROVENTOS       33.000.167/0001-01 PETROLEO BRASILEIRO,,,pluggy-704fa492-9279-4d19-9773-f1903a7792b5,pluggy,25eb5f6d-2529-4377-8de5-e38160459cff,03060000,Proceeds interests and dividends,Assets:Investment:BB:Cash,2955.49,BRL
672,1,2025-11-25,*,,PROVENTOS       33.000.167/0001-01 PETROLEO BRASILEIRO,,,pluggy-704fa492-9279-4d19-9773-f1903a7792b5,pluggy,25eb5f6d-2529-4377-8de5-e38160459cff,03060000,Proceeds interests and dividends,Income:Salario,-2955.49,BRL
673,0,2025-11-25,*,,CAES E GATOS PET SHOP  RIO DE JANEIR BR,,,pluggy-defe459d-6769-4692-8495-43a46388f4b3,pluggy,987decad-afee-4c0e-950e-85c3006a4b2e,08030000,Pet supplies and vet,Liabilities:Credit:BB:Card:PlatinumVisa,-45,BRL
673,1,2025-11-25,*,,CAES E GATOS PET SHOP  RIO DE JANEIR BR,,,pluggy-defe459d-6769-4692-8495-43a46388f4b3,pluggy,987decad-afee-4c0e-950e-85c3006a4b2e,08030000,Pet supplies and vet,Expenses:Pet:Petshop,45,BRL
674,0,2025-11-25,*,,CONCURSEIRO ZERO 1     FLORIANOPOLIS BR,,,pluggy-339fe13b-fc8d-4559-b4d6-707514875ac2,pluggy,987decad-afee-4c0e-950e-85c3006a4b2e,08060000,Bookstore,Liabilities:Credit:BB:Card:PlatinumVisa,1097,BRL
674,1,2025-11-25,*,,CONCURSEIRO ZERO 1     FLORIANOPOLIS BR,,,pluggy-339fe13b-fc8d-4559-b4d6-707514875ac2,pluggy,987decad-afee-4c0e-950e-85c3006a4b2e,08060000,Bookstore,Expenses:Educacao:Curso,-1097,BRL
675,0,2025-11-26,*,,JUROS,,,pluggy-ea491b6f-432f-4c9f-a97d-9ef637908c99,pluggy,3d0492b4-0d84-49c0-9945-e3e9adc34d51,02020000,Interests charged,Assets:Investment:BB:Savings,20.03,BRL
675,1,2025-11-26,*,,JUROS,,,pluggy-ea491b6f-432f-4c9f-a97d-9ef637908c99,pluggy,3d0492b4-0d84-49c0-9945-e3e9adc34d51,02020000,Interests charged,Income:Investment:Interest,-20.03,BRL
676,0,2025-11-26,*,,REAJ.MON. BC,,,pluggy-3179946a-5bda-4d6a-af64-f3e34661b548,pluggy,3d0492b4-0d84-49c0-9945-e3e9adc34d51,06010000,Blocked balances,Assets:Investment:BB:Savings,6.96,BRL
676,1,2025-11-26,*,,REAJ.MON. BC,,,pluggy-3179946a-5bda-4d6a-af64-f3e34661b548,pluggy,3d0492b4-0d84-49c0-9945-e3e9adc34d51,06010000,Blocked balances,Income:Investment:Interest,-6.96,BRL
677,0,2025-11-26,*,,PIX - ENVIADO   26/11 07:55 ANA CAROLINA DE ABREU ESC,,,pluggy-80d8951c-8972-4524-baf8-e45e7abd3f4a,pluggy,25eb5f6d-2529-4377-8de5-e38160459cff,05070000,Transfer - PIX,Assets:Investment:BB:Cash,-2000,BRL
677,1,2025-11-26,*,,PIX - ENVIADO   26/11 07:55 ANA CAROLINA DE ABREU ESC,,,pluggy-80d8951c-8972-4524-baf8-e45e7abd3f4a,pluggy,25eb5f6d-2529-4377-8de5-e38160459cff,05070000,Transfer - PIX,Expenses:Geral:Caol,2000,BRL
678,0,2025-11-27,*,,DIVIDENDOS DE CLIENTES TAEE11 S/            700,,,pluggy-d1a78e9c-8a31-4f53-a32f-8202fd3a07de,pluggy,e4d40b2d-f720-4570-8fb6-89c9a12e1e2f,03060000,Proceeds interests and dividends,Assets:Investment:XP:Cash,225.33,BRL
678,1,2025-11-27,*,,DIVIDENDOS DE CLIENTES TAEE11 S/            700,,,pluggy-d1a78e9c-8a31-4f53-a32f-8202fd3a07de,pluggy,e4d40b2d-f720-4570-8fb6-89c9a12e1e2f,03060000,Proceeds interests and dividends,Income:Investment:XP:Dividend,-225.33,BRL
679,0,2025-11-27,*,,JUROS S/ CAPITAL DE CLIENTES TAEE11 S/            700,,,pluggy-81428222-7bf6-4cdb-b82c-bcb60b0a7628,pluggy,e4d40b2d-f720-4570-8fb6-89c9a12e1e2f,02020000,Interests charged,Assets:Investment:XP:Cash,380.19,BRL
679,1,2025-11-27,*,,JUROS S/ CAPITAL DE CLIENTES TAEE11 S/            700,,,pluggy-81428222-7bf6-4cdb-b82c-bcb60b0a7628,pluggy,e4d40b2d-f720-4570-8fb6-89c9a12e1e2f,02020000,Interests charged,Income:Investment:XP:JCP,-380.19,BRL
680,0,2025-11-27,*,,JUROS S/ CAPITAL DE CLIENTES TAEE11 S/            700,,,pluggy-c2e2da0e-9043-4272-9cb8-1e2fdc54b30a,pluggy,ffd6004e-1066-4c1c-9ece-826c45ffda7d,02020000,Interests charged,Assets:Investment:XP:Cash,380.19,BRL
680,1,2025-11-27,*,,JUROS S/ CAPITAL DE CLIENTES TAEE11 S/            700,,,pluggy-c2e2da0e-9043-4272-9cb8-1e2fdc54b30a,pluggy,ffd6004e-1066-4c1c-9ece-826c45ffda7d,02020000,Interests charged,Income:Investment:XP:JCP,-380.19,BRL
681,0,2025-11-27,*,,DIVIDENDOS DE CLIENTES TAEE11 S/            700,,,pluggy-341376f3-5c2f-41f8-933b-5605b21c698e,pluggy,e4d40b2d-f720-4570-8fb6-89c9a12e1e2f,03060000,Proceeds interests and dividends,Assets:Investment:XP:Cash,161.13,BRL
681,1,2025-11-27,*,,DIVIDENDOS DE CLIENTES TAEE11 S/            700,,,pluggy-341376f3-5c2f-41f8-933b-5605b21c698e,pluggy,e4d40b2d-f720-4570-8fb6-89c9a12e1e2f,03060000,Proceeds interests and dividends,Income:Investment:XP:Dividend,-161.13,BRL
682,0,2025-11-27,*,,DIVIDENDOS DE CLIENTES TAEE11 S/            700,,,pluggy-b0f8f8ea-a4d3-47a3-bb69-f3eed411b434,pluggy,ffd6004e-1066-4c1c-9ece-826c45ffda7d,03060000,Proceeds interests and dividends,Assets:Investment:XP:Cash,161.13,BRL
682,1,2025-11-27,*,,DIVIDENDOS DE CLIENTES TAEE11 S/            700,,,pluggy-b0f8f8ea-a4d3-47a3-bb69-f3eed411b434,pluggy,ffd6004e-1066-4c1c-9ece-826c45ffda7d,03060000,Proceeds interests and dividends,Income:Investment:XP:Dividend,-161.13,BRL
683,0,2025-11-27,*,,DIVIDENDOS DE CLIENTES TAEE11 S/            700,,,pluggy-3c78cfda-f21d-46c7-b91e-6f3dc470db68,pluggy,ffd6004e-1066-4c1c-9ece-826c45ffda7d,03060000,Proceeds interests and dividends,Assets:Investment:XP:Cash,225.33,BRL
683,1,2025-11-27,*,,DIVIDENDOS DE CLIENTES TAEE11 S/            700,,,pluggy-3c78cfda-f21d-46c7-b91e-6f3dc470db68,pluggy,ffd6004e-1066-4c1c-9ece-826c45ffda7d,03060000,Proceeds interests and dividends,Income:Investment:XP:Dividend,-225.33,BRL
684,0,2025-11-27,*,,ANUIDADE DIFERENCIADA ADC-PARC 01/12 BR,,,pluggy-ab3eef5b-cb12-4037-9913-a89700c40919,pluggy,987decad-afee-4c0e-950e-85c3006a4b2e,16030000,Credit card fees,Liabilities:Credit:BB:Card:PlatinumVisa,-22.75,BRL
684,1,2025-11-27,*,,ANUIDADE DIFERENCIADA ADC-PARC 01/12 BR,,,pluggy-ab3eef5b-cb12-4037-9913-a89700c40919,pluggy,987decad-afee-4c0e-950e-85c3006a4b2e,16030000,Credit card fees,Expenses:Taxas:Banco,22.75,BRL
685,0,2025-11-27,*,,DESC AUTOMATICO ANUID ADC-PARC 01/12 BR,,,pluggy-a8b475af-451a-4fb6-8682-40ff6879fb5f,pluggy,987decad-afee-4c0e-950e-85c3006a4b2e,16030000,Credit card fees,Liabilities:Credit:BB:Card:PlatinumVisa,22.75,BRL
685,1,2025-11-27,*,,DESC AUTOMATICO ANUID ADC-PARC 01/12 BR,,,pluggy-a8b475af-451a-4fb6-8682-40ff6879fb5f,pluggy,987decad-afee-4c0e-950e-85c3006a4b2e,16030000,Credit card fees,Expenses:Taxas:Banco,-22.75,BRL
686,0,2025-11-27,*,,Pagamento recebido,,,pluggy-8f026bf7-a220-4d89-b239-48a84ee4256f,pluggy,987decad-afee-4c0e-950e-85c3006a4b2e,05100000,Credit card payment,Liabilities:Credit:BB:Card:PlatinumVisa,1119.75,BRL
686,1,2025-11-27,*,,Pagamento recebido,,,pluggy-8f026bf7-a220-4d89-b239-48a84ee4256f,pluggy,987decad-afee-4c0e-950e-85c3006a4b2e,05100000,Credit card payment,Equity:Transfers,-1119.75,BRL
687,0,2025-11-28,*,,Wellhub Gympass BR GympSao Paulo     BR,,,pluggy-3137658f-577d-4c9c-ae77-d3f888c9a711,pluggy,987decad-afee-4c0e-950e-85c3006a4b2e,07030001,Gyms and fitness centers,Liabilities:Credit:BB:Card:PlatinumVisa,-75.9,BRL
687,1,2025-11-28,*,,Wellhub Gympass BR GympSao Paulo     BR,,,pluggy-3137658f-577d-4c9c-ae77-d3f888c9a711,pluggy,987decad-afee-4c0e-950e-85c3006a4b2e,07030001,Gyms and fitness centers,Expenses:Saude:Academia,75.9,BRL
688,0,2025-11-29,*,,METRO RJ               RIO DE JANEIR BR,,,pluggy-561ddaae-35e0-4d56-8f21-05a81a8cccfc,pluggy,987decad-afee-4c0e-950e-85c3006a4b2e,19020000,Public transportation,Liabilities:Credit:BB:Card:PlatinumVisa,-7.9,BRL
688,1,2025-11-29,*,,METRO RJ               RIO DE JANEIR BR,,,pluggy-561ddaae-35e0-4d56-8f21-05a81a8cccfc,pluggy,987decad-afee-4c0e-950e-85c3006a4b2e,19020000,Public transportation,Expenses:Transporte:TransportePublico,7.9,BRL
689,0,2025-11-29,*,,TACO                   RIO DE JANEIR BR,,,pluggy-21e3b1af-7154-4aac-bbc8-9dab6097a6db,pluggy,987decad-afee-4c0e-950e-85c3006a4b2e,08040000,Clothing,Liabilities:Credit:BB:Card:PlatinumVisa,-260.47,BRL
689,1,2025-11-29,*,,TACO                   RIO DE JANEIR BR,,,pluggy-21e3b1af-7154-4aac-bbc8-9dab6097a6db,pluggy,987decad-afee-4c0e-950e-85c3006a4b2e,08040000,Clothing,Expenses:Pessoal:Vestuario,260.47,BRL
690,0,2025-11-30,*,,PIX OFB ENVIO   30/11 17:27 Wilson Camelo Alves,,,pluggy-fa003dc0-f33b-44cc-a7fd-f36fbb70aa48,pluggy,25eb5f6d-2529-4377-8de5-e38160459cff,05070000,Transfer - PIX,Assets:Investment:BB:Cash,-8,BRL
690,1,2025-11-30,*,,PIX OFB ENVIO   30/11 17:27 Wilson Camelo Alves,,,pluggy-fa003dc0-f33b-44cc-a7fd-f36fbb70aa48,pluggy,25eb5f6d-2529-4377-8de5-e38160459cff,05070000,Transfer - PIX,Expenses:Geral,8,BRL
691,0,2025-12-01,*,,JUROS S/ CAPITAL DE CLIENTES ITUB3 S/            220,,,pluggy-c0d17007-1381-49e5-96fb-f9ac5b8393fa,pluggy,e4d40b2d-f720-4570-8fb6-89c9a12e1e2f,02020000,Interests charged,Assets:Investment:XP:Cash,3.3,BRL
691,1,2025-12-01,*,,JUROS S/ CAPITAL DE CLIENTES ITUB3 S/            220,,,pluggy-c0d17007-1381-49e5-96fb-f9ac5b8393fa,pluggy,e4d40b2d-f720-4570-8fb6-89c9a12e1e2f,02020000,Interests charged,Income:Investment:XP:JCP,-3.3,BRL
692,0,2025-12-01,*,,JUROS S/ CAPITAL DE CLIENTES ITUB3 S/            220,,,pluggy-99c6cbab-483f-47f5-a39c-5798069ea18b,pluggy,ffd6004e-1066-4c1c-9ece-826c45ffda7d,02020000,Interests charged,Assets:Investment:XP:Cash,3.3,BRL
692,1,2025-12-01,*,,JUROS S/ CAPITAL DE CLIENTES ITUB3 S/            220,,,pluggy-99c6cbab-483f-47f5-a39c-5798069ea18b,pluggy,ffd6004e-1066-4c1c-9ece-826c45ffda7d,02020000,Interests charged,Income:Investment:XP:JCP,-3.3,BRL
693,0,2025-12-01,*,,UBER * PENDING         SAO PAULO     BR,,,pluggy-30bc2da3-747d-41a2-b0e1-966dd60103c6,pluggy,987decad-afee-4c0e-950e-85c3006a4b2e,19010000,Taxi and ride-hailing,Liabilities:Credit:BB:Card:PlatinumVisa,-109.93,BRL
693,1,2025-12-01,*,,UBER * PENDING         SAO PAULO     BR,,,pluggy-30bc2da3-747d-41a2-b0e1-966dd60103c6,pluggy,987decad-afee-4c0e-950e-85c3006a4b2e,19010000,Taxi and ride-hailing,Expenses:Transporte:Uber,109.93,BRL
694,0,2025-12-03,*,,DL  GOOGLE Crunchyroll SAO PAULO     BR,,,pluggy-d9275897-e20d-4341-9067-c4495be07851,pluggy,75f30132-31a8-4b54-9be0-648009b118db,09000000,Digital services,Liabilities:Credit:BB:Card:EloGrafite,-19.99,BRL
694,1,2025-12-03,*,,DL  GOOGLE Crunchyroll SAO PAULO     BR,,,pluggy-d9275897-e20d-4341-9067-c4495be07851,pluggy,75f30132-31a8-4b54-9be0-648009b118db,09000000,Digital services,Expenses:Lazer:Streaming,19.99,BRL
695,0,2025-12-03,*,,PIX OFB ENVIO   03/12 16:59 RG CRUZ ELETRONICA LTDA,,,pluggy-3d9f5357-b606-40b8-bbee-309462d636e9,pluggy,25eb5f6d-2529-4377-8de5-e38160459cff,05070000,Transfer - PIX,Assets:Investment:BB:Cash,-30,BRL
695,1,2025-12-03,*,,PIX OFB ENVIO   03/12 16:59 RG CRUZ ELETRONICA LTDA,,,pluggy-3d9f5357-b606-40b8-bbee-309462d636e9,pluggy,25eb5f6d-2529-4377-8de5-e38160459cff,05070000,Transfer - PIX,Expenses:Geral,30,BRL
696,0,2025-12-03,*,,PIX OFB ENVIO   03/12 16:52 Dilcea Rodrigues soares,,,pluggy-5a28f667-b6d4-4655-ab51-b7ddac58af4d,pluggy,25eb5f6d-2529-4377-8de5-e38160459cff,05070000,Transfer - PIX,Assets:Investment:BB:Cash,-10,BRL
696,1,2025-12-03,*,,PIX OFB ENVIO   03/12 16:52 Dilcea Rodrigues soares,,,pluggy-5a28f667-b6d4-4655-ab51-b7ddac58af4d,pluggy,25eb5f6d-2529-4377-8de5-e38160459cff,05070000,Transfer - PIX,Expenses:Geral,10,BRL
697,0,2025-12-03,*,,RECEB FORNEC    39.427.632/0001-71 ASSOCIACAO PETROBRA,,,pluggy-b973e7a0-ec23-4fc4-8fa3-6c55958566ad,pluggy,25eb5f6d-2529-4377-8de5-e38160459cff,01000000,Income,Assets:Investment:BB:Cash,244,BRL
697,1,2025-12-03,*,,RECEB FORNEC    39.427.632/0001-71 ASSOCIACAO PETROBRA,,,pluggy-b973e7a0-ec23-4fc4-8fa3-6c55958566ad,pluggy,25eb5f6d-2529-4377-8de5-e38160459cff,01000000,Income,Income:Reembolso,-244,BRL
698,0,2025-12-04,*,,PIX OFB ENVIO   04/12 17:25 Manoel de Andrade Pereira,,,pluggy-ca3f4947-55f8-4eab-9e6c-57e5e0f14973,pluggy,25eb5f6d-2529-4377-8de5-e38160459cff,05070000,Transfer - PIX,Assets:Investment:BB:Cash,-10,BRL
698,1,2025-12-04,*,,PIX OFB ENVIO   04/12 17:25 Manoel de Andrade Pereira,,,pluggy-ca3f4947-55f8-4eab-9e6c-57e5e0f14973,pluggy,25eb5f6d-2529-4377-8de5-e38160459cff,05070000,Transfer - PIX,Expenses:Geral,10,BRL
699,0,2025-12-05,*,,BARBEARIA DOM HELIO    RIO DE JANEIR BR,,,pluggy-9aa276a0-120c-41f4-af75-bc1eb0ed0928,pluggy,75f30132-31a8-4b54-9be0-648009b118db,07000000,Services,Liabilities:Credit:BB:Card:EloGrafite,-65,BRL
699,1,2025-12-05,*,,BARBEARIA DOM HELIO    RIO DE JANEIR BR,,,pluggy-9aa276a0-120c-41f4-af75-bc1eb0ed0928,pluggy,75f30132-31a8-4b54-9be0-648009b118db,07000000,Services,Expenses:Pessoal:Cabeleireiro,65,BRL
700,0,2025-12-05,*,,Sala21                 RIO DE JANEIR BR,,,pluggy-0b90194b-6c40-44f5-beb5-5cc41d14dbe9,pluggy,75f30132-31a8-4b54-9be0-648009b118db,19050002,Parking,Liabilities:Credit:BB:Card:EloGrafite,-16,BRL
700,1,2025-12-05,*,,Sala21                 RIO DE JANEIR BR,,,pluggy-0b90194b-6c40-44f5-beb5-5cc41d14dbe9,pluggy,75f30132-31a8-4b54-9be0-648009b118db,19050002,Parking,Expenses:Transporte:Estacionamento,16,BRL
701,0,2025-12-06,*,,PIX - RECEBIDO  05/12 23:11 14879065790 ISABELLE CHRIS,,,pluggy-d15ba8ef-6bd4-442a-a163-cc9ce215ef3d,pluggy,25eb5f6d-2529-4377-8de5-e38160459cff,05070000,Transfer - PIX,Assets:Investment:BB:Cash,147,BRL
701,1,2025-12-06,*,,PIX - RECEBIDO  05/12 23:11 14879065790 ISABELLE CHRIS,,,pluggy-d15ba8ef-6bd4-442a-a163-cc9ce215ef3d,pluggy,25eb5f6d-2529-4377-8de5-e38160459cff,05070000,Transfer - PIX,Equity:Transfers,-147,BRL
702,0,2025-12-06,*,,PIX - RECEBIDO  05/12 23:10 00014260259717 CAROLINA TE,,,pluggy-2ae6a46a-cfe9-498e-9a02-30e43b121264,pluggy,25eb5f6d-2529-4377-8de5-e38160459cff,05070000,Transfer - PIX,Assets:Investment:BB:Cash,64,BRL
702,1,2025-12-06,*,,PIX - RECEBIDO  05/12 23:10 00014260259717 CAROLINA TE,,,pluggy-2ae6a46a-cfe9-498e-9a02-30e43b121264,pluggy,25eb5f6d-2529-4377-8de5-e38160459cff,05070000,Transfer - PIX,Equity:Transfers,-64,BRL
703,0,2025-12-06,*,,UBER * PENDING         SAO PAULO     BR,,,pluggy-3a9d8e63-4c87-448c-9184-757ce5171a9d,pluggy,987decad-afee-4c0e-950e-85c3006a4b2e,19010000,Taxi and ride-hailing,Liabilities:Credit:BB:Card:PlatinumVisa,-141.95,BRL
703,1,2025-12-06,*,,UBER * PENDING         SAO PAULO     BR,,,pluggy-3a9d8e63-4c87-448c-9184-757ce5171a9d,pluggy,987decad-afee-4c0e-950e-85c3006a4b2e,19010000,Taxi and ride-hailing,Expenses:Transporte:Uber,141.95,BRL
704,0,2025-12-07,*,,iFood                  Osasco        BR,,,pluggy-f2bb3220-2d78-4a91-a759-598da635738f,pluggy,75f30132-31a8-4b54-9be0-648009b118db,10000000,Groceries,Liabilities:Credit:BB:Card:EloGrafite,-7.95,BRL
704,1,2025-12-07,*,,iFood                  Osasco        BR,,,pluggy-f2bb3220-2d78-4a91-a759-598da635738f,pluggy,75f30132-31a8-4b54-9be0-648009b118db,10000000,Groceries,Expenses:Alimentação:Delivery,7.95,BRL
705,0,2025-12-07,*,,PIX - RECEBIDO  07/12 19:51 07711710720 ROMULO REIS CA,,,pluggy-cb063b66-0624-43cb-8105-6ac67941736e,pluggy,25eb5f6d-2529-4377-8de5-e38160459cff,05070000,Transfer - PIX,Assets:Investment:BB:Cash,275,BRL
705,1,2025-12-07,*,,PIX - RECEBIDO  07/12 19:51 07711710720 ROMULO REIS CA,,,pluggy-cb063b66-0624-43cb-8105-6ac67941736e,pluggy,25eb5f6d-2529-4377-8de5-e38160459cff,05070000,Transfer - PIX,Equity:Transfers,-275,BRL
706,0,2025-12-07,*,,UBER * PENDING         SAO PAULO     BR,,,pluggy-57cbf07a-2e47-4383-b0d6-c92fb1fc601f,pluggy,987decad-afee-4c0e-950e-85c3006a4b2e,19010000,Taxi and ride-hailing,Liabilities:Credit:BB:Card:PlatinumVisa,-11.95,BRL
706,1,2025-12-07,*,,UBER * PENDING         SAO PAULO     BR,,,pluggy-57cbf07a-2e47-4383-b0d6-c92fb1fc601f,pluggy,987decad-afee-4c0e-950e-85c3006a4b2e,19010000,Taxi and ride-hailing,Expenses:Transporte:Uber,11.95,BRL
707,0,2025-12-07,*,,UBER *TRIP HELP.UBER.COSAO PAULO     BR,,,pluggy-4b3b6d74-929e-4270-8139-1b592873ca04,pluggy,987decad-afee-4c0e-950e-85c3006a4b2e,19010000,Taxi and ride-hailing,Liabilities:Credit:BB:Card:PlatinumVisa,-26.95,BRL
707,1,2025-12-07,*,,UBER *TRIP HELP.UBER.COSAO PAULO     BR,,,pluggy-4b3b6d74-929e-4270-8139-1b592873ca04,pluggy,987decad-afee-4c0e-950e-85c3006a4b2e,19010000,Taxi and ride-hailing,Expenses:Transporte:Uber,26.95,BRL
708,0,2025-12-07,*,,UBER * PENDING         SAO PAULO     BR,,,pluggy-436105ff-4f37-49b4-bdba-4ae236376c9e,pluggy,987decad-afee-4c0e-950e-85c3006a4b2e,19010000,Taxi and ride-hailing,Liabilities:Credit:BB:Card:PlatinumVisa,-46.98,BRL
708,1,2025-12-07,*,,UBER * PENDING         SAO PAULO     BR,,,pluggy-436105ff-4f37-49b4-bdba-4ae236376c9e,pluggy,987decad-afee-4c0e-950e-85c3006a4b2e,19010000,Taxi and ride-hailing,Expenses:Transporte:Uber,46.98,BRL
709,0,2025-12-07,*,,UBER *TRIP HELP.UBER.COSAO PAULO     BR,,,pluggy-352d981d-ebf6-4e59-bffa-8b9eeed11c00,pluggy,987decad-afee-4c0e-950e-85c3006a4b2e,19010000,Taxi and ride-hailing,Liabilities:Credit:BB:Card:PlatinumVisa,-5.74,BRL
709,1,2025-12-07,*,,UBER *TRIP HELP.UBER.COSAO PAULO     BR,,,pluggy-352d981d-ebf6-4e59-bffa-8b9eeed11c00,pluggy,987decad-afee-4c0e-950e-85c3006a4b2e,19010000,Taxi and ride-hailing,Expenses:Transporte:Uber,5.74,BRL
710,0,2025-12-08,*,,PIX - ENVIADO   08/12 14:35 TIM S A,,,pluggy-905c745d-597c-49b8-8c31-c6f1bc0b88c9,pluggy,25eb5f6d-2529-4377-8de5-e38160459cff,07010000,Telecommunications,Assets:Investment:BB:Cash,-123.65,BRL
710,1,2025-12-08,*,,PIX - ENVIADO   08/12 14:35 TIM S A,,,pluggy-905c745d-597c-49b8-8c31-c6f1bc0b88c9,pluggy,25eb5f6d-2529-4377-8de5-e38160459cff,07010000,Telecommunications,Expenses:Comunicacao:Telefone,123.65,BRL
711,0,2025-12-08,*,,DROGARIA VENANCIO      RIO DE JANEIR BR,,,pluggy-436978b5-9935-4ddb-a5a2-31067db2964e,pluggy,987decad-afee-4c0e-950e-85c3006a4b2e,18020000,Pharmacy,Liabilities:Credit:BB:Card:PlatinumVisa,-291.81,BRL
711,1,2025-12-08,*,,DROGARIA VENANCIO      RIO DE JANEIR BR,,,pluggy-436978b5-9935-4ddb-a5a2-31067db2964e,pluggy,987decad-afee-4c0e-950e-85c3006a4b2e,18020000,Pharmacy,Expenses:Saude:Farmacia,291.81,BRL
712,0,2025-12-09,*,,REAJ.MON. BC,,,pluggy-7910c11f-223d-483a-9e51-bf0721a9dcb3,pluggy,3d0492b4-0d84-49c0-9945-e3e9adc34d51,06010000,Blocked balances,Assets:Investment:BB:Savings,3.47,BRL
712,1,2025-12-09,*,,REAJ.MON. BC,,,pluggy-7910c11f-223d-483a-9e51-bf0721a9dcb3,pluggy,3d0492b4-0d84-49c0-9945-e3e9adc34d51,06010000,Blocked balances,Income:Investment:Interest,-3.47,BRL
713,0,2025-12-09,*,,JUROS,,,pluggy-32c02c5a-c796-41c7-b6c0-ee4576384e72,pluggy,3d0492b4-0d84-49c0-9945-e3e9adc34d51,02020000,Interests charged,Assets:Investment:BB:Savings,10.08,BRL
713,1,2025-12-09,*,,JUROS,,,pluggy-32c02c5a-c796-41c7-b6c0-ee4576384e72,pluggy,3d0492b4-0d84-49c0-9945-e3e9adc34d51,02020000,Interests charged,Income:Investment:Interest,-10.08,BRL
714,0,2025-12-09,*,,PAGAMENTO DE RESGATE DE RENDA VARIÁVEL BRIRDMCTF004,,,pluggy-17be1647-c763-4489-b0b0-26822c216017,pluggy,e4d40b2d-f720-4570-8fb6-89c9a12e1e2f,03000000,Investments,Assets:Investment:XP:Cash,17.84,BRL
714,1,2025-12-09,*,,PAGAMENTO DE RESGATE DE RENDA VARIÁVEL BRIRDMCTF004,,,pluggy-17be1647-c763-4489-b0b0-26822c216017,pluggy,e4d40b2d-f720-4570-8fb6-89c9a12e1e2f,03000000,Investments,Assets:TODO,-17.84,BRL
715,0,2025-12-09,*,,PAGAMENTO DE RESGATE DE RENDA VARIÁVEL BRIRDMCTF004,,,pluggy-95b8f4f7-af96-4f9a-8dee-d59977f39901,pluggy,ffd6004e-1066-4c1c-9ece-826c45ffda7d,03000000,Investments,Assets:Investment:XP:Cash,17.84,BRL
715,1,2025-12-09,*,,PAGAMENTO DE RESGATE DE RENDA VARIÁVEL BRIRDMCTF004,,,pluggy-95b8f4f7-af96-4f9a-8dee-d59977f39901,pluggy,ffd6004e-1066-4c1c-9ece-826c45ffda7d,03000000,Investments,Assets:TODO,-17.84,BRL
716,0,2025-12-09,*,,LINKEDIN               SAO PAULO     BR,,,pluggy-79b1575e-2c0f-40d7-a858-6e90ec6e6bab,pluggy,987decad-afee-4c0e-950e-85c3006a4b2e,09000000,Digital services,Liabilities:Credit:BB:Card:PlatinumVisa,-69.99,BRL
716,1,2025-12-09,*,,LINKEDIN               SAO PAULO     BR,,,pluggy-79b1575e-2c0f-40d7-a858-6e90ec6e6bab,pluggy,987decad-afee-4c0e-950e-85c3006a4b2e,09000000,Digital services,Expenses:Mensalidades:Outras,69.99,BRL
717,0,2025-12-09,*,,Wellhub Gympass BR GympSao Paulo     BR,,,pluggy-3422b91e-08cc-4c25-b3c8-e84c0658a7c9,pluggy,987decad-afee-4c0e-950e-85c3006a4b2e,07030001,Gyms and fitness centers,Liabilities:Credit:BB:Card:PlatinumVisa,-61.83,BRL
717,1,2025-12-09,*,,Wellhub Gympass BR GympSao Paulo     BR,,,pluggy-3422b91e-08cc-4c25-b3c8-e84c0658a7c9,pluggy,987decad-afee-4c0e-950e-85c3006a4b2e,07030001,Gyms and fitness centers,Expenses:Saude:Academia,61.83,BRL
718,0,2025-12-10,*,,PLANEJADA,,,pluggy-f092434c-25fd-4168-8163-3cb7bf525e15,pluggy,3d0492b4-0d84-49c0-9945-e3e9adc34d51,03000000,Investments,Assets:Investment:BB:Savings,2000,BRL
718,1,2025-12-10,*,,PLANEJADA,,,pluggy-f092434c-25fd-4168-8163-3cb7bf525e15,pluggy,3d0492b4-0d84-49c0-9945-e3e9adc34d51,03000000,Investments,Assets:Investment:BB:Cash,-2000,BRL
719,0,2025-12-10,*,,PGTO DEBITO CONTA 3836 000000008  200211,,,pluggy-d835ce5c-6ff4-4c5d-8575-6e313626f7bc,pluggy,75f30132-31a8-4b54-9be0-648009b118db,05060000,Transfer - Internal,Liabilities:Credit:BB:Card:EloGrafite,295.82,BRL
719,1,2025-12-10,*,,PGTO DEBITO CONTA 3836 000000008  200211,,,pluggy-d835ce5c-6ff4-4c5d-8575-6e313626f7bc,pluggy,75f30132-31a8-4b54-9be0-648009b118db,05060000,Transfer - Internal,Assets:Investment:BB:Cash,-295.82,BRL
720,0,2025-12-10,*,,TRANSF ENVIADA  15/11 GABRIEL BARROS RODRIGUES,,,pluggy-68dca4a9-2f85-4fc1-9e63-cb436403a60e,pluggy,25eb5f6d-2529-4377-8de5-e38160459cff,04000000,Same person transfer,Assets:Investment:BB:Cash,-2000,BRL
720,1,2025-12-10,*,,TRANSF ENVIADA  15/11 GABRIEL BARROS RODRIGUES,,,pluggy-68dca4a9-2f85-4fc1-9e63-cb436403a60e,pluggy,25eb5f6d-2529-4377-8de5-e38160459cff,04000000,Same person transfer,Assets:Investment:BB:Savings,2000,BRL
721,0,2025-12-10,*,,PROVENTOS       33.000.167/0001-01 PETROLEO BRASILEIRO,,,pluggy-37a957f6-8c2b-4927-927f-a78680d6201b,pluggy,25eb5f6d-2529-4377-8de5-e38160459cff,03060000,Proceeds interests and dividends,Assets:Investment:BB:Cash,4084.48,BRL
721,1,2025-12-10,*,,PROVENTOS       33.000.167/0001-01 PETROLEO BRASILEIRO,,,pluggy-37a957f6-8c2b-4927-927f-a78680d6201b,pluggy,25eb5f6d-2529-4377-8de5-e38160459cff,03060000,Proceeds interests and dividends,Income:Salario,-4084.48,BRL
722,0,2025-12-10,*,,PGTO DEBITO CONTA 3836 000009800  200211,,,pluggy-9af91e2a-5d02-4b7d-8e26-2886db811850,pluggy,987decad-afee-4c0e-950e-85c3006a4b2e,05060000,Transfer - Internal,Liabilities:Credit:BB:Card:PlatinumVisa,1359.67,BRL
722,1,2025-12-10,*,,PGTO DEBITO CONTA 3836 000009800  200211,,,pluggy-9af91e2a-5d02-4b7d-8e26-2886db811850,pluggy,987decad-afee-4c0e-950e-85c3006a4b2e,05060000,Transfer - Internal,Assets:Investment:BB:Cash,-1359.67,BRL
723,0,2025-12-10,*,,METRO RJ               RIO DE JANEIR BR,,,pluggy-7b68d1df-ae14-4fba-a8c7-894dd5d28fc1,pluggy,987decad-afee-4c0e-950e-85c3006a4b2e,19020000,Public transportation,Liabilities:Credit:BB:Card:PlatinumVisa,-15.8,BRL
723,1,2025-12-10,*,,METRO RJ               RIO DE JANEIR BR,,,pluggy-7b68d1df-ae14-4fba-a8c7-894dd5d28fc1,pluggy,987decad-afee-4c0e-950e-85c3006a4b2e,19020000,Public transportation,Expenses:Transporte:TransportePublico,15.8,BRL
724,0,2025-12-10,*,,CacauShow              itapevi       BR,,,pluggy-37ea9359-a68a-48b8-8eaf-2cc567dae59b,pluggy,987decad-afee-4c0e-950e-85c3006a4b2e,10000000,Groceries,Liabilities:Credit:BB:Card:PlatinumVisa,-92.98,BRL
724,1,2025-12-10,*,,CacauShow              itapevi       BR,,,pluggy-37ea9359-a68a-48b8-8eaf-2cc567dae59b,pluggy,987decad-afee-4c0e-950e-85c3006a4b2e,10000000,Groceries,Expenses:Alimentação:Restaurante,92.98,BRL
725,0,2025-12-11,*,,JUROS S/ CAPITAL DE CLIENTES BBAS3 S/            700,,,pluggy-60bd3223-fd13-491b-aa05-8e2d2bd15459,pluggy,e4d40b2d-f720-4570-8fb6-89c9a12e1e2f,02020000,Interests charged,Assets:Investment:XP:Cash,42.79,BRL
725,1,2025-12-11,*,,JUROS S/ CAPITAL DE CLIENTES BBAS3 S/            700,,,pluggy-60bd3223-fd13-491b-aa05-8e2d2bd15459,pluggy,e4d40b2d-f720-4570-8fb6-89c9a12e1e2f,02020000,Interests charged,Income:Investment:XP:JCP,-42.79,BRL
726,0,2025-12-11,*,,JUROS S/ CAPITAL DE CLIENTES BBAS3 S/            700,,,pluggy-069d123c-a808-4031-81eb-7475a1da06b5,pluggy,ffd6004e-1066-4c1c-9ece-826c45ffda7d,02020000,Interests charged,Assets:Investment:XP:Cash,42.79,BRL
726,1,2025-12-11,*,,JUROS S/ CAPITAL DE CLIENTES BBAS3 S/            700,,,pluggy-069d123c-a808-4031-81eb-7475a1da06b5,pluggy,ffd6004e-1066-4c1c-9ece-826c45ffda7d,02020000,Interests charged,Income:Investment:XP:JCP,-42.79,BRL
727,0,2025-12-11,*,,ASSADOR RIOS           RIO DE JANEIR BR,,,pluggy-7716a375-34bf-48a7-8173-454b38b9b325,pluggy,75f30132-31a8-4b54-9be0-648009b118db,10000000,Groceries,Liabilities:Credit:BB:Card:EloGrafite,-763.88,BRL
727,1,2025-12-11,*,,ASSADOR RIOS           RIO DE JANEIR BR,,,pluggy-7716a375-34bf-48a7-8173-454b38b9b325,pluggy,75f30132-31a8-4b54-9be0-648009b118db,10000000,Groceries,Expenses:Alimentação:Restaurante,763.88,BRL
728,0,2025-12-11,*,,RECEB FORNEC    39.427.632/0001-71 ASSOCIACAO PETROBRA,,,pluggy-8b55126f-ec0a-44ae-9c48-acf22f9c267c,pluggy,25eb5f6d-2529-4377-8de5-e38160459cff,01000000,Income,Assets:Investment:BB:Cash,122,BRL
728,1,2025-12-11,*,,RECEB FORNEC    39.427.632/0001-71 ASSOCIACAO PETROBRA,,,pluggy-8b55126f-ec0a-44ae-9c48-acf22f9c267c,pluggy,25eb5f6d-2529-4377-8de5-e38160459cff,01000000,Income,Income:Reembolso,-122,BRL
729,0,2025-12-11,*,,PGTO CARTAO     ELO GRAFITE ESTILO,,,pluggy-934fe6b4-36e9-4923-860f-272c9e759725,pluggy,25eb5f6d-2529-4377-8de5-e38160459cff,05100000,Credit card payment,Assets:Investment:BB:Cash,-295.82,BRL
729,1,2025-12-11,*,,PGTO CARTAO     ELO GRAFITE ESTILO,,,pluggy-934fe6b4-36e9-4923-860f-272c9e759725,pluggy,25eb5f6d-2529-4377-8de5-e38160459cff,05100000,Credit card payment,Liabilities:Credit:BB:Card:EloGrafite,295.82,BRL
730,0,2025-12-11,*,,PGTO CARTAO     PLATINUM ESTILO VISA,,,pluggy-0e3b5dea-09c6-4c59-a9d8-6566353b100e,pluggy,25eb5f6d-2529-4377-8de5-e38160459cff,05100000,Credit card payment,Assets:Investment:BB:Cash,-1359.67,BRL
730,1,2025-12-11,*,,PGTO CARTAO     PLATINUM ESTILO VISA,,,pluggy-0e3b5dea-09c6-4c59-a9d8-6566353b100e,pluggy,25eb5f6d-2529-4377-8de5-e38160459cff,05100000,Credit card payment,Liabilities:Credit:BB:Card:PlatinumVisa,1359.67,BRL
731,0,2025-12-11,*,,UBER * PENDING         SAO PAULO     BR,,,pluggy-a09c120b-8107-4919-9940-82851f4ab843,pluggy,987decad-afee-4c0e-950e-85c3006a4b2e,19010000,Taxi and ride-hailing,Liabilities:Credit:BB:Card:PlatinumVisa,-23.96,BRL
731,1,2025-12-11,*,,UBER * PENDING         SAO PAULO     BR,,,pluggy-a09c120b-8107-4919-9940-82851f4ab843,pluggy,987decad-afee-4c0e-950e-85c3006a4b2e,19010000,Taxi and ride-hailing,Expenses:Transporte:Uber,23.96,BRL
732,0,2025-12-11,*,,MERCADOLIVRE*LUIZ      FERRAZ DE VAS BR,,,pluggy-2b5eb8d0-bad0-4823-be9b-4c80d2c71376,pluggy,987decad-afee-4c0e-950e-85c3006a4b2e,08060000,Bookstore,Liabilities:Credit:BB:Card:PlatinumVisa,-70.59,BRL
732,1,2025-12-11,*,,MERCADOLIVRE*LUIZ      FERRAZ DE VAS BR,,,pluggy-2b5eb8d0-bad0-4823-be9b-4c80d2c71376,pluggy,987decad-afee-4c0e-950e-85c3006a4b2e,08060000,Bookstore,Expenses:Geral,70.59,BRL
733,0,2025-12-11,*,,UBER * PENDING         SAO PAULO     BR,,,pluggy-2807c0c6-4023-4a08-a2a0-2012230711c0,pluggy,987decad-afee-4c0e-950e-85c3006a4b2e,19010000,Taxi and ride-hailing,Liabilities:Credit:BB:Card:PlatinumVisa,-19.84,BRL
733,1,2025-12-11,*,,UBER * PENDING         SAO PAULO     BR,,,pluggy-2807c0c6-4023-4a08-a2a0-2012230711c0,pluggy,987decad-afee-4c0e-950e-85c3006a4b2e,19010000,Taxi and ride-hailing,Expenses:Transporte:Uber,19.84,BRL
734,0,2025-12-12,*,,DIVIDENDOS DE CLIENTES WEGE3 S/            800,,,pluggy-fd774a57-e9f3-45e5-a36c-017891f72b71,pluggy,e4d40b2d-f720-4570-8fb6-89c9a12e1e2f,03060000,Proceeds interests and dividends,Assets:Investment:XP:Cash,273.36,BRL
734,1,2025-12-12,*,,DIVIDENDOS DE CLIENTES WEGE3 S/            800,,,pluggy-fd774a57-e9f3-45e5-a36c-017891f72b71,pluggy,e4d40b2d-f720-4570-8fb6-89c9a12e1e2f,03060000,Proceeds interests and dividends,Income:Investment:XP:Dividend,-273.36,BRL
735,0,2025-12-12,*,,RENDIMENTOS DE CLIENTES HGRU11 S/            129,,,pluggy-f5cad5c2-9d97-43f0-bdab-d4c1d063a57b,pluggy,e4d40b2d-f720-4570-8fb6-89c9a12e1e2f,03060000,Proceeds interests and dividends,Assets:Investment:XP:Cash,122.55,BRL
735,1,2025-12-12,*,,RENDIMENTOS DE CLIENTES HGRU11 S/            129,,,pluggy-f5cad5c2-9d97-43f0-bdab-d4c1d063a57b,pluggy,e4d40b2d-f720-4570-8fb6-89c9a12e1e2f,03060000,Proceeds interests and dividends,Income:Investment:XP:Rendimento,-122.55,BRL
736,0,2025-12-12,*,,DIVIDENDOS DE CLIENTES WEGE3 S/            800,,,pluggy-f44dd948-37e4-472c-b571-2ec9c44cfb11,pluggy,ffd6004e-1066-4c1c-9ece-826c45ffda7d,03060000,Proceeds interests and dividends,Assets:Investment:XP:Cash,273.36,BRL
736,1,2025-12-12,*,,DIVIDENDOS DE CLIENTES WEGE3 S/            800,,,pluggy-f44dd948-37e4-472c-b571-2ec9c44cfb11,pluggy,ffd6004e-1066-4c1c-9ece-826c45ffda7d,03060000,Proceeds interests and dividends,Income:Investment:XP:Dividend,-273.36,BRL
737,0,2025-12-12,*,,RENDIMENTOS DE CLIENTES PMLL11 S/            153,,,pluggy-bab51e49-9eb2-4534-8324-6671704bb707,pluggy,e4d40b2d-f720-4570-8fb6-89c9a12e1e2f,03060000,Proceeds interests and dividends,Assets:Investment:XP:Cash,131.58,BRL
737,1,2025-12-12,*,,RENDIMENTOS DE CLIENTES PMLL11 S/            153,,,pluggy-bab51e49-9eb2-4534-8324-6671704bb707,pluggy,e4d40b2d-f720-4570-8fb6-89c9a12e1e2f,03060000,Proceeds interests and dividends,Income:Investment:XP:Rendimento,-131.58,BRL
738,0,2025-12-12,*,,RENDIMENTOS DE CLIENTES HGLG11 S/             99,,,pluggy-dae4bc75-d691-44b6-ba94-6e8e43231623,pluggy,ffd6004e-1066-4c1c-9ece-826c45ffda7d,19010000,Taxi and ride-hailing,Assets:Investment:XP:Cash,108.9,BRL
738,1,2025-12-12,*,,RENDIMENTOS DE CLIENTES HGLG11 S/             99,,,pluggy-dae4bc75-d691-44b6-ba94-6e8e43231623,pluggy,ffd6004e-1066-4c1c-9ece-826c45ffda7d,19010000,Taxi and ride-hailing,Income:Investment:XP:Rendimento,-108.9,BRL
739,0,2025-12-12,*,,RENDIMENTOS DE CLIENTES HGLG11 S/             99,,,pluggy-aa07093f-8ffa-4112-b5ef-ca4d7c0b3800,pluggy,e4d40b2d-f720-4570-8fb6-89c9a12e1e2f,19010000,Taxi and ride-hailing,Assets:Investment:XP:Cash,108.9,BRL
739,1,2025-12-12,*,,RENDIMENTOS DE CLIENTES HGLG11 S/             99,,,pluggy-aa07093f-8ffa-4112-b5ef-ca4d7c0b3800,pluggy,e4d40b2d-f720-4570-8fb6-89c9a12e1e2f,19010000,Taxi and ride-hailing,Income:Investment:XP:Rendimento,-108.9,BRL
740,0,2025-12-12,*,,JUROS S/ CAPITAL DE CLIENTES WEGE3 S/            800,,,pluggy-b57d89df-927f-485a-a35a-a05ef985828d,pluggy,ffd6004e-1066-4c1c-9ece-826c45ffda7d,02020000,Interests charged,Assets:Investment:XP:Cash,75.68,BRL
740,1,2025-12-12,*,,JUROS S/ CAPITAL DE CLIENTES WEGE3 S/            800,,,pluggy-b57d89df-927f-485a-a35a-a05ef985828d,pluggy,ffd6004e-1066-4c1c-9ece-826c45ffda7d,02020000,Interests charged,Income:Investment:XP:JCP,-75.68,BRL
741,0,2025-12-12,*,,JUROS S/ CAPITAL DE CLIENTES WEGE3 S/            800,,,pluggy-a6a9a69f-2c4e-4253-88d8-791d7214c656,pluggy,e4d40b2d-f720-4570-8fb6-89c9a12e1e2f,02020000,Interests charged,Assets:Investment:XP:Cash,74.96,BRL
741,1,2025-12-12,*,,JUROS S/ CAPITAL DE CLIENTES WEGE3 S/            800,,,pluggy-a6a9a69f-2c4e-4253-88d8-791d7214c656,pluggy,e4d40b2d-f720-4570-8fb6-89c9a12e1e2f,02020000,Interests charged,Income:Investment:XP:JCP,-74.96,BRL
742,0,2025-12-12,*,,JUROS S/ CAPITAL DE CLIENTES WEGE3 S/            800,,,pluggy-a6846874-5715-4a82-9ac7-3d5b1ffdec21,pluggy,ffd6004e-1066-4c1c-9ece-826c45ffda7d,02020000,Interests charged,Assets:Investment:XP:Cash,74.96,BRL
742,1,2025-12-12,*,,JUROS S/ CAPITAL DE CLIENTES WEGE3 S/            800,,,pluggy-a6846874-5715-4a82-9ac7-3d5b1ffdec21,pluggy,ffd6004e-1066-4c1c-9ece-826c45ffda7d,02020000,Interests charged,Income:Investment:XP:JCP,-74.96,BRL
743,0,2025-12-12,*,,JUROS S/ CAPITAL DE CLIENTES WEGE3 S/            800,,,pluggy-59597839-d468-4424-aa16-238d80c1f642,pluggy,e4d40b2d-f720-4570-8fb6-89c9a12e1e2f,02020000,Interests charged,Assets:Investment:XP:Cash,75.68,BRL
743,1,2025-12-12,*,,JUROS S/ CAPITAL DE CLIENTES WEGE3 S/            800,,,pluggy-59597839-d468-4424-aa16-238d80c1f642,pluggy,e4d40b2d-f720-4570-8fb6-89c9a12e1e2f,02020000,Interests charged,Income:Investment:XP:JCP,-75.68,BRL
744,0,2025-12-12,*,,JUROS S/ CAPITAL DE CLIENTES BBAS3 S/            700,,,pluggy-95d0189f-5f1a-450c-89cd-733635f43935,pluggy,ffd6004e-1066-4c1c-9ece-826c45ffda7d,02020000,Interests charged,Assets:Investment:XP:Cash,27.27,BRL
744,1,2025-12-12,*,,JUROS S/ CAPITAL DE CLIENTES BBAS3 S/            700,,,pluggy-95d0189f-5f1a-450c-89cd-733635f43935,pluggy,ffd6004e-1066-4c1c-9ece-826c45ffda7d,02020000,Interests charged,Income:Investment:XP:JCP,-27.27,BRL
745,0,2025-12-12,*,,JUROS S/ CAPITAL DE CLIENTES BBAS3 S/            700,,,pluggy-1df803fa-789e-426d-b264-0c8dbf0ed333,pluggy,e4d40b2d-f720-4570-8fb6-89c9a12e1e2f,02020000,Interests charged,Assets:Investment:XP:Cash,27.27,BRL
745,1,2025-12-12,*,,JUROS S/ CAPITAL DE CLIENTES BBAS3 S/            700,,,pluggy-1df803fa-789e-426d-b264-0c8dbf0ed333,pluggy,e4d40b2d-f720-4570-8fb6-89c9a12e1e2f,02020000,Interests charged,Income:Investment:XP:JCP,-27.27,BRL
746,0,2025-12-12,*,,RENDIMENTOS DE CLIENTES HGRU11 S/            129,,,pluggy-921ce6c9-1087-463c-a9d2-5e25d4e163c6,pluggy,ffd6004e-1066-4c1c-9ece-826c45ffda7d,03060000,Proceeds interests and dividends,Assets:Investment:XP:Cash,122.55,BRL
746,1,2025-12-12,*,,RENDIMENTOS DE CLIENTES HGRU11 S/            129,,,pluggy-921ce6c9-1087-463c-a9d2-5e25d4e163c6,pluggy,ffd6004e-1066-4c1c-9ece-826c45ffda7d,03060000,Proceeds interests and dividends,Income:Investment:XP:Rendimento,-122.55,BRL
747,0,2025-12-12,*,,RENDIMENTOS DE CLIENTES PMLL11 S/            153,,,pluggy-292c883a-695e-48f8-a183-4c2eaf16b52f,pluggy,ffd6004e-1066-4c1c-9ece-826c45ffda7d,03060000,Proceeds interests and dividends,Assets:Investment:XP:Cash,131.58,BRL
747,1,2025-12-12,*,,RENDIMENTOS DE CLIENTES PMLL11 S/            153,,,pluggy-292c883a-695e-48f8-a183-4c2eaf16b52f,pluggy,ffd6004e-1066-4c1c-9ece-826c45ffda7d,03060000,Proceeds interests and dividends,Income:Investment:XP:Rendimento,-131.58,BRL
748,0,2025-12-12,*,,DROGARIA VENANCIO      RIO DE JANEIR BR,,,pluggy-2c5b8de8-a6d1-4800-a4cc-fe6af93fb90b,pluggy,75f30132-31a8-4b54-9be0-648009b118db,18020000,Pharmacy,Liabilities:Credit:BB:Card:EloGrafite,-85.9,BRL
748,1,2025-12-12,*,,DROGARIA VENANCIO      RIO DE JANEIR BR,,,pluggy-2c5b8de8-a6d1-4800-a4cc-fe6af93fb90b,pluggy,75f30132-31a8-4b54-9be0-648009b118db,18020000,Pharmacy,Expenses:Saude:Farmacia,85.9,BRL
749,0,2025-12-12,*,,LEDOUX                 RIO DE JANEIR BR,,,pluggy-1468a7bf-b1f1-41a2-bd7e-cfb735b2468d,pluggy,75f30132-31a8-4b54-9be0-648009b118db,11010000,Eating out,Liabilities:Credit:BB:Card:EloGrafite,-65.06,BRL
749,1,2025-12-12,*,,LEDOUX                 RIO DE JANEIR BR,,,pluggy-1468a7bf-b1f1-41a2-bd7e-cfb735b2468d,pluggy,75f30132-31a8-4b54-9be0-648009b118db,11010000,Eating out,Expenses:Alimentação:Restaurante,65.06,BRL
750,0,2025-12-12,*,,PIX - ENVIADO   12/12 20:29 FISIOSTORE,,,pluggy-3aa07958-fc23-4f00-a16c-e54280530576,pluggy,25eb5f6d-2529-4377-8de5-e38160459cff,05070000,Transfer - PIX,Assets:Investment:BB:Cash,-118.43,BRL
750,1,2025-12-12,*,,PIX - ENVIADO   12/12 20:29 FISIOSTORE,,,pluggy-3aa07958-fc23-4f00-a16c-e54280530576,pluggy,25eb5f6d-2529-4377-8de5-e38160459cff,05070000,Transfer - PIX,Expenses:Geral,118.43,BRL
751,0,2025-12-12,*,,PIX - RECEBIDO  12/12 15:04 11734843705 Fernanda Melo,,,pluggy-67fb6ba2-69e0-4f7d-8fca-df60d61ef510,pluggy,25eb5f6d-2529-4377-8de5-e38160459cff,05070000,Transfer - PIX,Assets:Investment:BB:Cash,10,BRL
751,1,2025-12-12,*,,PIX - RECEBIDO  12/12 15:04 11734843705 Fernanda Melo,,,pluggy-67fb6ba2-69e0-4f7d-8fca-df60d61ef510,pluggy,25eb5f6d-2529-4377-8de5-e38160459cff,05070000,Transfer - PIX,Equity:Transfers,-10,BRL
752,0,2025-12-12,*,,PIX - ENVIADO   12/12 14:34 LEONARDO MELO DA SILVA,,,pluggy-2a8a647b-26be-4863-8861-3fe14816fb49,pluggy,25eb5f6d-2529-4377-8de5-e38160459cff,05070000,Transfer - PIX,Assets:Investment:BB:Cash,-30,BRL
752,1,2025-12-12,*,,PIX - ENVIADO   12/12 14:34 LEONARDO MELO DA SILVA,,,pluggy-2a8a647b-26be-4863-8861-3fe14816fb49,pluggy,25eb5f6d-2529-4377-8de5-e38160459cff,05070000,Transfer - PIX,Expenses:Geral,30,BRL
753,0,2025-12-12,*,,PIX OFB ENVIO   12/12 11:53 VITORIO ESPOSITO,,,pluggy-d68d9b2c-cc58-4537-b7ec-44359873a1b2,pluggy,25eb5f6d-2529-4377-8de5-e38160459cff,05070000,Transfer - PIX,Assets:Investment:BB:Cash,-45,BRL
753,1,2025-12-12,*,,PIX OFB ENVIO   12/12 11:53 VITORIO ESPOSITO,,,pluggy-d68d9b2c-cc58-4537-b7ec-44359873a1b2,pluggy,25eb5f6d-2529-4377-8de5-e38160459cff,05070000,Transfer - PIX,Expenses:Pessoal:Cabeleireiro,45,BRL
754,0,2025-12-12,*,,UBER * PENDING         SAO PAULO     BR,,,pluggy-abd847ba-f63f-4f1a-a3a4-3473219fd005,pluggy,987decad-afee-4c0e-950e-85c3006a4b2e,19010000,Taxi and ride-hailing,Liabilities:Credit:BB:Card:PlatinumVisa,-12.94,BRL
754,1,2025-12-12,*,,UBER * PENDING         SAO PAULO     BR,,,pluggy-abd847ba-f63f-4f1a-a3a4-3473219fd005,pluggy,987decad-afee-4c0e-950e-85c3006a4b2e,19010000,Taxi and ride-hailing,Expenses:Transporte:Uber,12.94,BRL
755,0,2025-12-12,*,,Google One             SAO PAULO     BR,,,pluggy-88aca299-c8b0-43cc-bd23-3b533e2ee42f,pluggy,987decad-afee-4c0e-950e-85c3006a4b2e,07010001,Internet,Liabilities:Credit:BB:Card:PlatinumVisa,-4.5,BRL
755,1,2025-12-12,*,,Google One             SAO PAULO     BR,,,pluggy-88aca299-c8b0-43cc-bd23-3b533e2ee42f,pluggy,987decad-afee-4c0e-950e-85c3006a4b2e,07010001,Internet,Expenses:Mensalidades:Outras,4.5,BRL
756,0,2025-12-12,*,,HNA*O BOTICARIO        REGISTRO      BR,,,pluggy-41f73ad5-49aa-4cfe-b69b-b7006b244b99,pluggy,987decad-afee-4c0e-950e-85c3006a4b2e,03000000,Investments,Liabilities:Credit:BB:Card:PlatinumVisa,-49.9,BRL
756,1,2025-12-12,*,,HNA*O BOTICARIO        REGISTRO      BR,,,pluggy-41f73ad5-49aa-4cfe-b69b-b7006b244b99,pluggy,987decad-afee-4c0e-950e-85c3006a4b2e,03000000,Investments,Expenses:Pessoal:Compras,49.9,BRL
757,0,2025-12-13,*,,PIX - ENVIADO   13/12 16:20 Juliana Cavalcante Garcia,,,pluggy-53a554ad-7abc-4a9b-aeca-bf3417938108,pluggy,25eb5f6d-2529-4377-8de5-e38160459cff,05070000,Transfer - PIX,Assets:Investment:BB:Cash,-15,BRL
757,1,2025-12-13,*,,PIX - ENVIADO   13/12 16:20 Juliana Cavalcante Garcia,,,pluggy-53a554ad-7abc-4a9b-aeca-bf3417938108,pluggy,25eb5f6d-2529-4377-8de5-e38160459cff,05070000,Transfer - PIX,Expenses:Geral,15,BRL
758,0,2025-12-14,*,,UBER * PENDING         SAO PAULO     BR,,,pluggy-7a1d0c10-4593-4548-be1c-10a05b6de169,pluggy,987decad-afee-4c0e-950e-85c3006a4b2e,19010000,Taxi and ride-hailing,Liabilities:Credit:BB:Card:PlatinumVisa,-19.94,BRL
758,1,2025-12-14,*,,UBER * PENDING         SAO PAULO     BR,,,pluggy-7a1d0c10-4593-4548-be1c-10a05b6de169,pluggy,987decad-afee-4c0e-950e-85c3006a4b2e,19010000,Taxi and ride-hailing,Expenses:Transporte:Uber,19.94,BRL
759,0,2025-12-14,*,,HTM*receitasnaturai    Itaocara      BR,,,pluggy-9c056909-43bc-49ea-83c0-067a86000f4a,pluggy,987decad-afee-4c0e-950e-85c3006a4b2e,07020000,Education,Liabilities:Credit:BB:Card:PlatinumVisa,-37,BRL
759,1,2025-12-14,*,,HTM*receitasnaturai    Itaocara      BR,,,pluggy-9c056909-43bc-49ea-83c0-067a86000f4a,pluggy,987decad-afee-4c0e-950e-85c3006a4b2e,07020000,Education,Expenses:Geral,37,BRL
760,0,2025-12-14,*,,UBER *TRIP HELP.UBER.COSAO PAULO     BR,,,pluggy-4f3274c1-482c-4075-9d69-6f689bb8199b,pluggy,987decad-afee-4c0e-950e-85c3006a4b2e,19010000,Taxi and ride-hailing,Liabilities:Credit:BB:Card:PlatinumVisa,-75.96,BRL
760,1,2025-12-14,*,,UBER *TRIP HELP.UBER.COSAO PAULO     BR,,,pluggy-4f3274c1-482c-4075-9d69-6f689bb8199b,pluggy,987decad-afee-4c0e-950e-85c3006a4b2e,19010000,Taxi and ride-hailing,Expenses:Transporte:Uber,75.96,BRL
761,0,2025-12-15,*,,PIX - ENVIADO   15/12 18:00 ANA CAROLINA DE ABREU ESC,,,pluggy-d7b40bf3-5e69-48a4-876f-816560af3682,pluggy,25eb5f6d-2529-4377-8de5-e38160459cff,05070000,Transfer - PIX,Assets:Investment:BB:Cash,-450,BRL
761,1,2025-12-15,*,,PIX - ENVIADO   15/12 18:00 ANA CAROLINA DE ABREU ESC,,,pluggy-d7b40bf3-5e69-48a4-876f-816560af3682,pluggy,25eb5f6d-2529-4377-8de5-e38160459cff,05070000,Transfer - PIX,Expenses:Geral:Caol,450,BRL
762,0,2025-12-15,*,,PIX - RECEBIDO  15/12 11:12 00015585324713 RAFAEL BARR,,,pluggy-2a90493c-c676-428a-bc8d-4f51985e56d5,pluggy,25eb5f6d-2529-4377-8de5-e38160459cff,05070000,Transfer - PIX,Assets:Investment:BB:Cash,3000,BRL
762,1,2025-12-15,*,,PIX - RECEBIDO  15/12 11:12 00015585324713 RAFAEL BARR,,,pluggy-2a90493c-c676-428a-bc8d-4f51985e56d5,pluggy,25eb5f6d-2529-4377-8de5-e38160459cff,05070000,Transfer - PIX,Equity:Transfers,-3000,BRL
763,0,2025-12-15,*,,DROGARIA VENANCIO      RIO DE JANEIR BR,,,pluggy-9819788a-d733-4213-9a63-3675c253dfe2,pluggy,987decad-afee-4c0e-950e-85c3006a4b2e,18020000,Pharmacy,Liabilities:Credit:BB:Card:PlatinumVisa,-50.77,BRL
763,1,2025-12-15,*,,DROGARIA VENANCIO      RIO DE JANEIR BR,,,pluggy-9819788a-d733-4213-9a63-3675c253dfe2,pluggy,987decad-afee-4c0e-950e-85c3006a4b2e,18020000,Pharmacy,Expenses:Saude:Farmacia,50.77,BRL
764,0,2025-12-15,*,,UBER *TRIP HELP.UBER.COSAO PAULO     BR,,,pluggy-8551785b-72bb-4a30-90cc-a69719367b0e,pluggy,987decad-afee-4c0e-950e-85c3006a4b2e,19010000,Taxi and ride-hailing,Liabilities:Credit:BB:Card:PlatinumVisa,-24.56,BRL
764,1,2025-12-15,*,,UBER *TRIP HELP.UBER.COSAO PAULO     BR,,,pluggy-8551785b-72bb-4a30-90cc-a69719367b0e,pluggy,987decad-afee-4c0e-950e-85c3006a4b2e,19010000,Taxi and ride-hailing,Expenses:Transporte:Uber,24.56,BRL
765,0,2025-12-15,*,,VET CARE COMERCIO VARE RIO DE JANEIR BR,,,pluggy-9c467608-438d-4390-90c3-d69b5626408e,pluggy,987decad-afee-4c0e-950e-85c3006a4b2e,18020000,Pharmacy,Liabilities:Credit:BB:Card:PlatinumVisa,-130,BRL
765,1,2025-12-15,*,,VET CARE COMERCIO VARE RIO DE JANEIR BR,,,pluggy-9c467608-438d-4390-90c3-d69b5626408e,pluggy,987decad-afee-4c0e-950e-85c3006a4b2e,18020000,Pharmacy,Expenses:Pet:Veterinario,130,BRL
766,0,2025-12-15,*,,GRG*CLINICAVETERINARIA RIO DE JANEIR BR,,,pluggy-4368eb0a-c605-410f-9ecc-59157369b8d3,pluggy,987decad-afee-4c0e-950e-85c3006a4b2e,08030000,Pet supplies and vet,Liabilities:Credit:BB:Card:PlatinumVisa,-280,BRL
766,1,2025-12-15,*,,GRG*CLINICAVETERINARIA RIO DE JANEIR BR,,,pluggy-4368eb0a-c605-410f-9ecc-59157369b8d3,pluggy,987decad-afee-4c0e-950e-85c3006a4b2e,08030000,Pet supplies and vet,Expenses:Pet:Veterinario,280,BRL
767,0,2025-12-15,*,,PAGAMENTO              Rio de Janeir BR,,,pluggy-2d83a53f-9c38-4064-be8e-54e80abd70a7,pluggy,987decad-afee-4c0e-950e-85c3006a4b2e,05000000,Transfers,Liabilities:Credit:BB:Card:PlatinumVisa,-350,BRL
767,1,2025-12-15,*,,PAGAMENTO              Rio de Janeir BR,,,pluggy-2d83a53f-9c38-4064-be8e-54e80abd70a7,pluggy,987decad-afee-4c0e-950e-85c3006a4b2e,05000000,Transfers,Expenses:Geral,350,BRL
768,0,2025-12-16,*,,RENDIMENTOS DE CLIENTES IRIM15 S/            165,,,pluggy-7492f669-5d1e-4f62-93d2-ad68c33a102f,pluggy,e4d40b2d-f720-4570-8fb6-89c9a12e1e2f,03060000,Proceeds interests and dividends,Assets:Investment:XP:Cash,52.41,BRL
768,1,2025-12-16,*,,RENDIMENTOS DE CLIENTES IRIM15 S/            165,,,pluggy-7492f669-5d1e-4f62-93d2-ad68c33a102f,pluggy,e4d40b2d-f720-4570-8fb6-89c9a12e1e2f,03060000,Proceeds interests and dividends,Income:Investment:XP:Rendimento,-52.41,BRL
769,0,2025-12-16,*,,RENDIMENTOS DE CLIENTES IRIM15 S/            165,,,pluggy-1c04c368-a6ad-4eae-b8e7-c9eec0653151,pluggy,ffd6004e-1066-4c1c-9ece-826c45ffda7d,03060000,Proceeds interests and dividends,Assets:Investment:XP:Cash,52.41,BRL
769,1,2025-12-16,*,,RENDIMENTOS DE CLIENTES IRIM15 S/            165,,,pluggy-1c04c368-a6ad-4eae-b8e7-c9eec0653151,pluggy,ffd6004e-1066-4c1c-9ece-826c45ffda7d,03060000,Proceeds interests and dividends,Income:Investment:XP:Rendimento,-52.41,BRL
770,0,2025-12-16,*,,PIX - RECEBIDO  16/12 09:29 00015000369785 HUGO BRAGA,,,pluggy-13ff26cb-ee74-4efd-a61c-9819c2c3a6eb,pluggy,25eb5f6d-2529-4377-8de5-e38160459cff,05070000,Transfer - PIX,Assets:Investment:BB:Cash,64.2,BRL
770,1,2025-12-16,*,,PIX - RECEBIDO  16/12 09:29 00015000369785 HUGO BRAGA,,,pluggy-13ff26cb-ee74-4efd-a61c-9819c2c3a6eb,pluggy,25eb5f6d-2529-4377-8de5-e38160459cff,05070000,Transfer - PIX,Equity:Transfers,-64.2,BRL
771,0,2025-12-16,*,,PIX - RECEBIDO  16/12 05:31 00015585324713 RAFAEL BARR,,,pluggy-bedfa956-69c4-4969-bf65-599b7252329f,pluggy,25eb5f6d-2529-4377-8de5-e38160459cff,05070000,Transfer - PIX,Assets:Investment:BB:Cash,3000,BRL
771,1,2025-12-16,*,,PIX - RECEBIDO  16/12 05:31 00015585324713 RAFAEL BARR,,,pluggy-bedfa956-69c4-4969-bf65-599b7252329f,pluggy,25eb5f6d-2529-4377-8de5-e38160459cff,05070000,Transfer - PIX,Equity:Transfers,-3000,BRL
772,0,2025-12-16,*,,RENNER                 CABREUVA      BR,,,pluggy-85f403a1-daa7-41b0-b853-5b9ce32f9717,pluggy,987decad-afee-4c0e-950e-85c3006a4b2e,08040000,Clothing,Liabilities:Credit:BB:Card:PlatinumVisa,-79.89,BRL
772,1,2025-12-16,*,,RENNER                 CABREUVA      BR,,,pluggy-85f403a1-daa7-41b0-b853-5b9ce32f9717,pluggy,987decad-afee-4c0e-950e-85c3006a4b2e,08040000,Clothing,Expenses:Pessoal:Vestuario,79.89,BRL
773,0,2025-12-16,*,,SUPERM PRINCESA LJ 165 RIO DE JANEIR BR,,,pluggy-c8fc1eb6-7b4f-43a8-b8a9-09df9ffb70ca,pluggy,987decad-afee-4c0e-950e-85c3006a4b2e,10000000,Groceries,Liabilities:Credit:BB:Card:PlatinumVisa,-88.5,BRL
773,1,2025-12-16,*,,SUPERM PRINCESA LJ 165 RIO DE JANEIR BR,,,pluggy-c8fc1eb6-7b4f-43a8-b8a9-09df9ffb70ca,pluggy,987decad-afee-4c0e-950e-85c3006a4b2e,10000000,Groceries,Expenses:Alimentação:Mercado,88.5,BRL
774,0,2025-12-16,*,,DROGARIAS PACHECO SA   RIO DE JANEIR BR,,,pluggy-bae1968b-ec21-4d22-a38f-3ff9182ea527,pluggy,987decad-afee-4c0e-950e-85c3006a4b2e,18020000,Pharmacy,Liabilities:Credit:BB:Card:PlatinumVisa,-140.76,BRL
774,1,2025-12-16,*,,DROGARIAS PACHECO SA   RIO DE JANEIR BR,,,pluggy-bae1968b-ec21-4d22-a38f-3ff9182ea527,pluggy,987decad-afee-4c0e-950e-85c3006a4b2e,18020000,Pharmacy,Expenses:Saude:Farmacia,140.76,BRL
775,0,2025-12-17,*,,JUROS S/ CAPITAL DE CLIENTES HYPE3 S/            400,,,pluggy-f454c7c4-8451-4eae-b473-fca39272ee0d,pluggy,e4d40b2d-f720-4570-8fb6-89c9a12e1e2f,02020000,Interests charged,Assets:Investment:XP:Cash,33.05,BRL
775,1,2025-12-17,*,,JUROS S/ CAPITAL DE CLIENTES HYPE3 S/            400,,,pluggy-f454c7c4-8451-4eae-b473-fca39272ee0d,pluggy,e4d40b2d-f720-4570-8fb6-89c9a12e1e2f,02020000,Interests charged,Income:Investment:XP:JCP,-33.05,BRL
776,0,2025-12-17,*,,JUROS S/ CAPITAL DE CLIENTES HYPE3 S/            400,,,pluggy-f2353ba0-a935-4230-85fe-a15a0dab7504,pluggy,e4d40b2d-f720-4570-8fb6-89c9a12e1e2f,02020000,Interests charged,Assets:Investment:XP:Cash,33.21,BRL
776,1,2025-12-17,*,,JUROS S/ CAPITAL DE CLIENTES HYPE3 S/            400,,,pluggy-f2353ba0-a935-4230-85fe-a15a0dab7504,pluggy,e4d40b2d-f720-4570-8fb6-89c9a12e1e2f,02020000,Interests charged,Income:Investment:XP:JCP,-33.21,BRL
777,0,2025-12-17,*,,JUROS S/ CAPITAL DE CLIENTES HYPE3 S/            300,,,pluggy-f9054bd3-159a-4d1a-8090-9ced5197045b,pluggy,ffd6004e-1066-4c1c-9ece-826c45ffda7d,02020000,Interests charged,Assets:Investment:XP:Cash,24.8,BRL
777,1,2025-12-17,*,,JUROS S/ CAPITAL DE CLIENTES HYPE3 S/            300,,,pluggy-f9054bd3-159a-4d1a-8090-9ced5197045b,pluggy,ffd6004e-1066-4c1c-9ece-826c45ffda7d,02020000,Interests charged,Income:Investment:XP:JCP,-24.8,BRL
778,0,2025-12-17,*,,JUROS S/ CAPITAL DE CLIENTES HYPE3 S/            300,,,pluggy-e9aef764-7583-44a4-940c-d0c4d313516f,pluggy,e4d40b2d-f720-4570-8fb6-89c9a12e1e2f,02020000,Interests charged,Assets:Investment:XP:Cash,24.8,BRL
778,1,2025-12-17,*,,JUROS S/ CAPITAL DE CLIENTES HYPE3 S/            300,,,pluggy-e9aef764-7583-44a4-940c-d0c4d313516f,pluggy,e4d40b2d-f720-4570-8fb6-89c9a12e1e2f,02020000,Interests charged,Income:Investment:XP:JCP,-24.8,BRL
779,0,2025-12-17,*,,JUROS S/ CAPITAL DE CLIENTES HYPE3 S/            400,,,pluggy-d488e0f5-9e19-4ab7-ba13-a1dba7fdccad,pluggy,ffd6004e-1066-4c1c-9ece-826c45ffda7d,02020000,Interests charged,Assets:Investment:XP:Cash,33.06,BRL
779,1,2025-12-17,*,,JUROS S/ CAPITAL DE CLIENTES HYPE3 S/            400,,,pluggy-d488e0f5-9e19-4ab7-ba13-a1dba7fdccad,pluggy,ffd6004e-1066-4c1c-9ece-826c45ffda7d,02020000,Interests charged,Income:Investment:XP:JCP,-33.06,BRL
780,0,2025-12-17,*,,JUROS S/ CAPITAL DE CLIENTES HYPE3 S/            400,,,pluggy-e5fc4309-f8cb-46ee-9bf3-931c3f13c5f5,pluggy,e4d40b2d-f720-4570-8fb6-89c9a12e1e2f,02020000,Interests charged,Assets:Investment:XP:Cash,33.06,BRL
780,1,2025-12-17,*,,JUROS S/ CAPITAL DE CLIENTES HYPE3 S/            400,,,pluggy-e5fc4309-f8cb-46ee-9bf3-931c3f13c5f5,pluggy,e4d40b2d-f720-4570-8fb6-89c9a12e1e2f,02020000,Interests charged,Income:Investment:XP:JCP,-33.06,BRL
781,0,2025-12-17,*,,JUROS S/ CAPITAL DE CLIENTES HYPE3 S/            400,,,pluggy-c9c306b3-a39c-4edf-a158-3ba06ebb442b,pluggy,ffd6004e-1066-4c1c-9ece-826c45ffda7d,02020000,Interests charged,Assets:Investment:XP:Cash,33.05,BRL
781,1,2025-12-17,*,,JUROS S/ CAPITAL DE CLIENTES HYPE3 S/            400,,,pluggy-c9c306b3-a39c-4edf-a158-3ba06ebb442b,pluggy,ffd6004e-1066-4c1c-9ece-826c45ffda7d,02020000,Interests charged,Income:Investment:XP:JCP,-33.05,BRL
782,0,2025-12-17,*,,JUROS S/ CAPITAL DE CLIENTES HYPE3 S/            400,,,pluggy-c5e6e6a1-a9f3-4f0d-aa60-766f3909970f,pluggy,e4d40b2d-f720-4570-8fb6-89c9a12e1e2f,02020000,Interests charged,Assets:Investment:XP:Cash,33.1,BRL
782,1,2025-12-17,*,,JUROS S/ CAPITAL DE CLIENTES HYPE3 S/            400,,,pluggy-c5e6e6a1-a9f3-4f0d-aa60-766f3909970f,pluggy,e4d40b2d-f720-4570-8fb6-89c9a12e1e2f,02020000,Interests charged,Income:Investment:XP:JCP,-33.1,BRL
783,0,2025-12-17,*,,DIVIDENDOS DE CLIENTES HYPE3 S/            400,,,pluggy-c988b97d-05e1-4c31-9e11-80572c157878,pluggy,ffd6004e-1066-4c1c-9ece-826c45ffda7d,03060000,Proceeds interests and dividends,Assets:Investment:XP:Cash,48.68,BRL
783,1,2025-12-17,*,,DIVIDENDOS DE CLIENTES HYPE3 S/            400,,,pluggy-c988b97d-05e1-4c31-9e11-80572c157878,pluggy,ffd6004e-1066-4c1c-9ece-826c45ffda7d,03060000,Proceeds interests and dividends,Income:Investment:XP:Dividend,-48.68,BRL
784,0,2025-12-17,*,,JUROS S/ CAPITAL DE CLIENTES HYPE3 S/            400,,,pluggy-c3d9e07e-1949-479e-a48a-0b2a804af436,pluggy,e4d40b2d-f720-4570-8fb6-89c9a12e1e2f,02020000,Interests charged,Assets:Investment:XP:Cash,66.42,BRL
784,1,2025-12-17,*,,JUROS S/ CAPITAL DE CLIENTES HYPE3 S/            400,,,pluggy-c3d9e07e-1949-479e-a48a-0b2a804af436,pluggy,e4d40b2d-f720-4570-8fb6-89c9a12e1e2f,02020000,Interests charged,Income:Investment:XP:JCP,-66.42,BRL
785,0,2025-12-17,*,,RENDIMENTOS DE CLIENTES MCCI11 S/            188,,,pluggy-c47ce96b-65dc-468d-98fa-09e082580571,pluggy,ffd6004e-1066-4c1c-9ece-826c45ffda7d,03060000,Proceeds interests and dividends,Assets:Investment:XP:Cash,188,BRL
785,1,2025-12-17,*,,RENDIMENTOS DE CLIENTES MCCI11 S/            188,,,pluggy-c47ce96b-65dc-468d-98fa-09e082580571,pluggy,ffd6004e-1066-4c1c-9ece-826c45ffda7d,03060000,Proceeds interests and dividends,Income:Investment:XP:Rendimento,-188,BRL
786,0,2025-12-17,*,,JUROS S/ CAPITAL DE CLIENTES LEVE3 S/            300,,,pluggy-c16f0886-7470-487a-a48c-c283c15ebf25,pluggy,e4d40b2d-f720-4570-8fb6-89c9a12e1e2f,02020000,Interests charged,Assets:Investment:XP:Cash,155.28,BRL
786,1,2025-12-17,*,,JUROS S/ CAPITAL DE CLIENTES LEVE3 S/            300,,,pluggy-c16f0886-7470-487a-a48c-c283c15ebf25,pluggy,e4d40b2d-f720-4570-8fb6-89c9a12e1e2f,02020000,Interests charged,Income:Investment:XP:JCP,-155.28,BRL
787,0,2025-12-17,*,,JUROS S/ CAPITAL DE CLIENTES HYPE3 S/            400,,,pluggy-9f7481ad-358f-4700-89e7-1b1d43bedf5f,pluggy,ffd6004e-1066-4c1c-9ece-826c45ffda7d,02020000,Interests charged,Assets:Investment:XP:Cash,57.5,BRL
787,1,2025-12-17,*,,JUROS S/ CAPITAL DE CLIENTES HYPE3 S/            400,,,pluggy-9f7481ad-358f-4700-89e7-1b1d43bedf5f,pluggy,ffd6004e-1066-4c1c-9ece-826c45ffda7d,02020000,Interests charged,Income:Investment:XP:JCP,-57.5,BRL
788,0,2025-12-17,*,,DIVIDENDOS DE CLIENTES HYPE3 S/            400,,,pluggy-b3cfe09d-3781-4a59-b7c1-ade0b5e55ddf,pluggy,e4d40b2d-f720-4570-8fb6-89c9a12e1e2f,03060000,Proceeds interests and dividends,Assets:Investment:XP:Cash,48.68,BRL
788,1,2025-12-17,*,,DIVIDENDOS DE CLIENTES HYPE3 S/            400,,,pluggy-b3cfe09d-3781-4a59-b7c1-ade0b5e55ddf,pluggy,e4d40b2d-f720-4570-8fb6-89c9a12e1e2f,03060000,Proceeds interests and dividends,Income:Investment:XP:Dividend,-48.68,BRL
789,0,2025-12-17,*,,JUROS S/ CAPITAL DE CLIENTES LEVE3 S/            300,,,pluggy-9a89108f-f753-457a-b49a-94e4467f7acd,pluggy,ffd6004e-1066-4c1c-9ece-826c45ffda7d,02020000,Interests charged,Assets:Investment:XP:Cash,155.28,BRL
789,1,2025-12-17,*,,JUROS S/ CAPITAL DE CLIENTES LEVE3 S/            300,,,pluggy-9a89108f-f753-457a-b49a-94e4467f7acd,pluggy,ffd6004e-1066-4c1c-9ece-826c45ffda7d,02020000,Interests charged,Income:Investment:XP:JCP,-155.28,BRL
790,0,2025-12-17,*,,JUROS S/ CAPITAL DE CLIENTES HYPE3 S/            300,,,pluggy-7a205950-0fa6-4e12-bd0e-f97a265126bc,pluggy,e4d40b2d-f720-4570-8fb6-89c9a12e1e2f,02020000,Interests charged,Assets:Investment:XP:Cash,24.8,BRL
790,1,2025-12-17,*,,JUROS S/ CAPITAL DE CLIENTES HYPE3 S/            300,,,pluggy-7a205950-0fa6-4e12-bd0e-f97a265126bc,pluggy,e4d40b2d-f720-4570-8fb6-89c9a12e1e2f,02020000,Interests charged,Income:Investment:XP:JCP,-24.8,BRL
791,0,2025-12-17,*,,JUROS S/ CAPITAL DE CLIENTES HYPE3 S/            400,,,pluggy-84192989-aae3-46f3-9745-42ca03aff58a,pluggy,ffd6004e-1066-4c1c-9ece-826c45ffda7d,02020000,Interests charged,Assets:Investment:XP:Cash,33.21,BRL
791,1,2025-12-17,*,,JUROS S/ CAPITAL DE CLIENTES HYPE3 S/            400,,,pluggy-84192989-aae3-46f3-9745-42ca03aff58a,pluggy,ffd6004e-1066-4c1c-9ece-826c45ffda7d,02020000,Interests charged,Income:Investment:XP:JCP,-33.21,BRL
792,0,2025-12-17,*,,JUROS S/ CAPITAL DE CLIENTES HYPE3 S/            400,,,pluggy-6413054a-fb57-4d92-97a9-d1aceb947c60,pluggy,e4d40b2d-f720-4570-8fb6-89c9a12e1e2f,02020000,Interests charged,Assets:Investment:XP:Cash,33.21,BRL
792,1,2025-12-17,*,,JUROS S/ CAPITAL DE CLIENTES HYPE3 S/            400,,,pluggy-6413054a-fb57-4d92-97a9-d1aceb947c60,pluggy,e4d40b2d-f720-4570-8fb6-89c9a12e1e2f,02020000,Interests charged,Income:Investment:XP:JCP,-33.21,BRL
793,0,2025-12-17,*,,JUROS S/ CAPITAL DE CLIENTES HYPE3 S/            300,,,pluggy-834a2de9-c19b-430a-8b46-fd69c6e609c1,pluggy,ffd6004e-1066-4c1c-9ece-826c45ffda7d,02020000,Interests charged,Assets:Investment:XP:Cash,24.8,BRL
793,1,2025-12-17,*,,JUROS S/ CAPITAL DE CLIENTES HYPE3 S/            300,,,pluggy-834a2de9-c19b-430a-8b46-fd69c6e609c1,pluggy,ffd6004e-1066-4c1c-9ece-826c45ffda7d,02020000,Interests charged,Income:Investment:XP:JCP,-24.8,BRL
794,0,2025-12-17,*,,RENDIMENTOS DE CLIENTES MCCI11 S/            188,,,pluggy-3c04a281-b0f5-4966-8bee-0a1375d1e356,pluggy,e4d40b2d-f720-4570-8fb6-89c9a12e1e2f,03060000,Proceeds interests and dividends,Assets:Investment:XP:Cash,188,BRL
794,1,2025-12-17,*,,RENDIMENTOS DE CLIENTES MCCI11 S/            188,,,pluggy-3c04a281-b0f5-4966-8bee-0a1375d1e356,pluggy,e4d40b2d-f720-4570-8fb6-89c9a12e1e2f,03060000,Proceeds interests and dividends,Income:Investment:XP:Rendimento,-188,BRL
795,0,2025-12-17,*,,JUROS S/ CAPITAL DE CLIENTES HYPE3 S/            400,,,pluggy-6b63f81c-2b87-4b32-99cb-37562cd63162,pluggy,ffd6004e-1066-4c1c-9ece-826c45ffda7d,02020000,Interests charged,Assets:Investment:XP:Cash,66.42,BRL
795,1,2025-12-17,*,,JUROS S/ CAPITAL DE CLIENTES HYPE3 S/            400,,,pluggy-6b63f81c-2b87-4b32-99cb-37562cd63162,pluggy,ffd6004e-1066-4c1c-9ece-826c45ffda7d,02020000,Interests charged,Income:Investment:XP:JCP,-66.42,BRL
796,0,2025-12-17,*,,JUROS S/ CAPITAL DE CLIENTES HYPE3 S/            400,,,pluggy-13f567d7-e041-406e-9ec4-71c31e73b678,pluggy,e4d40b2d-f720-4570-8fb6-89c9a12e1e2f,02020000,Interests charged,Assets:Investment:XP:Cash,57.5,BRL
796,1,2025-12-17,*,,JUROS S/ CAPITAL DE CLIENTES HYPE3 S/            400,,,pluggy-13f567d7-e041-406e-9ec4-71c31e73b678,pluggy,e4d40b2d-f720-4570-8fb6-89c9a12e1e2f,02020000,Interests charged,Income:Investment:XP:JCP,-57.5,BRL
797,0,2025-12-17,*,,JUROS S/ CAPITAL DE CLIENTES HYPE3 S/            400,,,pluggy-57969261-47ff-468d-8c47-a0accdb4027d,pluggy,ffd6004e-1066-4c1c-9ece-826c45ffda7d,02020000,Interests charged,Assets:Investment:XP:Cash,33.1,BRL
797,1,2025-12-17,*,,JUROS S/ CAPITAL DE CLIENTES HYPE3 S/            400,,,pluggy-57969261-47ff-468d-8c47-a0accdb4027d,pluggy,ffd6004e-1066-4c1c-9ece-826c45ffda7d,02020000,Interests charged,Income:Investment:XP:JCP,-33.1,BRL
798,0,2025-12-17,*,,JUROS S/ CAPITAL DE CLIENTES HYPE3 S/            400,,,pluggy-06e3946f-e58d-4bec-b6ba-5df37b1c6c5b,pluggy,ffd6004e-1066-4c1c-9ece-826c45ffda7d,02020000,Interests charged,Assets:Investment:XP:Cash,33.21,BRL
798,1,2025-12-17,*,,JUROS S/ CAPITAL DE CLIENTES HYPE3 S/            400,,,pluggy-06e3946f-e58d-4bec-b6ba-5df37b1c6c5b,pluggy,ffd6004e-1066-4c1c-9ece-826c45ffda7d,02020000,Interests charged,Income:Investment:XP:JCP,-33.21,BRL
799,0,2025-12-17,*,,Google One             SAO PAULO     BR,,,pluggy-82e7747c-b30e-4957-b8a3-b7e6f6fdf65e,pluggy,987decad-afee-4c0e-950e-85c3006a4b2e,07010001,Internet,Liabilities:Credit:BB:Card:PlatinumVisa,-9.99,BRL
799,1,2025-12-17,*,,Google One             SAO PAULO     BR,,,pluggy-82e7747c-b30e-4957-b8a3-b7e6f6fdf65e,pluggy,987decad-afee-4c0e-950e-85c3006a4b2e,07010001,Internet,Expenses:Mensalidades:Outras,9.99,BRL
800,0,2025-12-17,*,,CACAU SHOW             RIO DE JANEIR BR,,,pluggy-f52de336-1750-4e2e-b949-3cb62e7598e3,pluggy,987decad-afee-4c0e-950e-85c3006a4b2e,10000000,Groceries,Liabilities:Credit:BB:Card:PlatinumVisa,-49.99,BRL
800,1,2025-12-17,*,,CACAU SHOW             RIO DE JANEIR BR,,,pluggy-f52de336-1750-4e2e-b949-3cb62e7598e3,pluggy,987decad-afee-4c0e-950e-85c3006a4b2e,10000000,Groceries,Expenses:Alimentação:Restaurante,49.99,BRL
801,0,2025-12-18,*,,PIX - ENVIADO   17/12 22:49 MOOZ SOLUCOES FINANCEIRAS,,,pluggy-2777308f-5d7e-4a16-8ff8-60e4e7542933,pluggy,25eb5f6d-2529-4377-8de5-e38160459cff,05070000,Transfer - PIX,Assets:Investment:BB:Cash,-134.9,BRL
801,1,2025-12-18,*,,PIX - ENVIADO   17/12 22:49 MOOZ SOLUCOES FINANCEIRAS,,,pluggy-2777308f-5d7e-4a16-8ff8-60e4e7542933,pluggy,25eb5f6d-2529-4377-8de5-e38160459cff,05070000,Transfer - PIX,Expenses:Geral,134.9,BRL
802,0,2025-12-18,*,,HORTIFRUTI MARQUES DE  RIO DE JANEIR BR,,,pluggy-187d7b2e-bbde-4c08-b603-27341428ef10,pluggy,987decad-afee-4c0e-950e-85c3006a4b2e,10000000,Groceries,Liabilities:Credit:BB:Card:PlatinumVisa,-29.8,BRL
802,1,2025-12-18,*,,HORTIFRUTI MARQUES DE  RIO DE JANEIR BR,,,pluggy-187d7b2e-bbde-4c08-b603-27341428ef10,pluggy,987decad-afee-4c0e-950e-85c3006a4b2e,10000000,Groceries,Expenses:Alimentação:Mercado,29.8,BRL
803,0,2025-12-18,*,,SUPERM PRINCESA LJ 165 RIO DE JANEIR BR,,,pluggy-cf15c1a7-e98b-4b83-ba38-83570d9da3fc,pluggy,987decad-afee-4c0e-950e-85c3006a4b2e,10000000,Groceries,Liabilities:Credit:BB:Card:PlatinumVisa,-177.02,BRL
803,1,2025-12-18,*,,SUPERM PRINCESA LJ 165 RIO DE JANEIR BR,,,pluggy-cf15c1a7-e98b-4b83-ba38-83570d9da3fc,pluggy,987decad-afee-4c0e-950e-85c3006a4b2e,10000000,Groceries,Expenses:Alimentação:Mercado,177.02,BRL
804,0,2025-12-18,*,,SUPERM PRINCESA LJ 165 RIO DE JANEIR BR,,,pluggy-6345fc00-adda-450f-a506-ca9d3ac215db,pluggy,987decad-afee-4c0e-950e-85c3006a4b2e,10000000,Groceries,Liabilities:Credit:BB:Card:PlatinumVisa,-8.99,BRL
804,1,2025-12-18,*,,SUPERM PRINCESA LJ 165 RIO DE JANEIR BR,,,pluggy-6345fc00-adda-450f-a506-ca9d3ac215db,pluggy,987decad-afee-4c0e-950e-85c3006a4b2e,10000000,Groceries,Expenses:Alimentação:Mercado,8.99,BRL
805,0,2025-12-18,*,,MUNDO VERDE            RIO DE JANEIR BR,,,pluggy-1feb3659-e0c0-42a1-b089-87c3c0caee07,pluggy,987decad-afee-4c0e-950e-85c3006a4b2e,10000000,Groceries,Liabilities:Credit:BB:Card:PlatinumVisa,-5.85,BRL
805,1,2025-12-18,*,,MUNDO VERDE            RIO DE JANEIR BR,,,pluggy-1feb3659-e0c0-42a1-b089-87c3c0caee07,pluggy,987decad-afee-4c0e-950e-85c3006a4b2e,10000000,Groceries,Expenses:Alimentação:Mercado,5.85,BRL
806,0,2025-12-18,*,,HNA*O BOTICARIO        REGISTRO      BR,,,pluggy-030b0d8a-0456-4979-90fe-06e2260d802e,pluggy,987decad-afee-4c0e-950e-85c3006a4b2e,03000000,Investments,Liabilities:Credit:BB:Card:PlatinumVisa,-137.89,BRL
806,1,2025-12-18,*,,HNA*O BOTICARIO        REGISTRO      BR,,,pluggy-030b0d8a-0456-4979-90fe-06e2260d802e,pluggy,987decad-afee-4c0e-950e-85c3006a4b2e,03000000,Investments,Expenses:Pessoal:Compras,137.89,BRL
807,0,2025-12-19,*,,VENCIMENTO RENDA FIXA - CDB POS DI LIQ. BANCO INTER S A,,,pluggy-268843ef-7505-4066-926b-da467cfc8f79,pluggy,0cdf88ca-4715-44e5-bec6-ba37a59b2ede,03020000,Fixed income,Assets:Investment:Inter:Cash,6115.87,BRL
807,1,2025-12-19,*,,VENCIMENTO RENDA FIXA - CDB POS DI LIQ. BANCO INTER S A,,,pluggy-268843ef-7505-4066-926b-da467cfc8f79,pluggy,0cdf88ca-4715-44e5-bec6-ba37a59b2ede,03020000,Fixed income,Assets:TODO,-6115.87,BRL
808,0,2025-12-19,*,,JUROS S/ CAPITAL DE CLIENTES FLRY3 S/            830,,,pluggy-804263a8-e844-4867-b8ec-d951e7c3ee9f,pluggy,e4d40b2d-f720-4570-8fb6-89c9a12e1e2f,02020000,Interests charged,Assets:Investment:XP:Cash,165.7,BRL
808,1,2025-12-19,*,,JUROS S/ CAPITAL DE CLIENTES FLRY3 S/            830,,,pluggy-804263a8-e844-4867-b8ec-d951e7c3ee9f,pluggy,e4d40b2d-f720-4570-8fb6-89c9a12e1e2f,02020000,Interests charged,Income:Investment:XP:JCP,-165.7,BRL
809,0,2025-12-19,*,,DIVIDENDOS DE CLIENTES ITUB3 S/            220,,,pluggy-07e15062-a6d5-4b38-9885-346e8d0ee000,pluggy,e4d40b2d-f720-4570-8fb6-89c9a12e1e2f,03060000,Proceeds interests and dividends,Assets:Investment:XP:Cash,411,BRL
809,1,2025-12-19,*,,DIVIDENDOS DE CLIENTES ITUB3 S/            220,,,pluggy-07e15062-a6d5-4b38-9885-346e8d0ee000,pluggy,e4d40b2d-f720-4570-8fb6-89c9a12e1e2f,03060000,Proceeds interests and dividends,Income:Investment:XP:Dividend,-411,BRL
810,0,2025-12-19,*,,JUROS S/ CAPITAL DE CLIENTES FLRY3 S/            830,,,pluggy-e69c4813-9020-4480-9e08-2364afc15453,pluggy,ffd6004e-1066-4c1c-9ece-826c45ffda7d,02020000,Interests charged,Assets:Investment:XP:Cash,165.7,BRL
810,1,2025-12-19,*,,JUROS S/ CAPITAL DE CLIENTES FLRY3 S/            830,,,pluggy-e69c4813-9020-4480-9e08-2364afc15453,pluggy,ffd6004e-1066-4c1c-9ece-826c45ffda7d,02020000,Interests charged,Income:Investment:XP:JCP,-165.7,BRL
811,0,2025-12-19,*,,DIVIDENDOS DE CLIENTES ITUB3 S/            220,,,pluggy-cdead39e-aac1-4a13-b51c-b57315a56b2b,pluggy,ffd6004e-1066-4c1c-9ece-826c45ffda7d,03060000,Proceeds interests and dividends,Assets:Investment:XP:Cash,411,BRL
811,1,2025-12-19,*,,DIVIDENDOS DE CLIENTES ITUB3 S/            220,,,pluggy-cdead39e-aac1-4a13-b51c-b57315a56b2b,pluggy,ffd6004e-1066-4c1c-9ece-826c45ffda7d,03060000,Proceeds interests and dividends,Income:Investment:XP:Dividend,-411,BRL
812,0,2025-12-19,*,,PIX - RECEBIDO  19/12 05:32 00015585324713 RAFAEL BARR,,,pluggy-9c4c2396-4935-48dd-9a01-5719bb3ec7d3,pluggy,25eb5f6d-2529-4377-8de5-e38160459cff,05070000,Transfer - PIX,Assets:Investment:BB:Cash,9000,BRL
812,1,2025-12-19,*,,PIX - RECEBIDO  19/12 05:32 00015585324713 RAFAEL BARR,,,pluggy-9c4c2396-4935-48dd-9a01-5719bb3ec7d3,pluggy,25eb5f6d-2529-4377-8de5-e38160459cff,05070000,Transfer - PIX,Equity:Transfers,-9000,BRL
813,0,2025-12-19,*,,PROVENTOS       33.000.167/0001-01 PETROLEO BRASILEIRO,,,pluggy-f592b258-8a90-46f6-82e0-143bbe0d20cd,pluggy,25eb5f6d-2529-4377-8de5-e38160459cff,03060000,Proceeds interests and dividends,Assets:Investment:BB:Cash,8081.68,BRL
813,1,2025-12-19,*,,PROVENTOS       33.000.167/0001-01 PETROLEO BRASILEIRO,,,pluggy-f592b258-8a90-46f6-82e0-143bbe0d20cd,pluggy,25eb5f6d-2529-4377-8de5-e38160459cff,03060000,Proceeds interests and dividends,Income:Salario,-8081.68,BRL
814,0,2025-12-19,*,,PROVENTOS       33.000.167/0001-01 PETROLEO BRASILEIRO,,,pluggy-0b74c5d6-0f55-4792-b046-0eb269e99ba4,pluggy,25eb5f6d-2529-4377-8de5-e38160459cff,03060000,Proceeds interests and dividends,Assets:Investment:BB:Cash,2217.63,BRL
814,1,2025-12-19,*,,PROVENTOS       33.000.167/0001-01 PETROLEO BRASILEIRO,,,pluggy-0b74c5d6-0f55-4792-b046-0eb269e99ba4,pluggy,25eb5f6d-2529-4377-8de5-e38160459cff,03060000,Proceeds interests and dividends,Income:Salario,-2217.63,BRL
815,0,2025-12-19,*,,UBER *TRIP HELP.UBER.COSAO PAULO     BR,,,pluggy-010966a7-0b78-4331-a377-067a5b4c27ad,pluggy,987decad-afee-4c0e-950e-85c3006a4b2e,19010000,Taxi and ride-hailing,Liabilities:Credit:BB:Card:PlatinumVisa,-38.94,BRL
815,1,2025-12-19,*,,UBER *TRIP HELP.UBER.COSAO PAULO     BR,,,pluggy-010966a7-0b78-4331-a377-067a5b4c27ad,pluggy,987decad-afee-4c0e-950e-85c3006a4b2e,19010000,Taxi and ride-hailing,Expenses:Transporte:Uber,38.94,BRL
816,0,2025-12-19,*,,UBER *TRIP HELP.UBER.COSAO PAULO     BR,,,pluggy-b87daf65-dd61-4553-a2b6-6aa3e5af0259,pluggy,987decad-afee-4c0e-950e-85c3006a4b2e,19010000,Taxi and ride-hailing,Liabilities:Credit:BB:Card:PlatinumVisa,-127.25,BRL
816,1,2025-12-19,*,,UBER *TRIP HELP.UBER.COSAO PAULO     BR,,,pluggy-b87daf65-dd61-4553-a2b6-6aa3e5af0259,pluggy,987decad-afee-4c0e-950e-85c3006a4b2e,19010000,Taxi and ride-hailing,Expenses:Transporte:Uber,127.25,BRL
817,0,2025-12-20,*,,INOVATHI PARTICIPACOES RIO DE JANEIR BR,,,pluggy-8ae08cf1-eadb-4ea0-a336-31dc2b08ae97,pluggy,75f30132-31a8-4b54-9be0-648009b118db,08000000,Shopping,Liabilities:Credit:BB:Card:EloGrafite,-69.99,BRL
817,1,2025-12-20,*,,INOVATHI PARTICIPACOES RIO DE JANEIR BR,,,pluggy-8ae08cf1-eadb-4ea0-a336-31dc2b08ae97,pluggy,75f30132-31a8-4b54-9be0-648009b118db,08000000,Shopping,Expenses:Pessoal:Compras,69.99,BRL
818,0,2025-12-20,*,,Sala21                 RIO DE JANEIR BR,,,pluggy-6261ed1c-2031-493e-9a45-b6e648cd1a8e,pluggy,75f30132-31a8-4b54-9be0-648009b118db,19050002,Parking,Liabilities:Credit:BB:Card:EloGrafite,-16,BRL
818,1,2025-12-20,*,,Sala21                 RIO DE JANEIR BR,,,pluggy-6261ed1c-2031-493e-9a45-b6e648cd1a8e,pluggy,75f30132-31a8-4b54-9be0-648009b118db,19050002,Parking,Expenses:Transporte:Estacionamento,16,BRL
819,0,2025-12-20,*,,PIX - RECEBIDO  20/12 05:31 00015585324713 RAFAEL BARR,,,pluggy-3bf7b98c-dd19-4866-bf18-89a59ac6708a,pluggy,25eb5f6d-2529-4377-8de5-e38160459cff,05070000,Transfer - PIX,Assets:Investment:BB:Cash,9000,BRL
819,1,2025-12-20,*,,PIX - RECEBIDO  20/12 05:31 00015585324713 RAFAEL BARR,,,pluggy-3bf7b98c-dd19-4866-bf18-89a59ac6708a,pluggy,25eb5f6d-2529-4377-8de5-e38160459cff,05070000,Transfer - PIX,Equity:Transfers,-9000,BRL
820,0,2025-12-21,*,,APLICACAO - LCI LIQ6M 5ANOS BANCO INTER S A,,,pluggy-97084ca2-8fa3-4352-9acf-94da38600f50,pluggy,0cdf88ca-4715-44e5-bec6-ba37a59b2ede,03020000,Fixed income,Assets:Investment:Inter:Cash,-18000,BRL
820,1,2025-12-21,*,,APLICACAO - LCI LIQ6M 5ANOS BANCO INTER S A,,,pluggy-97084ca2-8fa3-4352-9acf-94da38600f50,pluggy,0cdf88ca-4715-44e5-bec6-ba37a59b2ede,03020000,Fixed income,Assets:TODO,18000,BRL
821,0,2025-12-21,*,,PIX - RECEBIDO  21/12 05:30 00015585324713 RAFAEL BARR,,,pluggy-9e44908c-4c61-480d-a3bb-8cd2db1c334d,pluggy,25eb5f6d-2529-4377-8de5-e38160459cff,05070000,Transfer - PIX,Assets:Investment:BB:Cash,5001.98,BRL
821,1,2025-12-21,*,,PIX - RECEBIDO  21/12 05:30 00015585324713 RAFAEL BARR,,,pluggy-9e44908c-4c61-480d-a3bb-8cd2db1c334d,pluggy,25eb5f6d-2529-4377-8de5-e38160459cff,05070000,Transfer - PIX,Equity:Transfers,-5001.98,BRL
822,0,2025-12-21,*,,UBER *TRIP HELP.UBER.COSAO PAULO     BR,,,pluggy-370a5ab1-ae7c-41cd-8b9a-bca4e6c1e40d,pluggy,987decad-afee-4c0e-950e-85c3006a4b2e,19010000,Taxi and ride-hailing,Liabilities:Credit:BB:Card:PlatinumVisa,-133.99,BRL
822,1,2025-12-21,*,,UBER *TRIP HELP.UBER.COSAO PAULO     BR,,,pluggy-370a5ab1-ae7c-41cd-8b9a-bca4e6c1e40d,pluggy,987decad-afee-4c0e-950e-85c3006a4b2e,19010000,Taxi and ride-hailing,Expenses:Transporte:Uber,133.99,BRL
823,0,2025-12-22,*,,JUROS S/ CAPITAL DE CLIENTES PETR4 S/            500,,,pluggy-97f862e6-8a72-4920-b373-2230ee960934,pluggy,e4d40b2d-f720-4570-8fb6-89c9a12e1e2f,02020000,Interests charged,Assets:Investment:XP:Cash,57.4,BRL
823,1,2025-12-22,*,,JUROS S/ CAPITAL DE CLIENTES PETR4 S/            500,,,pluggy-97f862e6-8a72-4920-b373-2230ee960934,pluggy,e4d40b2d-f720-4570-8fb6-89c9a12e1e2f,02020000,Interests charged,Income:Investment:XP:JCP,-57.4,BRL
824,0,2025-12-22,*,,DIVIDENDOS DE CLIENTES PETR4 S/            500,,,pluggy-29d9c398-4b58-49b3-8c6d-a5151e2cc298,pluggy,e4d40b2d-f720-4570-8fb6-89c9a12e1e2f,03060000,Proceeds interests and dividends,Assets:Investment:XP:Cash,100.46,BRL
824,1,2025-12-22,*,,DIVIDENDOS DE CLIENTES PETR4 S/            500,,,pluggy-29d9c398-4b58-49b3-8c6d-a5151e2cc298,pluggy,e4d40b2d-f720-4570-8fb6-89c9a12e1e2f,03060000,Proceeds interests and dividends,Income:Investment:XP:Dividend,-100.46,BRL
825,0,2025-12-22,*,,DIVIDENDOS DE CLIENTES PETR4 S/            500,,,pluggy-b0d68e93-92f4-4d59-91d5-79af2468f6d6,pluggy,ffd6004e-1066-4c1c-9ece-826c45ffda7d,03060000,Proceeds interests and dividends,Assets:Investment:XP:Cash,100.46,BRL
825,1,2025-12-22,*,,DIVIDENDOS DE CLIENTES PETR4 S/            500,,,pluggy-b0d68e93-92f4-4d59-91d5-79af2468f6d6,pluggy,ffd6004e-1066-4c1c-9ece-826c45ffda7d,03060000,Proceeds interests and dividends,Income:Investment:XP:Dividend,-100.46,BRL
826,0,2025-12-22,*,,JUROS S/ CAPITAL DE CLIENTES PETR4 S/            500,,,pluggy-828a8647-c1bd-4c21-930e-4143a7aaf07a,pluggy,ffd6004e-1066-4c1c-9ece-826c45ffda7d,02020000,Interests charged,Assets:Investment:XP:Cash,57.4,BRL
826,1,2025-12-22,*,,JUROS S/ CAPITAL DE CLIENTES PETR4 S/            500,,,pluggy-828a8647-c1bd-4c21-930e-4143a7aaf07a,pluggy,ffd6004e-1066-4c1c-9ece-826c45ffda7d,02020000,Interests charged,Income:Investment:XP:JCP,-57.4,BRL
827,0,2025-12-22,*,,PIX - ENVIADO   22/12 13:39 Andrea Tardin Rangel,,,pluggy-4f135708-1944-489e-b4d2-9fea59fc07e4,pluggy,25eb5f6d-2529-4377-8de5-e38160459cff,05070000,Transfer - PIX,Assets:Investment:BB:Cash,-7,BRL
827,1,2025-12-22,*,,PIX - ENVIADO   22/12 13:39 Andrea Tardin Rangel,,,pluggy-4f135708-1944-489e-b4d2-9fea59fc07e4,pluggy,25eb5f6d-2529-4377-8de5-e38160459cff,05070000,Transfer - PIX,Expenses:Geral,7,BRL
828,0,2025-12-22,*,,HORTIFRUTI MARQUES DE  RIO DE JANEIR BR,,,pluggy-937fdd75-7f73-4d69-a353-71e8b201b6f0,pluggy,987decad-afee-4c0e-950e-85c3006a4b2e,10000000,Groceries,Liabilities:Credit:BB:Card:PlatinumVisa,-73.94,BRL
828,1,2025-12-22,*,,HORTIFRUTI MARQUES DE  RIO DE JANEIR BR,,,pluggy-937fdd75-7f73-4d69-a353-71e8b201b6f0,pluggy,987decad-afee-4c0e-950e-85c3006a4b2e,10000000,Groceries,Expenses:Alimentação:Mercado,73.94,BRL
829,0,2025-12-22,*,,HTM*receitasnaturai    BELO HORIZONT BR,,,pluggy-92b5ee0f-7bad-494e-86a7-5cdcfb2e1b57,pluggy,987decad-afee-4c0e-950e-85c3006a4b2e,07020000,Education,Liabilities:Credit:BB:Card:PlatinumVisa,37,BRL
829,1,2025-12-22,*,,HTM*receitasnaturai    BELO HORIZONT BR,,,pluggy-92b5ee0f-7bad-494e-86a7-5cdcfb2e1b57,pluggy,987decad-afee-4c0e-950e-85c3006a4b2e,07020000,Education,Expenses:Geral,-37,BRL
830,0,2025-12-22,*,,MUNDO VERDE            RIO DE JANEIR BR,,,pluggy-6bf7d1d8-b0a1-4119-a32f-6b84fb395f35,pluggy,987decad-afee-4c0e-950e-85c3006a4b2e,10000000,Groceries,Liabilities:Credit:BB:Card:PlatinumVisa,-58.73,BRL
830,1,2025-12-22,*,,MUNDO VERDE            RIO DE JANEIR BR,,,pluggy-6bf7d1d8-b0a1-4119-a32f-6b84fb395f35,pluggy,987decad-afee-4c0e-950e-85c3006a4b2e,10000000,Groceries,Expenses:Alimentação:Mercado,58.73,BRL
831,0,2025-12-22,*,,CAES E GATOS PET SHOP  RIO DE JANEIR BR,,,pluggy-9c34e97e-cea6-497b-867d-a65db6649e9f,pluggy,987decad-afee-4c0e-950e-85c3006a4b2e,08030000,Pet supplies and vet,Liabilities:Credit:BB:Card:PlatinumVisa,-21.5,BRL
831,1,2025-12-22,*,,CAES E GATOS PET SHOP  RIO DE JANEIR BR,,,pluggy-9c34e97e-cea6-497b-867d-a65db6649e9f,pluggy,987decad-afee-4c0e-950e-85c3006a4b2e,08030000,Pet supplies and vet,Expenses:Pet:Petshop,21.5,BRL
832,0,2025-12-22,*,,LOJAS RENNER FL 323    RIO DE JANEIR BR,,,pluggy-60ff7d94-2c10-4c4d-aad8-68ed334013e8,pluggy,987decad-afee-4c0e-950e-85c3006a4b2e,08040000,Clothing,Liabilities:Credit:BB:Card:PlatinumVisa,-20,BRL
832,1,2025-12-22,*,,LOJAS RENNER FL 323    RIO DE JANEIR BR,,,pluggy-60ff7d94-2c10-4c4d-aad8-68ed334013e8,pluggy,987decad-afee-4c0e-950e-85c3006a4b2e,08040000,Clothing,Expenses:Pessoal:Vestuario,20,BRL
833,0,2025-12-23,*,,DIVIDENDOS DE CLIENTES EGIE3 S/            300,,,pluggy-b64ba0c0-33a4-4e26-aa9c-184847c128b5,pluggy,e4d40b2d-f720-4570-8fb6-89c9a12e1e2f,03060000,Proceeds interests and dividends,Assets:Investment:XP:Cash,264.42,BRL
833,1,2025-12-23,*,,DIVIDENDOS DE CLIENTES EGIE3 S/            300,,,pluggy-b64ba0c0-33a4-4e26-aa9c-184847c128b5,pluggy,e4d40b2d-f720-4570-8fb6-89c9a12e1e2f,03060000,Proceeds interests and dividends,Income:Investment:XP:Dividend,-264.42,BRL
834,0,2025-12-23,*,,DIVIDENDOS DE CLIENTES EGIE3 S/            300,,,pluggy-730ef70f-3107-496c-b494-1c2cee451321,pluggy,e4d40b2d-f720-4570-8fb6-89c9a12e1e2f,03060000,Proceeds interests and dividends,Assets:Investment:XP:Cash,262.94,BRL
834,1,2025-12-23,*,,DIVIDENDOS DE CLIENTES EGIE3 S/            300,,,pluggy-730ef70f-3107-496c-b494-1c2cee451321,pluggy,e4d40b2d-f720-4570-8fb6-89c9a12e1e2f,03060000,Proceeds interests and dividends,Income:Investment:XP:Dividend,-262.94,BRL
835,0,2025-12-23,*,,DIVIDENDOS DE CLIENTES EGIE3 S/            300,,,pluggy-db0bf052-cbf4-4482-b5f7-382ef5184ee4,pluggy,ffd6004e-1066-4c1c-9ece-826c45ffda7d,03060000,Proceeds interests and dividends,Assets:Investment:XP:Cash,262.94,BRL
835,1,2025-12-23,*,,DIVIDENDOS DE CLIENTES EGIE3 S/            300,,,pluggy-db0bf052-cbf4-4482-b5f7-382ef5184ee4,pluggy,ffd6004e-1066-4c1c-9ece-826c45ffda7d,03060000,Proceeds interests and dividends,Income:Investment:XP:Dividend,-262.94,BRL
836,0,2025-12-23,*,,DIVIDENDOS DE CLIENTES EGIE3 S/            300,,,pluggy-6f4ff1cc-e8ce-4cfd-a46c-0693b6164b43,pluggy,ffd6004e-1066-4c1c-9ece-826c45ffda7d,03060000,Proceeds interests and dividends,Assets:Investment:XP:Cash,264.42,BRL
836,1,2025-12-23,*,,DIVIDENDOS DE CLIENTES EGIE3 S/            300,,,pluggy-6f4ff1cc-e8ce-4cfd-a46c-0693b6164b43,pluggy,ffd6004e-1066-4c1c-9ece-826c45ffda7d,03060000,Proceeds interests and dividends,Income:Investment:XP:Dividend,-264.42,BRL
837,0,2025-12-23,*,,CAES E GATOS PET SHOP  RIO DE JANEIR BR,,,pluggy-9123fd95-c57f-49cf-a029-cd1c6902381d,pluggy,987decad-afee-4c0e-950e-85c3006a4b2e,08030000,Pet supplies and vet,Liabilities:Credit:BB:Card:PlatinumVisa,-43,BRL
837,1,2025-12-23,*,,CAES E GATOS PET SHOP  RIO DE JANEIR BR,,,pluggy-9123fd95-c57f-49cf-a029-cd1c6902381d,pluggy,987decad-afee-4c0e-950e-85c3006a4b2e,08030000,Pet supplies and vet,Expenses:Pet:Petshop,43,BRL
838,0,2025-12-23,*,,SUPERMERCADO ULTRA 11  RIO DE JANEIR BR,,,pluggy-15396a9a-2104-4666-b95d-bc16989cb176,pluggy,987decad-afee-4c0e-950e-85c3006a4b2e,10000000,Groceries,Liabilities:Credit:BB:Card:PlatinumVisa,-13.27,BRL
838,1,2025-12-23,*,,SUPERMERCADO ULTRA 11  RIO DE JANEIR BR,,,pluggy-15396a9a-2104-4666-b95d-bc16989cb176,pluggy,987decad-afee-4c0e-950e-85c3006a4b2e,10000000,Groceries,Expenses:Alimentação:Mercado,13.27,BRL
839,0,2025-12-24,*,,PIX RECEBIDO - Cp :00000000-GABRIEL BARROS RODRIGUES,,,pluggy-cd46420b-82a3-4f64-b124-e0a68e2652b3,pluggy,0cdf88ca-4715-44e5-bec6-ba37a59b2ede,05070000,Transfer - PIX,Assets:Investment:Inter:Cash,30000,BRL
839,1,2025-12-24,*,,PIX RECEBIDO - Cp :00000000-GABRIEL BARROS RODRIGUES,,,pluggy-cd46420b-82a3-4f64-b124-e0a68e2652b3,pluggy,0cdf88ca-4715-44e5-bec6-ba37a59b2ede,05070000,Transfer - PIX,Assets:Investment:BB:Cash,-30000,BRL
840,0,2025-12-24,*,,DEBITO RENDA FIXA - CRI CSN CIMENTO,,,pluggy-b64295f7-c81a-47f2-9e62-6a8ecd3761a9,pluggy,0cdf88ca-4715-44e5-bec6-ba37a59b2ede,03020000,Fixed income,Assets:Investment:Inter:Cash,-7340.53,BRL
840,1,2025-12-24,*,,DEBITO RENDA FIXA - CRI CSN CIMENTO,,,pluggy-b64295f7-c81a-47f2-9e62-6a8ecd3761a9,pluggy,0cdf88ca-4715-44e5-bec6-ba37a59b2ede,03020000,Fixed income,Assets:Investment:Inter:CRI-22B0004808-RIZA-SECURITIZADORA-S-A,7340.53,BRL
841,0,2025-12-24,*,,DEBITO RENDA FIXA - CDB BMG,,,pluggy-6fa3cb97-55b2-4ec6-b575-3ce4faf61113,pluggy,0cdf88ca-4715-44e5-bec6-ba37a59b2ede,03020000,Fixed income,Assets:Investment:Inter:Cash,-9999.43,BRL
841,1,2025-12-24,*,,DEBITO RENDA FIXA - CDB BMG,,,pluggy-6fa3cb97-55b2-4ec6-b575-3ce4faf61113,pluggy,0cdf88ca-4715-44e5-bec6-ba37a59b2ede,03020000,Fixed income,Assets:Investment:Inter:CDB-CDB3257NOQI-BANCO-BMG-S-A,9999.43,BRL
842,0,2025-12-24,*,,DEBITO RENDA FIXA - TPF - TÍTULO PÚ,,,pluggy-3d9b63e2-5a62-4b2e-8fbb-7ded2056e907,pluggy,0cdf88ca-4715-44e5-bec6-ba37a59b2ede,03020000,Fixed income,Assets:Investment:Inter:Cash,-12542.41,BRL
842,1,2025-12-24,*,,DEBITO RENDA FIXA - TPF - TÍTULO PÚ,,,pluggy-3d9b63e2-5a62-4b2e-8fbb-7ded2056e907,pluggy,0cdf88ca-4715-44e5-bec6-ba37a59b2ede,03020000,Fixed income,Assets:TODO,12542.41,BRL
843,0,2025-12-24,*,,TRANSF CTA,,,pluggy-939f18aa-60d1-41cd-8980-e0d3bb3b3cd7,pluggy,3d0492b4-0d84-49c0-9945-e3e9adc34d51,04000000,Same person transfer,Assets:Investment:BB:Savings,-16523.37,BRL
843,1,2025-12-24,*,,TRANSF CTA,,,pluggy-939f18aa-60d1-41cd-8980-e0d3bb3b3cd7,pluggy,3d0492b4-0d84-49c0-9945-e3e9adc34d51,04000000,Same person transfer,Assets:Investment:BB:Cash,16523.37,BRL
844,0,2025-12-24,*,,TRF POUPANCA    24/12 12:09 GABRIEL BARROS RODRIGUES,,,pluggy-f4bf5f41-6855-4ec5-aa7c-7e27cd716f02,pluggy,25eb5f6d-2529-4377-8de5-e38160459cff,04000000,Same person transfer,Assets:Investment:BB:Cash,16523.37,BRL
844,1,2025-12-24,*,,TRF POUPANCA    24/12 12:09 GABRIEL BARROS RODRIGUES,,,pluggy-f4bf5f41-6855-4ec5-aa7c-7e27cd716f02,pluggy,25eb5f6d-2529-4377-8de5-e38160459cff,04000000,Same person transfer,Assets:Investment:BB:Savings,-16523.37,BRL
845,0,2025-12-24,*,,PIX - ENVIADO   24/12 10:40 GABRIEL BARROS RODRIGUES,,,pluggy-621d91ea-c482-447f-9029-a123deea0d76,pluggy,25eb5f6d-2529-4377-8de5-e38160459cff,04000000,Same person transfer,Assets:Investment:BB:Cash,-30000,BRL
845,1,2025-12-24,*,,PIX - ENVIADO   24/12 10:40 GABRIEL BARROS RODRIGUES,,,pluggy-621d91ea-c482-447f-9029-a123deea0d76,pluggy,25eb5f6d-2529-4377-8de5-e38160459cff,04000000,Same person transfer,Assets:Investment:Inter:Cash,30000,BRL
846,0,2025-12-24,*,,SUPERM PRINCESA LJ 165 RIO DE JANEIR BR,,,pluggy-97bf85f2-95b4-4fe9-9aff-f808cdeec777,pluggy,987decad-afee-4c0e-950e-85c3006a4b2e,10000000,Groceries,Liabilities:Credit:BB:Card:PlatinumVisa,-27.89,BRL
846,1,2025-12-24,*,,SUPERM PRINCESA LJ 165 RIO DE JANEIR BR,,,pluggy-97bf85f2-95b4-4fe9-9aff-f808cdeec777,pluggy,987decad-afee-4c0e-950e-85c3006a4b2e,10000000,Groceries,Expenses:Alimentação:Mercado,27.89,BRL
847,0,2025-12-24,*,,SUPERM PRINCESA LJ 165 RIO DE JANEIR BR,,,pluggy-bd90e4e9-7f52-452a-86d1-d32f8bf130a8,pluggy,987decad-afee-4c0e-950e-85c3006a4b2e,10000000,Groceries,Liabilities:Credit:BB:Card:PlatinumVisa,-13.99,BRL
847,1,2025-12-24,*,,SUPERM PRINCESA LJ 165 RIO DE JANEIR BR,,,pluggy-bd90e4e9-7f52-452a-86d1-d32f8bf130a8,pluggy,987decad-afee-4c0e-950e-85c3006a4b2e,10000000,Groceries,Expenses:Alimentação:Mercado,13.99,BRL
848,0,2025-12-25,*,,PLANEJADA,,,pluggy-263787e9-8f01-467c-922f-f8f5ee0aac2f,pluggy,3d0492b4-0d84-49c0-9945-e3e9adc34d51,03000000,Investments,Assets:Investment:BB:Savings,2000,BRL
848,1,2025-12-25,*,,PLANEJADA,,,pluggy-263787e9-8f01-467c-922f-f8f5ee0aac2f,pluggy,3d0492b4-0d84-49c0-9945-e3e9adc34d51,03000000,Investments,Assets:Investment:BB:Cash,-2000,BRL
849,0,2025-12-25,*,,PLANEJADA,,,pluggy-771421e6-0da2-434f-990f-ef14a72457d3,pluggy,3d0492b4-0d84-49c0-9945-e3e9adc34d51,03000000,Investments,Assets:Investment:BB:Savings,2000,BRL
849,1,2025-12-25,*,,PLANEJADA,,,pluggy-771421e6-0da2-434f-990f-ef14a72457d3,pluggy,3d0492b4-0d84-49c0-9945-e3e9adc34d51,03000000,Investments,Assets:Investment:BB:Cash,-2000,BRL
850,0,2025-12-25,*,,TRANSF ENVIADA  15/11 GABRIEL BARROS RODRIGUES,,,pluggy-fc43c7a9-4074-4e88-bd1a-d6f5547ec461,pluggy,25eb5f6d-2529-4377-8de5-e38160459cff,04000000,Same person transfer,Assets:Investment:BB:Cash,-2000,BRL
850,1,2025-12-25,*,,TRANSF ENVIADA  15/11 GABRIEL BARROS RODRIGUES,,,pluggy-fc43c7a9-4074-4e88-bd1a-d6f5547ec461,pluggy,25eb5f6d-2529-4377-8de5-e38160459cff,04000000,Same person transfer,Assets:Investment:BB:Savings,2000,BRL
851,0,2025-12-25,*,,TRANSF ENVIADA  15/11 GABRIEL BARROS RODRIGUES,,,pluggy-a7c2091f-db4a-4fb1-bc88-c3189b921514,pluggy,25eb5f6d-2529-4377-8de5-e38160459cff,04000000,Same person transfer,Assets:Investment:BB:Cash,-2000,BRL
851,1,2025-12-25,*,,TRANSF ENVIADA  15/11 GABRIEL BARROS RODRIGUES,,,pluggy-a7c2091f-db4a-4fb1-bc88-c3189b921514,pluggy,25eb5f6d-2529-4377-8de5-e38160459cff,04000000,Same person transfer,Assets:Investment:BB:Savings,2000,BRL
852,0,2025-12-25,*,,PIX - AGEND     25/12 05:33 ANA CAROLINA DE ABREU ESC,,,pluggy-88c6d259-af9b-4e8f-8962-4810609177da,pluggy,25eb5f6d-2529-4377-8de5-e38160459cff,05070000,Transfer - PIX,Assets:Investment:BB:Cash,-2000,BRL
852,1,2025-12-25,*,,PIX - AGEND     25/12 05:33 ANA CAROLINA DE ABREU ESC,,,pluggy-88c6d259-af9b-4e8f-8962-4810609177da,pluggy,25eb5f6d-2529-4377-8de5-e38160459cff,05070000,Transfer - PIX,Expenses:Geral:Caol,2000,BRL
853,0,2025-12-25,*,,TED             102 0001 15585325795 GABRIEL BARROS RO,,,pluggy-804ba74e-4735-4736-8dd0-8461f791e64d,pluggy,25eb5f6d-2529-4377-8de5-e38160459cff,04000000,Same person transfer,Assets:Investment:BB:Cash,-25000,BRL
853,1,2025-12-25,*,,TED             102 0001 15585325795 GABRIEL BARROS RO,,,pluggy-804ba74e-4735-4736-8dd0-8461f791e64d,pluggy,25eb5f6d-2529-4377-8de5-e38160459cff,04000000,Same person transfer,Assets:Investment:XP:Cash,25000,BRL
854,0,2025-12-25,*,,UBER * PENDING         SAO PAULO     BR,,,pluggy-21c52015-63da-4546-aef3-c73db6b42239,pluggy,987decad-afee-4c0e-950e-85c3006a4b2e,19010000,Taxi and ride-hailing,Liabilities:Credit:BB:Card:PlatinumVisa,-12.75,BRL
854,1,2025-12-25,*,,UBER * PENDING         SAO PAULO     BR,,,pluggy-21c52015-63da-4546-aef3-c73db6b42239,pluggy,987decad-afee-4c0e-950e-85c3006a4b2e,19010000,Taxi and ride-hailing,Expenses:Transporte:Uber,12.75,BRL
855,0,2025-12-26,*,,TED BCO 001 AGE 3836  CTA 162876  - RECEBIMENTO DE TED - SPB,,,pluggy-62cdd201-ae9e-4ba0-ab48-f104e3e857e9,pluggy,e4d40b2d-f720-4570-8fb6-89c9a12e1e2f,05080000,Transfer - TED,Assets:Investment:XP:Cash,25000,BRL
855,1,2025-12-26,*,,TED BCO 001 AGE 3836  CTA 162876  - RECEBIMENTO DE TED - SPB,,,pluggy-62cdd201-ae9e-4ba0-ab48-f104e3e857e9,pluggy,e4d40b2d-f720-4570-8fb6-89c9a12e1e2f,05080000,Transfer - TED,Assets:Investment:BB:Cash,-25000,BRL
856,0,2025-12-26,*,,OPERAÇÕES EM BOLSA PR 26/12/2025 NOTA Nº 126791205,,,pluggy-2f9aa46e-9cbd-4ec9-864a-e6e7d30da920,pluggy,e4d40b2d-f720-4570-8fb6-89c9a12e1e2f,03000000,Investments,Assets:Investment:XP:Cash,-7633.04,BRL
856,1,2025-12-26,*,,OPERAÇÕES EM BOLSA PR 26/12/2025 NOTA Nº 126791205,,,pluggy-2f9aa46e-9cbd-4ec9-864a-e6e7d30da920,pluggy,e4d40b2d-f720-4570-8fb6-89c9a12e1e2f,03000000,Investments,Assets:TODO,7633.04,BRL
857,0,2025-12-26,*,,TED BCO 001 AGE 3836  CTA 162876  - RECEBIMENTO DE TED - SPB,,,pluggy-879c140d-d16b-404f-9f46-54711caf80f9,pluggy,ffd6004e-1066-4c1c-9ece-826c45ffda7d,05080000,Transfer - TED,Assets:Investment:XP:Cash,25000,BRL
857,1,2025-12-26,*,,TED BCO 001 AGE 3836  CTA 162876  - RECEBIMENTO DE TED - SPB,,,pluggy-879c140d-d16b-404f-9f46-54711caf80f9,pluggy,ffd6004e-1066-4c1c-9ece-826c45ffda7d,05080000,Transfer - TED,Assets:Investment:BB:Cash,-25000,BRL
858,0,2025-12-26,*,,ANUIDADE DIFERENCIADA ADC-PARC 02/12 BR,,,pluggy-06030107-dac1-469f-8d04-a9fb013b4685,pluggy,987decad-afee-4c0e-950e-85c3006a4b2e,16030000,Credit card fees,Liabilities:Credit:BB:Card:PlatinumVisa,-22.75,BRL
858,1,2025-12-26,*,,ANUIDADE DIFERENCIADA ADC-PARC 02/12 BR,,,pluggy-06030107-dac1-469f-8d04-a9fb013b4685,pluggy,987decad-afee-4c0e-950e-85c3006a4b2e,16030000,Credit card fees,Expenses:Taxas:Banco,22.75,BRL
859,0,2025-12-27,*,,COMPRA C/CARTAO 27/12 19:12 SUPERM PRINCESA LJ 1,,,pluggy-f5cad5b9-ca0a-4741-9e3a-f5242c361eaf,pluggy,25eb5f6d-2529-4377-8de5-e38160459cff,08000000,Shopping,Assets:Investment:BB:Cash,-41.56,BRL
859,1,2025-12-27,*,,COMPRA C/CARTAO 27/12 19:12 SUPERM PRINCESA LJ 1,,,pluggy-f5cad5b9-ca0a-4741-9e3a-f5242c361eaf,pluggy,25eb5f6d-2529-4377-8de5-e38160459cff,08000000,Shopping,Expenses:Alimentação:Mercado,41.56,BRL
860,0,2025-12-27,*,,PIX - ENVIADO   27/12 17:43 BOIOBI,,,pluggy-8c9aa7aa-feb8-419e-9ce6-b8be3017dddf,pluggy,25eb5f6d-2529-4377-8de5-e38160459cff,05070000,Transfer - PIX,Assets:Investment:BB:Cash,-100,BRL
860,1,2025-12-27,*,,PIX - ENVIADO   27/12 17:43 BOIOBI,,,pluggy-8c9aa7aa-feb8-419e-9ce6-b8be3017dddf,pluggy,25eb5f6d-2529-4377-8de5-e38160459cff,05070000,Transfer - PIX,Expenses:Transporte:Combustivel,100,BRL
861,0,2025-12-27,*,,TRF POUPANCA    27/12 01:40 GABRIEL BARROS RODRIGUES,,,pluggy-92987c84-d3ac-4428-932f-c27f46ea8450,pluggy,25eb5f6d-2529-4377-8de5-e38160459cff,04000000,Same person transfer,Assets:Investment:BB:Cash,4000,BRL
861,1,2025-12-27,*,,TRF POUPANCA    27/12 01:40 GABRIEL BARROS RODRIGUES,,,pluggy-92987c84-d3ac-4428-932f-c27f46ea8450,pluggy,25eb5f6d-2529-4377-8de5-e38160459cff,04000000,Same person transfer,Assets:Investment:BB:Savings,-4000,BRL
862,0,2025-12-29,*,,TRANSF CTA,,,pluggy-9e550b0c-6a21-4952-90cf-4da2f8095606,pluggy,3d0492b4-0d84-49c0-9945-e3e9adc34d51,04000000,Same person transfer,Assets:Investment:BB:Savings,-4000,BRL
862,1,2025-12-29,*,,TRANSF CTA,,,pluggy-9e550b0c-6a21-4952-90cf-4da2f8095606,pluggy,3d0492b4-0d84-49c0-9945-e3e9adc34d51,04000000,Same person transfer,Assets:Investment:BB:Cash,4000,BRL
863,0,2025-12-29,*,,COMPRA C/CARTAO 29/12 19:16 SUPERM PRINCESA LJ 1,,,pluggy-dbd4ec98-9d52-4db6-a960-787e9ac78026,pluggy,25eb5f6d-2529-4377-8de5-e38160459cff,08000000,Shopping,Assets:Investment:BB:Cash,-35.96,BRL
863,1,2025-12-29,*,,COMPRA C/CARTAO 29/12 19:16 SUPERM PRINCESA LJ 1,,,pluggy-dbd4ec98-9d52-4db6-a960-787e9ac78026,pluggy,25eb5f6d-2529-4377-8de5-e38160459cff,08000000,Shopping,Expenses:Alimentação:Mercado,35.96,BRL
864,0,2025-12-29,*,,COMPRA C/CARTAO 29/12 13:08 SUPERM PRINCESA LJ 1,,,pluggy-152856c1-4400-4c06-a661-eedb02e3c251,pluggy,25eb5f6d-2529-4377-8de5-e38160459cff,08000000,Shopping,Assets:Investment:BB:Cash,-20.82,BRL
864,1,2025-12-29,*,,COMPRA C/CARTAO 29/12 13:08 SUPERM PRINCESA LJ 1,,,pluggy-152856c1-4400-4c06-a661-eedb02e3c251,pluggy,25eb5f6d-2529-4377-8de5-e38160459cff,08000000,Shopping,Expenses:Alimentação:Mercado,20.82,BRL
865,0,2025-12-29,*,,PIX-ENV. DEV.   29/12 04:00 MOOZ SOLUCOES FINANCEIRAS,,,pluggy-9b139769-a025-444a-b0b3-0b8e6f1a735d,pluggy,25eb5f6d-2529-4377-8de5-e38160459cff,05090004,Third party transfer - PIX,Assets:Investment:BB:Cash,134.9,BRL
865,1,2025-12-29,*,,PIX-ENV. DEV.   29/12 04:00 MOOZ SOLUCOES FINANCEIRAS,,,pluggy-9b139769-a025-444a-b0b3-0b8e6f1a735d,pluggy,25eb5f6d-2529-4377-8de5-e38160459cff,05090004,Third party transfer - PIX,Expenses:Geral,-134.9,BRL
866,0,2026-01-02,*,,JUROS S/ CAPITAL DE CLIENTES ITUB3 S/            220,,,pluggy-e2efbdbf-e5ca-45be-9653-b891f1532d64,pluggy,e4d40b2d-f720-4570-8fb6-89c9a12e1e2f,02020000,Interests charged,Assets:Investment:XP:Cash,3.3,BRL
866,1,2026-01-02,*,,JUROS S/ CAPITAL DE CLIENTES ITUB3 S/            220,,,pluggy-e2efbdbf-e5ca-45be-9653-b891f1532d64,pluggy,e4d40b2d-f720-4570-8fb6-89c9a12e1e2f,02020000,Interests charged,Income:Investment:XP:JCP,-3.3,BRL
867,0,2026-01-02,*,,TED BCO 1 AGE 3836  CTA 162876  - RETIRADA EM C/C,,,pluggy-708554b4-a8ef-4b38-938d-cb8fe80a7106,pluggy,e4d40b2d-f720-4570-8fb6-89c9a12e1e2f,04000000,Same person transfer,Assets:Investment:XP:Cash,-4000,BRL
867,1,2026-01-02,*,,TED BCO 1 AGE 3836  CTA 162876  - RETIRADA EM C/C,,,pluggy-708554b4-a8ef-4b38-938d-cb8fe80a7106,pluggy,e4d40b2d-f720-4570-8fb6-89c9a12e1e2f,04000000,Same person transfer,Assets:Investment:BB:Cash,4000,BRL
868,0,2026-01-02,*,,TED BCO 1 AGE 3836  CTA 162876  - RETIRADA EM C/C,,,pluggy-2d0bed38-f786-4c5e-bc03-3193c510c9f6,pluggy,ffd6004e-1066-4c1c-9ece-826c45ffda7d,04000000,Same person transfer,Assets:Investment:XP:Cash,-4000,BRL
868,1,2026-01-02,*,,TED BCO 1 AGE 3836  CTA 162876  - RETIRADA EM C/C,,,pluggy-2d0bed38-f786-4c5e-bc03-3193c510c9f6,pluggy,ffd6004e-1066-4c1c-9ece-826c45ffda7d,04000000,Same person transfer,Assets:Investment:BB:Cash,4000,BRL
869,0,2026-01-02,*,,PIX - RECEBIDO  02/01 18:11 08681415778 EDIMILSON DO A,,,pluggy-2696c084-b795-4bb4-a85b-41368af469c3,pluggy,25eb5f6d-2529-4377-8de5-e38160459cff,05070000,Transfer - PIX,Assets:Investment:BB:Cash,446,BRL
869,1,2026-01-02,*,,PIX - RECEBIDO  02/01 18:11 08681415778 EDIMILSON DO A,,,pluggy-2696c084-b795-4bb4-a85b-41368af469c3,pluggy,25eb5f6d-2529-4377-8de5-e38160459cff,05070000,Transfer - PIX,Equity:Transfers,-446,BRL
870,0,2026-01-02,*,,PIX - RECEBIDO  02/01 17:50 80059554720 EDVAR AMARAL B,,,pluggy-783080ca-0099-4cb7-a50e-1df6b255ddb7,pluggy,25eb5f6d-2529-4377-8de5-e38160459cff,05070000,Transfer - PIX,Assets:Investment:BB:Cash,865,BRL
870,1,2026-01-02,*,,PIX - RECEBIDO  02/01 17:50 80059554720 EDVAR AMARAL B,,,pluggy-783080ca-0099-4cb7-a50e-1df6b255ddb7,pluggy,25eb5f6d-2529-4377-8de5-e38160459cff,05070000,Transfer - PIX,Equity:Transfers,-865,BRL
871,0,2026-01-02,*,,PIX - RECEBIDO  02/01 17:44 08277473737 ELMO OLIVEIRA,,,pluggy-a5141197-6f6e-4dc4-877a-3c16eb61a2c0,pluggy,25eb5f6d-2529-4377-8de5-e38160459cff,05070000,Transfer - PIX,Assets:Investment:BB:Cash,700,BRL
871,1,2026-01-02,*,,PIX - RECEBIDO  02/01 17:44 08277473737 ELMO OLIVEIRA,,,pluggy-a5141197-6f6e-4dc4-877a-3c16eb61a2c0,pluggy,25eb5f6d-2529-4377-8de5-e38160459cff,05070000,Transfer - PIX,Equity:Transfers,-700,BRL
872,0,2026-01-02,*,,PIX - RECEBIDO  02/01 14:53 00012639327704 ANA CAROLIN,,,pluggy-b7b49510-9957-4bc1-b763-556b9fe8b4c2,pluggy,25eb5f6d-2529-4377-8de5-e38160459cff,05070000,Transfer - PIX,Assets:Investment:BB:Cash,570,BRL
872,1,2026-01-02,*,,PIX - RECEBIDO  02/01 14:53 00012639327704 ANA CAROLIN,,,pluggy-b7b49510-9957-4bc1-b763-556b9fe8b4c2,pluggy,25eb5f6d-2529-4377-8de5-e38160459cff,05070000,Transfer - PIX,Equity:Transfers,-570,BRL
873,0,2026-01-02,*,,TED-CRED CONTA  102 0001    15585325795 GABRIEL BARROS,,,pluggy-17d840f9-91f7-4a02-b3e0-0256cd11ae56,pluggy,25eb5f6d-2529-4377-8de5-e38160459cff,04000000,Same person transfer,Assets:Investment:BB:Cash,4000,BRL
873,1,2026-01-02,*,,TED-CRED CONTA  102 0001    15585325795 GABRIEL BARROS,,,pluggy-17d840f9-91f7-4a02-b3e0-0256cd11ae56,pluggy,25eb5f6d-2529-4377-8de5-e38160459cff,04000000,Same person transfer,Assets:Investment:XP:Cash,-4000,BRL
874,0,2026-01-02,*,,PIX - ENVIADO   01/01 22:15 ANA CAROLINA DE ABREU ESC,,,pluggy-2b366577-13b3-401f-89f3-8a697ae9ada7,pluggy,25eb5f6d-2529-4377-8de5-e38160459cff,05070000,Transfer - PIX,Assets:Investment:BB:Cash,-800,BRL
874,1,2026-01-02,*,,PIX - ENVIADO   01/01 22:15 ANA CAROLINA DE ABREU ESC,,,pluggy-2b366577-13b3-401f-89f3-8a697ae9ada7,pluggy,25eb5f6d-2529-4377-8de5-e38160459cff,05070000,Transfer - PIX,Expenses:Geral:Caol,800,BRL
875,0,2026-01-02,*,,ECOPONTE  FPAY         Niteroi       BR,,,pluggy-f04d1887-7dc8-4d7f-8811-8a44d8c24e34,pluggy,987decad-afee-4c0e-950e-85c3006a4b2e,19050003,Tolls and in vehicle payment,Liabilities:Credit:BB:Card:PlatinumVisa,-6.2,BRL
875,1,2026-01-02,*,,ECOPONTE  FPAY         Niteroi       BR,,,pluggy-f04d1887-7dc8-4d7f-8811-8a44d8c24e34,pluggy,987decad-afee-4c0e-950e-85c3006a4b2e,19050003,Tolls and in vehicle payment,Expenses:Transporte:Pedagio,6.2,BRL
876,0,2026-01-03,*,,DL GOOGLE Crunch       1123958400    BR,,,pluggy-f9a1060b-adcb-4022-807f-775e6376e350,pluggy,75f30132-31a8-4b54-9be0-648009b118db,09000000,Digital services,Liabilities:Credit:BB:Card:EloGrafite,-19.99,BRL
876,1,2026-01-03,*,,DL GOOGLE Crunch       1123958400    BR,,,pluggy-f9a1060b-adcb-4022-807f-775e6376e350,pluggy,75f30132-31a8-4b54-9be0-648009b118db,09000000,Digital services,Expenses:Lazer:Streaming,19.99,BRL
877,0,2026-01-03,*,,COBRANCA JUROS  Juros Saldo Devedor Conta,,,pluggy-a806880f-72c3-47c6-8b92-85e01aaad13d,pluggy,25eb5f6d-2529-4377-8de5-e38160459cff,02020000,Interests charged,Assets:Investment:BB:Cash,-7.19,BRL
877,1,2026-01-03,*,,COBRANCA JUROS  Juros Saldo Devedor Conta,,,pluggy-a806880f-72c3-47c6-8b92-85e01aaad13d,pluggy,25eb5f6d-2529-4377-8de5-e38160459cff,02020000,Interests charged,Expenses:Taxas:Banco,7.19,BRL
878,0,2026-01-03,*,,COBRANCA I.O.F. IOF Saldo Devedor Conta,,,pluggy-a5c21723-de28-4e5a-a971-3ba8f2095f79,pluggy,25eb5f6d-2529-4377-8de5-e38160459cff,15030000,Tax on financial operations,Assets:Investment:BB:Cash,-3.77,BRL
878,1,2026-01-03,*,,COBRANCA I.O.F. IOF Saldo Devedor Conta,,,pluggy-a5c21723-de28-4e5a-a971-3ba8f2095f79,pluggy,25eb5f6d-2529-4377-8de5-e38160459cff,15030000,Tax on financial operations,Expenses:Taxas:Imposto,3.77,BRL
879,0,2026-01-04,*,,PbAdministradora       RIO DE JANEIR BR,,,pluggy-91f57bfe-49ac-442b-a635-74f06d4665e2,pluggy,75f30132-31a8-4b54-9be0-648009b118db,19050002,Parking,Liabilities:Credit:BB:Card:EloGrafite,-26,BRL
879,1,2026-01-04,*,,PbAdministradora       RIO DE JANEIR BR,,,pluggy-91f57bfe-49ac-442b-a635-74f06d4665e2,pluggy,75f30132-31a8-4b54-9be0-648009b118db,19050002,Parking,Expenses:Alimentação:Restaurante,26,BRL
880,0,2026-01-05,*,,COMPRA C/CARTAO 05/01 16:09 PLD ESTACIONAMENTO,,,pluggy-d72e8da9-4d0b-44da-8935-6d9934a60b03,pluggy,25eb5f6d-2529-4377-8de5-e38160459cff,19050002,Parking,Assets:Investment:BB:Cash,-23,BRL
880,1,2026-01-05,*,,COMPRA C/CARTAO 05/01 16:09 PLD ESTACIONAMENTO,,,pluggy-d72e8da9-4d0b-44da-8935-6d9934a60b03,pluggy,25eb5f6d-2529-4377-8de5-e38160459cff,19050002,Parking,Expenses:Transporte:Estacionamento,23,BRL
881,0,2026-01-05,*,,DEVOLUCAO JUROS dias sem juros,,,pluggy-b4450b56-fa98-490b-b45d-49ab809532a7,pluggy,25eb5f6d-2529-4377-8de5-e38160459cff,02020000,Interests charged,Assets:Investment:BB:Cash,7.19,BRL
881,1,2026-01-05,*,,DEVOLUCAO JUROS dias sem juros,,,pluggy-b4450b56-fa98-490b-b45d-49ab809532a7,pluggy,25eb5f6d-2529-4377-8de5-e38160459cff,02020000,Interests charged,Expenses:Taxas:Banco,-7.19,BRL
882,0,2026-01-06,*,,PIX - ENVIADO   06/01 08:08 MAIS.MOBI,,,pluggy-c155c45c-0565-437b-8e2f-93ed76b4bd33,pluggy,25eb5f6d-2529-4377-8de5-e38160459cff,05070000,Transfer - PIX,Assets:Investment:BB:Cash,-20,BRL
882,1,2026-01-06,*,,PIX - ENVIADO   06/01 08:08 MAIS.MOBI,,,pluggy-c155c45c-0565-437b-8e2f-93ed76b4bd33,pluggy,25eb5f6d-2529-4377-8de5-e38160459cff,05070000,Transfer - PIX,Expenses:Transporte:TransportePublico,20,BRL
883,0,2026-01-06,*,,UBER * PENDING         SAO PAULO     BR,,,pluggy-0d441ffe-e439-4cdc-bf13-49e9b50aad07,pluggy,987decad-afee-4c0e-950e-85c3006a4b2e,19010000,Taxi and ride-hailing,Liabilities:Credit:BB:Card:PlatinumVisa,-9.93,BRL
883,1,2026-01-06,*,,UBER * PENDING         SAO PAULO     BR,,,pluggy-0d441ffe-e439-4cdc-bf13-49e9b50aad07,pluggy,987decad-afee-4c0e-950e-85c3006a4b2e,19010000,Taxi and ride-hailing,Expenses:Transporte:Uber,9.93,BRL
884,0,2026-01-07,*,,DIVIDENDOS DE CLIENTES VALE3 S/            200,,,pluggy-b020017f-9be7-4cf9-bc56-8f756118bf0c,pluggy,e4d40b2d-f720-4570-8fb6-89c9a12e1e2f,03060000,Proceeds interests and dividends,Assets:Investment:XP:Cash,248.82,BRL
884,1,2026-01-07,*,,DIVIDENDOS DE CLIENTES VALE3 S/            200,,,pluggy-b020017f-9be7-4cf9-bc56-8f756118bf0c,pluggy,e4d40b2d-f720-4570-8fb6-89c9a12e1e2f,03060000,Proceeds interests and dividends,Income:Investment:XP:Dividend,-248.82,BRL
885,0,2026-01-07,*,,DIVIDENDOS DE CLIENTES VALE3 S/            200,,,pluggy-b31834d9-4e9f-4354-a330-6f6f73831535,pluggy,ffd6004e-1066-4c1c-9ece-826c45ffda7d,03060000,Proceeds interests and dividends,Assets:Investment:XP:Cash,248.82,BRL
885,1,2026-01-07,*,,DIVIDENDOS DE CLIENTES VALE3 S/            200,,,pluggy-b31834d9-4e9f-4354-a330-6f6f73831535,pluggy,ffd6004e-1066-4c1c-9ece-826c45ffda7d,03060000,Proceeds interests and dividends,Income:Investment:XP:Dividend,-248.82,BRL
886,0,2026-01-07,*,,iFood                  Osasco        BR,,,pluggy-96343a84-f0ea-45bf-b4a6-fba319da3807,pluggy,75f30132-31a8-4b54-9be0-648009b118db,10000000,Groceries,Liabilities:Credit:BB:Card:EloGrafite,-7.95,BRL
886,1,2026-01-07,*,,iFood                  Osasco        BR,,,pluggy-96343a84-f0ea-45bf-b4a6-fba319da3807,pluggy,75f30132-31a8-4b54-9be0-648009b118db,10000000,Groceries,Expenses:Alimentação:Delivery,7.95,BRL
887,0,2026-01-07,*,,COMPRA C/CARTAO 07/01 12:10 MP*QUENTINHADAANGELA,,,pluggy-ef79e0f4-9aa2-484e-b841-d64cac14fdb5,pluggy,25eb5f6d-2529-4377-8de5-e38160459cff,08000000,Shopping,Assets:Investment:BB:Cash,-17,BRL
887,1,2026-01-07,*,,COMPRA C/CARTAO 07/01 12:10 MP*QUENTINHADAANGELA,,,pluggy-ef79e0f4-9aa2-484e-b841-d64cac14fdb5,pluggy,25eb5f6d-2529-4377-8de5-e38160459cff,08000000,Shopping,Expenses:Alimentação:Restaurante,17,BRL
888,0,2026-01-07,*,,UBER *TRIP HELP.UBER.COSAO PAULO     BR,,,pluggy-5f9d8c1e-9c1f-458c-8b41-7603e453a4b1,pluggy,987decad-afee-4c0e-950e-85c3006a4b2e,19010000,Taxi and ride-hailing,Liabilities:Credit:BB:Card:PlatinumVisa,-65.46,BRL
888,1,2026-01-07,*,,UBER *TRIP HELP.UBER.COSAO PAULO     BR,,,pluggy-5f9d8c1e-9c1f-458c-8b41-7603e453a4b1,pluggy,987decad-afee-4c0e-950e-85c3006a4b2e,19010000,Taxi and ride-hailing,Expenses:Transporte:Uber,65.46,BRL
889,0,2026-01-08,*,,OPERAÇÕES EM BOLSA PR 08/01/2026 NOTA Nº 127514670,,,pluggy-ec3da543-e72d-49d0-8c99-db23de3c3e97,pluggy,e4d40b2d-f720-4570-8fb6-89c9a12e1e2f,03000000,Investments,Assets:Investment:XP:Cash,-21019.03,BRL
889,1,2026-01-08,*,,OPERAÇÕES EM BOLSA PR 08/01/2026 NOTA Nº 127514670,,,pluggy-ec3da543-e72d-49d0-8c99-db23de3c3e97,pluggy,e4d40b2d-f720-4570-8fb6-89c9a12e1e2f,03000000,Investments,Assets:TODO,21019.03,BRL
890,0,2026-01-08,*,,RENDIMENTOS DE CLIENTES LVBI11 S/             65,,,pluggy-599d1402-55d7-40a8-bf28-851c0c12afd6,pluggy,e4d40b2d-f720-4570-8fb6-89c9a12e1e2f,03060000,Proceeds interests and dividends,Assets:Investment:XP:Cash,48.75,BRL
890,1,2026-01-08,*,,RENDIMENTOS DE CLIENTES LVBI11 S/             65,,,pluggy-599d1402-55d7-40a8-bf28-851c0c12afd6,pluggy,e4d40b2d-f720-4570-8fb6-89c9a12e1e2f,03060000,Proceeds interests and dividends,Income:Investment:XP:Rendimento,-48.75,BRL
891,0,2026-01-08,*,,RENDIMENTOS DE CLIENTES LVBI11 S/             65,,,pluggy-f0d19025-e27c-40a4-ba10-92658093339a,pluggy,ffd6004e-1066-4c1c-9ece-826c45ffda7d,03060000,Proceeds interests and dividends,Assets:Investment:XP:Cash,48.75,BRL
891,1,2026-01-08,*,,RENDIMENTOS DE CLIENTES LVBI11 S/             65,,,pluggy-f0d19025-e27c-40a4-ba10-92658093339a,pluggy,ffd6004e-1066-4c1c-9ece-826c45ffda7d,03060000,Proceeds interests and dividends,Income:Investment:XP:Rendimento,-48.75,BRL
892,0,2026-01-09,*,,PIX - RECEBIDO  09/01 11:34 00015585324713 RAFAEL BARR,,,pluggy-2e13ba09-b226-40ed-a242-905046f08300,pluggy,25eb5f6d-2529-4377-8de5-e38160459cff,05070000,Transfer - PIX,Assets:Investment:BB:Cash,9000,BRL
892,1,2026-01-09,*,,PIX - RECEBIDO  09/01 11:34 00015585324713 RAFAEL BARR,,,pluggy-2e13ba09-b226-40ed-a242-905046f08300,pluggy,25eb5f6d-2529-4377-8de5-e38160459cff,05070000,Transfer - PIX,Equity:Transfers,-9000,BRL
893,0,2026-01-09,*,,PROVENTOS       33.000.167/0001-01 PETROLEO BRASILEIRO,,,pluggy-00821fff-f1d5-457a-819f-82a37f08dfbc,pluggy,25eb5f6d-2529-4377-8de5-e38160459cff,03060000,Proceeds interests and dividends,Assets:Investment:BB:Cash,4104.95,BRL
893,1,2026-01-09,*,,PROVENTOS       33.000.167/0001-01 PETROLEO BRASILEIRO,,,pluggy-00821fff-f1d5-457a-819f-82a37f08dfbc,pluggy,25eb5f6d-2529-4377-8de5-e38160459cff,03060000,Proceeds interests and dividends,Income:Salario,-4104.95,BRL
894,0,2026-01-09,*,,Wellhub Gympass BR WellSao Paulo     BR,,,pluggy-9fc79ccb-8afc-4d6b-b51d-7fcaf9a478e7,pluggy,987decad-afee-4c0e-950e-85c3006a4b2e,07030001,Gyms and fitness centers,Liabilities:Credit:BB:Card:PlatinumVisa,-109.9,BRL
894,1,2026-01-09,*,,Wellhub Gympass BR WellSao Paulo     BR,,,pluggy-9fc79ccb-8afc-4d6b-b51d-7fcaf9a478e7,pluggy,987decad-afee-4c0e-950e-85c3006a4b2e,07030001,Gyms and fitness centers,Expenses:Saude:Academia,109.9,BRL
895,0,2026-01-09,*,,LINKEDIN               SAO PAULO     BR,,,pluggy-69038450-73a3-4fa5-a0ee-6a0c024a227c,pluggy,987decad-afee-4c0e-950e-85c3006a4b2e,09000000,Digital services,Liabilities:Credit:BB:Card:PlatinumVisa,-69.99,BRL
895,1,2026-01-09,*,,LINKEDIN               SAO PAULO     BR,,,pluggy-69038450-73a3-4fa5-a0ee-6a0c024a227c,pluggy,987decad-afee-4c0e-950e-85c3006a4b2e,09000000,Digital services,Expenses:Mensalidades:Outras,69.99,BRL
896,0,2026-01-10,*,,PLANEJADA,,,pluggy-54360b71-16c3-41a2-a0eb-e4eb4f148bc4,pluggy,3d0492b4-0d84-49c0-9945-e3e9adc34d51,03000000,Investments,Assets:Investment:BB:Savings,2000,BRL
896,1,2026-01-10,*,,PLANEJADA,,,pluggy-54360b71-16c3-41a2-a0eb-e4eb4f148bc4,pluggy,3d0492b4-0d84-49c0-9945-e3e9adc34d51,03000000,Investments,Assets:Investment:BB:Cash,-2000,BRL
897,0,2026-01-10,*,,PIX - RECEBIDO  10/01 12:08 00015585324713 RAFAEL BARR,,,pluggy-558269d4-f7ff-4fdf-9ee3-a77168a1c689,pluggy,25eb5f6d-2529-4377-8de5-e38160459cff,05070000,Transfer - PIX,Assets:Investment:BB:Cash,5373.1,BRL
897,1,2026-01-10,*,,PIX - RECEBIDO  10/01 12:08 00015585324713 RAFAEL BARR,,,pluggy-558269d4-f7ff-4fdf-9ee3-a77168a1c689,pluggy,25eb5f6d-2529-4377-8de5-e38160459cff,05070000,Transfer - PIX,Equity:Transfers,-5373.1,BRL
898,0,2026-01-10,*,,TRANSF ENVIADA  15/11 GABRIEL BARROS RODRIGUES,,,pluggy-43ac6abb-faf1-4d1b-b4b8-60b8564a1f86,pluggy,25eb5f6d-2529-4377-8de5-e38160459cff,04000000,Same person transfer,Assets:Investment:BB:Cash,-2000,BRL
898,1,2026-01-10,*,,TRANSF ENVIADA  15/11 GABRIEL BARROS RODRIGUES,,,pluggy-43ac6abb-faf1-4d1b-b4b8-60b8564a1f86,pluggy,25eb5f6d-2529-4377-8de5-e38160459cff,04000000,Same person transfer,Assets:Investment:BB:Savings,2000,BRL
899,0,2026-01-10,*,,PIX - ENVIADO   09/01 21:17 ANA CAROLINA DE ABREU ESC,,,pluggy-3a6ed515-da77-42d6-a484-15e66b71d36c,pluggy,25eb5f6d-2529-4377-8de5-e38160459cff,05070000,Transfer - PIX,Assets:Investment:BB:Cash,-130,BRL
899,1,2026-01-10,*,,PIX - ENVIADO   09/01 21:17 ANA CAROLINA DE ABREU ESC,,,pluggy-3a6ed515-da77-42d6-a484-15e66b71d36c,pluggy,25eb5f6d-2529-4377-8de5-e38160459cff,05070000,Transfer - PIX,Expenses:Geral:Caol,130,BRL
900,0,2026-01-12,*,,JUROS S/ CAPITAL DE CLIENTES B3SA3 S/            400,,,pluggy-508acbb8-5187-4b12-9c95-40f52ad5d322,pluggy,e4d40b2d-f720-4570-8fb6-89c9a12e1e2f,03060000,Proceeds interests and dividends,Assets:Investment:XP:Cash,25.33,BRL
900,1,2026-01-12,*,,JUROS S/ CAPITAL DE CLIENTES B3SA3 S/            400,,,pluggy-508acbb8-5187-4b12-9c95-40f52ad5d322,pluggy,e4d40b2d-f720-4570-8fb6-89c9a12e1e2f,03060000,Proceeds interests and dividends,Income:Investment:XP:JCP,-25.33,BRL
901,0,2026-01-12,*,,JUROS S/ CAPITAL DE CLIENTES B3SA3 S/            400,,,pluggy-3d15d307-638a-45a2-9565-bc6ed950f000,pluggy,e4d40b2d-f720-4570-8fb6-89c9a12e1e2f,03060000,Proceeds interests and dividends,Assets:Investment:XP:Cash,28.06,BRL
901,1,2026-01-12,*,,JUROS S/ CAPITAL DE CLIENTES B3SA3 S/            400,,,pluggy-3d15d307-638a-45a2-9565-bc6ed950f000,pluggy,e4d40b2d-f720-4570-8fb6-89c9a12e1e2f,03060000,Proceeds interests and dividends,Income:Investment:XP:JCP,-28.06,BRL
902,0,2026-01-12,*,,PGTO DEBITO CONTA 3836 000000008  200211,,,pluggy-6ef3b5ff-8f78-4886-8e47-b0ea288e12f4,pluggy,75f30132-31a8-4b54-9be0-648009b118db,05060000,Transfer - Internal,Liabilities:Credit:BB:Card:EloGrafite,1109.77,BRL
902,1,2026-01-12,*,,PGTO DEBITO CONTA 3836 000000008  200211,,,pluggy-6ef3b5ff-8f78-4886-8e47-b0ea288e12f4,pluggy,75f30132-31a8-4b54-9be0-648009b118db,05060000,Transfer - Internal,Assets:Investment:BB:Cash,-1109.77,BRL
903,0,2026-01-12,*,,PIX - ENVIADO   12/01 14:26 ANA CAROLINA DE ABREU ESC,,,pluggy-1d9201f3-877a-4fdc-8579-f1a80d544f09,pluggy,25eb5f6d-2529-4377-8de5-e38160459cff,05070000,Transfer - PIX,Assets:Investment:BB:Cash,-300,BRL
903,1,2026-01-12,*,,PIX - ENVIADO   12/01 14:26 ANA CAROLINA DE ABREU ESC,,,pluggy-1d9201f3-877a-4fdc-8579-f1a80d544f09,pluggy,25eb5f6d-2529-4377-8de5-e38160459cff,05070000,Transfer - PIX,Expenses:Geral:Caol,300,BRL
904,0,2026-01-12,*,,UPPER SPORT *PAC       RIO DE JANEIR BR,,,pluggy-705bda2e-e784-4113-9361-c1eb8bd9c31f,pluggy,987decad-afee-4c0e-950e-85c3006a4b2e,07030000,Wellness and fitness,Liabilities:Credit:BB:Card:PlatinumVisa,-295,BRL
904,1,2026-01-12,*,,UPPER SPORT *PAC       RIO DE JANEIR BR,,,pluggy-705bda2e-e784-4113-9361-c1eb8bd9c31f,pluggy,987decad-afee-4c0e-950e-85c3006a4b2e,07030000,Wellness and fitness,Expenses:Saude:Academia,295,BRL
905,0,2026-01-12,*,,Google One             SAO PAULO     BR,,,pluggy-6c48226f-5663-4d56-a511-a5c360741675,pluggy,987decad-afee-4c0e-950e-85c3006a4b2e,07010001,Internet,Liabilities:Credit:BB:Card:PlatinumVisa,-4.5,BRL
905,1,2026-01-12,*,,Google One             SAO PAULO     BR,,,pluggy-6c48226f-5663-4d56-a511-a5c360741675,pluggy,987decad-afee-4c0e-950e-85c3006a4b2e,07010001,Internet,Expenses:Mensalidades:Outras,4.5,BRL
906,0,2026-01-12,*,,PGTO DEBITO CONTA 3836 000009800  200211,,,pluggy-0ebd68f9-7817-4a34-9c82-61f993a6e8d7,pluggy,987decad-afee-4c0e-950e-85c3006a4b2e,05060000,Transfer - Internal,Liabilities:Credit:BB:Card:PlatinumVisa,3669.82,BRL
906,1,2026-01-12,*,,PGTO DEBITO CONTA 3836 000009800  200211,,,pluggy-0ebd68f9-7817-4a34-9c82-61f993a6e8d7,pluggy,987decad-afee-4c0e-950e-85c3006a4b2e,05060000,Transfer - Internal,Assets:Investment:BB:Cash,-3669.82,BRL
907,0,2026-01-13,*,,PROVENTOS       33.000.167/0001-01 PETROLEO BRASILEIRO,,,pluggy-d807bebd-e2ad-4119-bd42-190c29434ee6,pluggy,25eb5f6d-2529-4377-8de5-e38160459cff,03060000,Proceeds interests and dividends,Assets:Investment:BB:Cash,15733.46,BRL
907,1,2026-01-13,*,,PROVENTOS       33.000.167/0001-01 PETROLEO BRASILEIRO,,,pluggy-d807bebd-e2ad-4119-bd42-190c29434ee6,pluggy,25eb5f6d-2529-4377-8de5-e38160459cff,03060000,Proceeds interests and dividends,Income:Salario,-15733.46,BRL
908,0,2026-01-13,*,,PROVENTOS       33.000.167/0001-01 PETROLEO BRASILEIRO,,,pluggy-393fcbe8-af73-4ee6-87e2-9ac4f91aed05,pluggy,25eb5f6d-2529-4377-8de5-e38160459cff,03060000,Proceeds interests and dividends,Assets:Investment:BB:Cash,7363.16,BRL
908,1,2026-01-13,*,,PROVENTOS       33.000.167/0001-01 PETROLEO BRASILEIRO,,,pluggy-393fcbe8-af73-4ee6-87e2-9ac4f91aed05,pluggy,25eb5f6d-2529-4377-8de5-e38160459cff,03060000,Proceeds interests and dividends,Income:Salario,-7363.16,BRL
909,0,2026-01-13,*,,PGTO CARTAO,,,pluggy-ef8d06cd-267a-4ce6-ae4e-fff6d9ad1c72,pluggy,25eb5f6d-2529-4377-8de5-e38160459cff,05100000,Credit card payment,Assets:Investment:BB:Cash,-1109.77,BRL
909,1,2026-01-13,*,,PGTO CARTAO,,,pluggy-ef8d06cd-267a-4ce6-ae4e-fff6d9ad1c72,pluggy,25eb5f6d-2529-4377-8de5-e38160459cff,05100000,Credit card payment,Liabilities:Credit:BB:Card:EloGrafite,1109.77,BRL
910,0,2026-01-13,*,,PGTO CARTAO,,,pluggy-9af3c5d4-45e3-4897-bae9-896a824cc3ac,pluggy,25eb5f6d-2529-4377-8de5-e38160459cff,05100000,Credit card payment,Assets:Investment:BB:Cash,-3669.82,BRL
910,1,2026-01-13,*,,PGTO CARTAO,,,pluggy-9af3c5d4-45e3-4897-bae9-896a824cc3ac,pluggy,25eb5f6d-2529-4377-8de5-e38160459cff,05100000,Credit card payment,Liabilities:Credit:BB:Card:PlatinumVisa,3669.82,BRL
911,0,2026-01-14,*,,FRAÇÕES DE AÇÕES IRIM15,,,pluggy-ebe4edd5-f0f5-4d1a-9b26-a157a4995fc7,pluggy,e4d40b2d-f720-4570-8fb6-89c9a12e1e2f,03000000,Investments,Assets:Investment:XP:Cash,30.99,BRL
911,1,2026-01-14,*,,FRAÇÕES DE AÇÕES IRIM15,,,pluggy-ebe4edd5-f0f5-4d1a-9b26-a157a4995fc7,pluggy,e4d40b2d-f720-4570-8fb6-89c9a12e1e2f,03000000,Investments,Assets:TODO,-30.99,BRL
912,0,2026-01-14,*,,FRAÇÕES DE AÇÕES IRIM15,,,pluggy-ec83c73e-f6c6-49de-ae78-8eb83f242e55,pluggy,ffd6004e-1066-4c1c-9ece-826c45ffda7d,03000000,Investments,Assets:Investment:XP:Cash,30.99,BRL
912,1,2026-01-14,*,,FRAÇÕES DE AÇÕES IRIM15,,,pluggy-ec83c73e-f6c6-49de-ae78-8eb83f242e55,pluggy,ffd6004e-1066-4c1c-9ece-826c45ffda7d,03000000,Investments,Assets:TODO,-30.99,BRL
913,0,2026-01-15,*,,RENDIMENTOS DE CLIENTES HGRU11 S/            129,,,pluggy-8d32d304-3229-4cc5-81f4-d385f4127d29,pluggy,e4d40b2d-f720-4570-8fb6-89c9a12e1e2f,03060000,Proceeds interests and dividends,Assets:Investment:XP:Cash,187.05,BRL
913,1,2026-01-15,*,,RENDIMENTOS DE CLIENTES HGRU11 S/            129,,,pluggy-8d32d304-3229-4cc5-81f4-d385f4127d29,pluggy,e4d40b2d-f720-4570-8fb6-89c9a12e1e2f,03060000,Proceeds interests and dividends,Income:Investment:XP:Rendimento,-187.05,BRL
914,0,2026-01-15,*,,RENDIMENTOS DE CLIENTES HGLG11 S/             99,,,pluggy-76545d98-e0c4-42e9-8425-d7d0cc82ba5c,pluggy,e4d40b2d-f720-4570-8fb6-89c9a12e1e2f,19010000,Taxi and ride-hailing,Assets:Investment:XP:Cash,108.9,BRL
914,1,2026-01-15,*,,RENDIMENTOS DE CLIENTES HGLG11 S/             99,,,pluggy-76545d98-e0c4-42e9-8425-d7d0cc82ba5c,pluggy,e4d40b2d-f720-4570-8fb6-89c9a12e1e2f,19010000,Taxi and ride-hailing,Income:Investment:XP:Rendimento,-108.9,BRL
915,0,2026-01-15,*,,RENDIMENTOS DE CLIENTES HGLG11 S/             99,,,pluggy-6139a816-18d4-4c0c-a4ed-b8631d43e23e,pluggy,ffd6004e-1066-4c1c-9ece-826c45ffda7d,19010000,Taxi and ride-hailing,Assets:Investment:XP:Cash,108.9,BRL
915,1,2026-01-15,*,,RENDIMENTOS DE CLIENTES HGLG11 S/             99,,,pluggy-6139a816-18d4-4c0c-a4ed-b8631d43e23e,pluggy,ffd6004e-1066-4c1c-9ece-826c45ffda7d,19010000,Taxi and ride-hailing,Income:Investment:XP:Rendimento,-108.9,BRL
916,0,2026-01-15,*,,RENDIMENTOS DE CLIENTES PMLL11 S/            153,,,pluggy-2a90521f-17fe-4de1-bfaa-d86ad99049ed,pluggy,e4d40b2d-f720-4570-8fb6-89c9a12e1e2f,03060000,Proceeds interests and dividends,Assets:Investment:XP:Cash,131.58,BRL
916,1,2026-01-15,*,,RENDIMENTOS DE CLIENTES PMLL11 S/            153,,,pluggy-2a90521f-17fe-4de1-bfaa-d86ad99049ed,pluggy,e4d40b2d-f720-4570-8fb6-89c9a12e1e2f,03060000,Proceeds interests and dividends,Income:Investment:XP:Rendimento,-131.58,BRL
917,0,2026-01-15,*,,RENDIMENTOS DE CLIENTES PMLL11 S/            153,,,pluggy-5da30c49-0d9d-4c1c-8956-b6b9aac2a6f0,pluggy,ffd6004e-1066-4c1c-9ece-826c45ffda7d,03060000,Proceeds interests and dividends,Assets:Investment:XP:Cash,131.58,BRL
917,1,2026-01-15,*,,RENDIMENTOS DE CLIENTES PMLL11 S/            153,,,pluggy-5da30c49-0d9d-4c1c-8956-b6b9aac2a6f0,pluggy,ffd6004e-1066-4c1c-9ece-826c45ffda7d,03060000,Proceeds interests and dividends,Income:Investment:XP:Rendimento,-131.58,BRL
918,0,2026-01-15,*,,RENDIMENTOS DE CLIENTES HGRU11 S/            129,,,pluggy-0d09e42b-a4c8-4ae3-95e1-2433a804dafa,pluggy,ffd6004e-1066-4c1c-9ece-826c45ffda7d,03060000,Proceeds interests and dividends,Assets:Investment:XP:Cash,187.05,BRL
918,1,2026-01-15,*,,RENDIMENTOS DE CLIENTES HGRU11 S/            129,,,pluggy-0d09e42b-a4c8-4ae3-95e1-2433a804dafa,pluggy,ffd6004e-1066-4c1c-9ece-826c45ffda7d,03060000,Proceeds interests and dividends,Income:Investment:XP:Rendimento,-187.05,BRL
919,0,2026-01-15,*,,RECEB FORNEC    39.427.632/0001-71 ASSOCIACAO PETROBRA,,,pluggy-d5d346e6-f91b-4afa-953c-010d5b0fe651,pluggy,25eb5f6d-2529-4377-8de5-e38160459cff,01000000,Income,Assets:Investment:BB:Cash,122,BRL
919,1,2026-01-15,*,,RECEB FORNEC    39.427.632/0001-71 ASSOCIACAO PETROBRA,,,pluggy-d5d346e6-f91b-4afa-953c-010d5b0fe651,pluggy,25eb5f6d-2529-4377-8de5-e38160459cff,01000000,Income,Income:Reembolso,-122,BRL
920,0,2026-01-16,*,,RENDIMENTOS DE CLIENTES PCIP11 S/            121,,,pluggy-8d65b981-8f61-40aa-b05e-1fa26a9126a6,pluggy,e4d40b2d-f720-4570-8fb6-89c9a12e1e2f,03060000,Proceeds interests and dividends,Assets:Investment:XP:Cash,106.48,BRL
920,1,2026-01-16,*,,RENDIMENTOS DE CLIENTES PCIP11 S/            121,,,pluggy-8d65b981-8f61-40aa-b05e-1fa26a9126a6,pluggy,e4d40b2d-f720-4570-8fb6-89c9a12e1e2f,03060000,Proceeds interests and dividends,Income:Investment:XP:Rendimento,-106.48,BRL
921,0,2026-01-16,*,,DIVIDENDOS DE CLIENTES CXSE3 S/            300,,,pluggy-7c89d6c1-fed2-4bba-9b5c-6299386c4df3,pluggy,e4d40b2d-f720-4570-8fb6-89c9a12e1e2f,03060000,Proceeds interests and dividends,Assets:Investment:XP:Cash,105,BRL
921,1,2026-01-16,*,,DIVIDENDOS DE CLIENTES CXSE3 S/            300,,,pluggy-7c89d6c1-fed2-4bba-9b5c-6299386c4df3,pluggy,e4d40b2d-f720-4570-8fb6-89c9a12e1e2f,03060000,Proceeds interests and dividends,Income:Investment:XP:Dividend,-105,BRL
922,0,2026-01-16,*,,RENDIMENTOS DE CLIENTES CXSE3 S/            300,,,pluggy-f1573a55-d4b1-4abc-bdca-0eda08f3f134,pluggy,ffd6004e-1066-4c1c-9ece-826c45ffda7d,03060000,Proceeds interests and dividends,Assets:Investment:XP:Cash,0.49,BRL
922,1,2026-01-16,*,,RENDIMENTOS DE CLIENTES CXSE3 S/            300,,,pluggy-f1573a55-d4b1-4abc-bdca-0eda08f3f134,pluggy,ffd6004e-1066-4c1c-9ece-826c45ffda7d,03060000,Proceeds interests and dividends,Income:Investment:XP:Rendimento,-0.49,BRL
923,0,2026-01-16,*,,RENDIMENTOS DE CLIENTES CXSE3 S/            300,,,pluggy-2a7ce636-808a-4a55-99d5-5b4f682f619e,pluggy,e4d40b2d-f720-4570-8fb6-89c9a12e1e2f,03060000,Proceeds interests and dividends,Assets:Investment:XP:Cash,0.49,BRL
923,1,2026-01-16,*,,RENDIMENTOS DE CLIENTES CXSE3 S/            300,,,pluggy-2a7ce636-808a-4a55-99d5-5b4f682f619e,pluggy,e4d40b2d-f720-4570-8fb6-89c9a12e1e2f,03060000,Proceeds interests and dividends,Income:Investment:XP:Rendimento,-0.49,BRL
924,0,2026-01-16,*,,RENDIMENTOS DE CLIENTES PCIP11 S/            121,,,pluggy-97ec99f8-57d0-4a69-98be-e71afda14602,pluggy,ffd6004e-1066-4c1c-9ece-826c45ffda7d,03060000,Proceeds interests and dividends,Assets:Investment:XP:Cash,106.48,BRL
924,1,2026-01-16,*,,RENDIMENTOS DE CLIENTES PCIP11 S/            121,,,pluggy-97ec99f8-57d0-4a69-98be-e71afda14602,pluggy,ffd6004e-1066-4c1c-9ece-826c45ffda7d,03060000,Proceeds interests and dividends,Income:Investment:XP:Rendimento,-106.48,BRL
925,0,2026-01-16,*,,DIVIDENDOS DE CLIENTES CXSE3 S/            300,,,pluggy-4670aade-a570-48fa-ada8-4e21e1aebed8,pluggy,ffd6004e-1066-4c1c-9ece-826c45ffda7d,03060000,Proceeds interests and dividends,Assets:Investment:XP:Cash,105,BRL
925,1,2026-01-16,*,,DIVIDENDOS DE CLIENTES CXSE3 S/            300,,,pluggy-4670aade-a570-48fa-ada8-4e21e1aebed8,pluggy,ffd6004e-1066-4c1c-9ece-826c45ffda7d,03060000,Proceeds interests and dividends,Income:Investment:XP:Dividend,-105,BRL
926,0,2026-01-17,*,,PIX - ENVIADO   17/01 10:16 RAFAEL BARROS RODRIGUES,,,pluggy-c5352268-fc57-4811-98a4-d0681cc71e20,pluggy,25eb5f6d-2529-4377-8de5-e38160459cff,05070000,Transfer - PIX,Assets:Investment:BB:Cash,-585,BRL
926,1,2026-01-17,*,,PIX - ENVIADO   17/01 10:16 RAFAEL BARROS RODRIGUES,,,pluggy-c5352268-fc57-4811-98a4-d0681cc71e20,pluggy,25eb5f6d-2529-4377-8de5-e38160459cff,05070000,Transfer - PIX,Expenses:Geral,585,BRL
927,0,2026-01-17,*,,PIX OFB ENVIO   16/01 22:33 PIX Marketplace,,,pluggy-fc87ed45-0c76-4a2c-8cae-60cfc6b6e8a0,pluggy,25eb5f6d-2529-4377-8de5-e38160459cff,05070000,Transfer - PIX,Assets:Investment:BB:Cash,-34.98,BRL
927,1,2026-01-17,*,,PIX OFB ENVIO   16/01 22:33 PIX Marketplace,,,pluggy-fc87ed45-0c76-4a2c-8cae-60cfc6b6e8a0,pluggy,25eb5f6d-2529-4377-8de5-e38160459cff,05070000,Transfer - PIX,Expenses:Geral,34.98,BRL
928,0,2026-01-17,*,,Google One             SAO PAULO     BR,,,pluggy-815ca90c-806a-4e9a-a471-8ed18e35f249,pluggy,987decad-afee-4c0e-950e-85c3006a4b2e,09000000,Digital services,Liabilities:Credit:BB:Card:PlatinumVisa,-9.99,BRL
928,1,2026-01-17,*,,Google One             SAO PAULO     BR,,,pluggy-815ca90c-806a-4e9a-a471-8ed18e35f249,pluggy,987decad-afee-4c0e-950e-85c3006a4b2e,09000000,Digital services,Expenses:Mensalidades:Outras,9.99,BRL
929,0,2026-01-19,*,,DROGARIAS PACHECO SA   RIO DE JANEIR BR,,,pluggy-f5b27de5-1834-480a-9a81-2ef4b6e91204,pluggy,987decad-afee-4c0e-950e-85c3006a4b2e,18020000,Pharmacy,Liabilities:Credit:BB:Card:PlatinumVisa,-119.98,BRL
929,1,2026-01-19,*,,DROGARIAS PACHECO SA   RIO DE JANEIR BR,,,pluggy-f5b27de5-1834-480a-9a81-2ef4b6e91204,pluggy,987decad-afee-4c0e-950e-85c3006a4b2e,18020000,Pharmacy,Expenses:Saude:Farmacia,119.98,BRL
930,0,2026-01-20,*,,PIX - ENVIADO   20/01 19:55 TIM S A,,,pluggy-bc82a8b8-e9b3-45c1-ab44-e6a8b2426f85,pluggy,25eb5f6d-2529-4377-8de5-e38160459cff,05070000,Transfer - PIX,Assets:Investment:BB:Cash,-120.98,BRL
930,1,2026-01-20,*,,PIX - ENVIADO   20/01 19:55 TIM S A,,,pluggy-bc82a8b8-e9b3-45c1-ab44-e6a8b2426f85,pluggy,25eb5f6d-2529-4377-8de5-e38160459cff,05070000,Transfer - PIX,Expenses:Comunicacao:Telefone,120.98,BRL
931,0,2026-01-21,*,,UBER * PENDING         SAO PAULO     BR,,,pluggy-9bbf00ab-dbe5-490f-b69c-e4fb5fe6fd0b,pluggy,987decad-afee-4c0e-950e-85c3006a4b2e,19010000,Taxi and ride-hailing,Liabilities:Credit:BB:Card:PlatinumVisa,-87.96,BRL
931,1,2026-01-21,*,,UBER * PENDING         SAO PAULO     BR,,,pluggy-9bbf00ab-dbe5-490f-b69c-e4fb5fe6fd0b,pluggy,987decad-afee-4c0e-950e-85c3006a4b2e,19010000,Taxi and ride-hailing,Expenses:Transporte:Uber,87.96,BRL
932,0,2026-01-22,*,,RENDIMENTOS DE CLIENTES AFHI11 S/            106,,,pluggy-c8221bf1-9bd2-45a2-b799-2f019ebab50a,pluggy,e4d40b2d-f720-4570-8fb6-89c9a12e1e2f,03060000,Proceeds interests and dividends,Assets:Investment:XP:Cash,107.06,BRL
932,1,2026-01-22,*,,RENDIMENTOS DE CLIENTES AFHI11 S/            106,,,pluggy-c8221bf1-9bd2-45a2-b799-2f019ebab50a,pluggy,e4d40b2d-f720-4570-8fb6-89c9a12e1e2f,03060000,Proceeds interests and dividends,Income:Investment:XP:Rendimento,-107.06,BRL
933,0,2026-01-22,*,,RENDIMENTOS DE CLIENTES AFHI11 S/            106,,,pluggy-c8d7672e-e0f0-47c6-bf8a-ea633d338d57,pluggy,ffd6004e-1066-4c1c-9ece-826c45ffda7d,03060000,Proceeds interests and dividends,Assets:Investment:XP:Cash,107.06,BRL
933,1,2026-01-22,*,,RENDIMENTOS DE CLIENTES AFHI11 S/            106,,,pluggy-c8d7672e-e0f0-47c6-bf8a-ea633d338d57,pluggy,ffd6004e-1066-4c1c-9ece-826c45ffda7d,03060000,Proceeds interests and dividends,Income:Investment:XP:Rendimento,-107.06,BRL
934,0,2026-01-22,*,,SUPERM PRINCESA LJ 165 RIO DE JANEIR BR,,,pluggy-d28e83cc-9b26-417a-97a4-9986a45b91fc,pluggy,987decad-afee-4c0e-950e-85c3006a4b2e,10000000,Groceries,Liabilities:Credit:BB:Card:PlatinumVisa,-152.59,BRL
934,1,2026-01-22,*,,SUPERM PRINCESA LJ 165 RIO DE JANEIR BR,,,pluggy-d28e83cc-9b26-417a-97a4-9986a45b91fc,pluggy,987decad-afee-4c0e-950e-85c3006a4b2e,10000000,Groceries,Expenses:Alimentação:Mercado,152.59,BRL
935,0,2026-01-23,*,,PIX RECEBIDO - Cp :00000000-GABRIEL BARROS RODRIGUES,,,pluggy-480b0774-af86-441d-8287-1b63da6a3888,pluggy,0cdf88ca-4715-44e5-bec6-ba37a59b2ede,05070000,Transfer - PIX,Assets:Investment:Inter:Cash,23000,BRL
935,1,2026-01-23,*,,PIX RECEBIDO - Cp :00000000-GABRIEL BARROS RODRIGUES,,,pluggy-480b0774-af86-441d-8287-1b63da6a3888,pluggy,0cdf88ca-4715-44e5-bec6-ba37a59b2ede,05070000,Transfer - PIX,Assets:Investment:BB:Cash,-23000,BRL
936,0,2026-01-23,*,,TRANSF CTA,,,pluggy-b643d1e1-65a9-4ce8-8983-15ab4c96e5f0,pluggy,3d0492b4-0d84-49c0-9945-e3e9adc34d51,04000000,Same person transfer,Assets:Investment:BB:Savings,-2000,BRL
936,1,2026-01-23,*,,TRANSF CTA,,,pluggy-b643d1e1-65a9-4ce8-8983-15ab4c96e5f0,pluggy,3d0492b4-0d84-49c0-9945-e3e9adc34d51,04000000,Same person transfer,Assets:Investment:BB:Cash,2000,BRL
937,0,2026-01-23,*,,OPERAÇÕES EM BOLSA PR 23/01/2026 NOTA Nº 128645561,,,pluggy-fae583ca-fcfe-43ac-b21f-b9fb98528e22,pluggy,e4d40b2d-f720-4570-8fb6-89c9a12e1e2f,03000000,Investments,Assets:Investment:XP:Cash,-24914.33,BRL
937,1,2026-01-23,*,,OPERAÇÕES EM BOLSA PR 23/01/2026 NOTA Nº 128645561,,,pluggy-fae583ca-fcfe-43ac-b21f-b9fb98528e22,pluggy,e4d40b2d-f720-4570-8fb6-89c9a12e1e2f,03000000,Investments,Assets:TODO,24914.33,BRL
938,0,2026-01-23,*,,TED BCO 001 AGE 3836  CTA 162876  - RECEBIMENTO DE TED - SPB,,,pluggy-f8af159a-c2c2-43bc-af2b-82045dbd999b,pluggy,e4d40b2d-f720-4570-8fb6-89c9a12e1e2f,05080000,Transfer - TED,Assets:Investment:XP:Cash,12000,BRL
938,1,2026-01-23,*,,TED BCO 001 AGE 3836  CTA 162876  - RECEBIMENTO DE TED - SPB,,,pluggy-f8af159a-c2c2-43bc-af2b-82045dbd999b,pluggy,e4d40b2d-f720-4570-8fb6-89c9a12e1e2f,05080000,Transfer - TED,Assets:Investment:BB:Cash,-12000,BRL
939,0,2026-01-23,*,,TED BCO 001 AGE 3836  CTA 162876  - RECEBIMENTO DE TED - SPB,,,pluggy-4264d968-51cb-4612-855b-1b928e39ea22,pluggy,ffd6004e-1066-4c1c-9ece-826c45ffda7d,05080000,Transfer - TED,Assets:Investment:XP:Cash,12000,BRL
939,1,2026-01-23,*,,TED BCO 001 AGE 3836  CTA 162876  - RECEBIMENTO DE TED - SPB,,,pluggy-4264d968-51cb-4612-855b-1b928e39ea22,pluggy,ffd6004e-1066-4c1c-9ece-826c45ffda7d,05080000,Transfer - TED,Assets:Investment:BB:Cash,-12000,BRL
940,0,2026-01-23,*,,TED             102 0001 15585325795 GABRIEL BARROS RO,,,pluggy-b88aab8e-f356-40eb-8fbe-537bf56c3967,pluggy,25eb5f6d-2529-4377-8de5-e38160459cff,04000000,Same person transfer,Assets:Investment:BB:Cash,-12000,BRL
940,1,2026-01-23,*,,TED             102 0001 15585325795 GABRIEL BARROS RO,,,pluggy-b88aab8e-f356-40eb-8fbe-537bf56c3967,pluggy,25eb5f6d-2529-4377-8de5-e38160459cff,04000000,Same person transfer,Assets:Investment:XP:Cash,12000,BRL
941,0,2026-01-23,*,,PIX - ENVIADO   23/01 14:30 GABRIEL BARROS RODRIGUES,,,pluggy-b8bd8a8f-dd65-43c4-8783-8deaefebd6be,pluggy,25eb5f6d-2529-4377-8de5-e38160459cff,04000000,Same person transfer,Assets:Investment:BB:Cash,-23000,BRL
941,1,2026-01-23,*,,PIX - ENVIADO   23/01 14:30 GABRIEL BARROS RODRIGUES,,,pluggy-b8bd8a8f-dd65-43c4-8783-8deaefebd6be,pluggy,25eb5f6d-2529-4377-8de5-e38160459cff,04000000,Same person transfer,Assets:Investment:Inter:Cash,23000,BRL
942,0,2026-01-23,*,,TRF POUPANCA    23/01 12:34 GABRIEL BARROS RODRIGUES,,,pluggy-d98113bb-0e6d-4320-bde1-d4691edfbb2d,pluggy,25eb5f6d-2529-4377-8de5-e38160459cff,04000000,Same person transfer,Assets:Investment:BB:Cash,2000,BRL
942,1,2026-01-23,*,,TRF POUPANCA    23/01 12:34 GABRIEL BARROS RODRIGUES,,,pluggy-d98113bb-0e6d-4320-bde1-d4691edfbb2d,pluggy,25eb5f6d-2529-4377-8de5-e38160459cff,04000000,Same person transfer,Assets:Investment:BB:Savings,-2000,BRL
943,0,2026-01-24,*,,PLANEJADA,,,pluggy-467239cd-f822-4046-bf46-0c3a74e7e7bb,pluggy,3d0492b4-0d84-49c0-9945-e3e9adc34d51,03000000,Investments,Assets:Investment:BB:Savings,2000,BRL
943,1,2026-01-24,*,,PLANEJADA,,,pluggy-467239cd-f822-4046-bf46-0c3a74e7e7bb,pluggy,3d0492b4-0d84-49c0-9945-e3e9adc34d51,03000000,Investments,Assets:Investment:BB:Cash,-2000,BRL
944,0,2026-01-24,*,,PLANEJADA,,,pluggy-d4de283c-f1c5-4914-baed-d49b8b3e97cf,pluggy,3d0492b4-0d84-49c0-9945-e3e9adc34d51,03000000,Investments,Assets:Investment:BB:Savings,2000,BRL
944,1,2026-01-24,*,,PLANEJADA,,,pluggy-d4de283c-f1c5-4914-baed-d49b8b3e97cf,pluggy,3d0492b4-0d84-49c0-9945-e3e9adc34d51,03000000,Investments,Assets:Investment:BB:Cash,-2000,BRL
945,0,2026-01-24,*,,PRINCESA AUTO S DE COM RIO DE JANEIR BR,,,pluggy-a1d000e7-fe5b-44a7-af9f-e925687ab300,pluggy,75f30132-31a8-4b54-9be0-648009b118db,10000000,Groceries,Liabilities:Credit:BB:Card:EloGrafite,-55.41,BRL
945,1,2026-01-24,*,,PRINCESA AUTO S DE COM RIO DE JANEIR BR,,,pluggy-a1d000e7-fe5b-44a7-af9f-e925687ab300,pluggy,75f30132-31a8-4b54-9be0-648009b118db,10000000,Groceries,Expenses:Alimentação:Mercado,55.41,BRL
946,0,2026-01-24,*,,DROGARIAS PACHECO      RIO DE JANEIR BR,,,pluggy-2ce7b47f-bbbc-4d4d-857c-9866fcabb45a,pluggy,75f30132-31a8-4b54-9be0-648009b118db,18020000,Pharmacy,Liabilities:Credit:BB:Card:EloGrafite,-71.97,BRL
946,1,2026-01-24,*,,DROGARIAS PACHECO      RIO DE JANEIR BR,,,pluggy-2ce7b47f-bbbc-4d4d-857c-9866fcabb45a,pluggy,75f30132-31a8-4b54-9be0-648009b118db,18020000,Pharmacy,Expenses:Saude:Farmacia,71.97,BRL
947,0,2026-01-24,*,,TRANSF ENVIADA  15/11 GABRIEL BARROS RODRIGUES,,,pluggy-2fb44281-3bc2-4b32-ba59-2771e23ffba5,pluggy,25eb5f6d-2529-4377-8de5-e38160459cff,04000000,Same person transfer,Assets:Investment:BB:Cash,-2000,BRL
947,1,2026-01-24,*,,TRANSF ENVIADA  15/11 GABRIEL BARROS RODRIGUES,,,pluggy-2fb44281-3bc2-4b32-ba59-2771e23ffba5,pluggy,25eb5f6d-2529-4377-8de5-e38160459cff,04000000,Same person transfer,Assets:Investment:BB:Savings,2000,BRL
948,0,2026-01-24,*,,TRANSF ENVIADA  15/11 GABRIEL BARROS RODRIGUES,,,pluggy-17eb6249-eb57-4ad0-b92e-ba739bef2e9c,pluggy,25eb5f6d-2529-4377-8de5-e38160459cff,04000000,Same person transfer,Assets:Investment:BB:Cash,-2000,BRL
948,1,2026-01-24,*,,TRANSF ENVIADA  15/11 GABRIEL BARROS RODRIGUES,,,pluggy-17eb6249-eb57-4ad0-b92e-ba739bef2e9c,pluggy,25eb5f6d-2529-4377-8de5-e38160459cff,04000000,Same person transfer,Assets:Investment:BB:Savings,2000,BRL
949,0,2026-01-24,*,,PROVENTOS       33.000.167/0001-01 PETROLEO BRASILEIRO,,,pluggy-927b660d-8cfa-4ace-aa20-d61e9f883298,pluggy,25eb5f6d-2529-4377-8de5-e38160459cff,03060000,Proceeds interests and dividends,Assets:Investment:BB:Cash,3440.84,BRL
949,1,2026-01-24,*,,PROVENTOS       33.000.167/0001-01 PETROLEO BRASILEIRO,,,pluggy-927b660d-8cfa-4ace-aa20-d61e9f883298,pluggy,25eb5f6d-2529-4377-8de5-e38160459cff,03060000,Proceeds interests and dividends,Income:Salario,-3440.84,BRL
950,0,2026-01-24,*,,UBER * PENDING         SAO PAULO     BR,,,pluggy-35ac965f-a142-48d9-ac28-4ca4237f008d,pluggy,987decad-afee-4c0e-950e-85c3006a4b2e,19010000,Taxi and ride-hailing,Liabilities:Credit:BB:Card:PlatinumVisa,-18.94,BRL
950,1,2026-01-24,*,,UBER * PENDING         SAO PAULO     BR,,,pluggy-35ac965f-a142-48d9-ac28-4ca4237f008d,pluggy,987decad-afee-4c0e-950e-85c3006a4b2e,19010000,Taxi and ride-hailing,Expenses:Transporte:Uber,18.94,BRL
951,0,2026-01-24,*,,DROGARIAS PACHECO      RIO DE JANEIR BR,,,pluggy-2296e83c-fe3b-4fb9-9d2b-6a9305d7d979,pluggy,987decad-afee-4c0e-950e-85c3006a4b2e,18020000,Pharmacy,Liabilities:Credit:BB:Card:PlatinumVisa,-290.62,BRL
951,1,2026-01-24,*,,DROGARIAS PACHECO      RIO DE JANEIR BR,,,pluggy-2296e83c-fe3b-4fb9-9d2b-6a9305d7d979,pluggy,987decad-afee-4c0e-950e-85c3006a4b2e,18020000,Pharmacy,Expenses:Saude:Farmacia,290.62,BRL
952,0,2026-01-25,*,,PIX - ENVIADO   25/01 16:49 Jéssica Delfina de Barros,,,pluggy-b2219790-cf5d-4137-a644-57537c79d276,pluggy,25eb5f6d-2529-4377-8de5-e38160459cff,05070000,Transfer - PIX,Assets:Investment:BB:Cash,-12,BRL
952,1,2026-01-25,*,,PIX - ENVIADO   25/01 16:49 Jéssica Delfina de Barros,,,pluggy-b2219790-cf5d-4137-a644-57537c79d276,pluggy,25eb5f6d-2529-4377-8de5-e38160459cff,05070000,Transfer - PIX,Expenses:Geral,12,BRL
953,0,2026-01-26,*,,PRINCESA AUTO S DE COM RIO DE JANEIR BR,,,pluggy-9fb1d4ba-cdf5-4a3c-a7e7-8d25916fe40f,pluggy,75f30132-31a8-4b54-9be0-648009b118db,10000000,Groceries,Liabilities:Credit:BB:Card:EloGrafite,-34.52,BRL
953,1,2026-01-26,*,,PRINCESA AUTO S DE COM RIO DE JANEIR BR,,,pluggy-9fb1d4ba-cdf5-4a3c-a7e7-8d25916fe40f,pluggy,75f30132-31a8-4b54-9be0-648009b118db,10000000,Groceries,Expenses:Alimentação:Mercado,34.52,BRL
954,0,2026-01-26,*,,PIX - ENVIADO   26/01 16:54 VITORIO ESPOSITO,,,pluggy-38f3e625-2b8c-4978-b5a2-c1bb01d349c6,pluggy,25eb5f6d-2529-4377-8de5-e38160459cff,05070000,Transfer - PIX,Assets:Investment:BB:Cash,-45,BRL
954,1,2026-01-26,*,,PIX - ENVIADO   26/01 16:54 VITORIO ESPOSITO,,,pluggy-38f3e625-2b8c-4978-b5a2-c1bb01d349c6,pluggy,25eb5f6d-2529-4377-8de5-e38160459cff,05070000,Transfer - PIX,Expenses:Pessoal:Cabeleireiro,45,BRL
955,0,2026-01-27,*,,DEBITO ONLINE TD - Prot.94776946 IPCA+ 2050,,,pluggy-983e0494-576b-42ab-b371-25d4a33230f4,pluggy,0cdf88ca-4715-44e5-bec6-ba37a59b2ede,,,Assets:Investment:Inter:Cash,-22991.81,BRL
955,1,2026-01-27,*,,DEBITO ONLINE TD - Prot.94776946 IPCA+ 2050,,,pluggy-983e0494-576b-42ab-b371-25d4a33230f4,pluggy,0cdf88ca-4715-44e5-bec6-ba37a59b2ede,,,Assets:TODO,22991.81,BRL
956,0,2026-01-27,*,,PbAdministradora       RIO DE JANEIR BR,,,pluggy-454a8b44-f451-4a29-8c1a-8d88d21e86dc,pluggy,75f30132-31a8-4b54-9be0-648009b118db,19050002,Parking,Liabilities:Credit:BB:Card:EloGrafite,-23.5,BRL
956,1,2026-01-27,*,,PbAdministradora       RIO DE JANEIR BR,,,pluggy-454a8b44-f451-4a29-8c1a-8d88d21e86dc,pluggy,75f30132-31a8-4b54-9be0-648009b118db,19050002,Parking,Expenses:Alimentação:Restaurante,23.5,BRL
957,0,2026-01-27,*,,METRO RJ               RIO DE JANEIR BR,,,pluggy-0a226109-9137-4d6a-ab74-19015cd6225f,pluggy,75f30132-31a8-4b54-9be0-648009b118db,19020000,Public transportation,Liabilities:Credit:BB:Card:EloGrafite,-7.9,BRL
957,1,2026-01-27,*,,METRO RJ               RIO DE JANEIR BR,,,pluggy-0a226109-9137-4d6a-ab74-19015cd6225f,pluggy,75f30132-31a8-4b54-9be0-648009b118db,19020000,Public transportation,Expenses:Transporte:TransportePublico,7.9,BRL
958,0,2026-01-27,*,,PIX - ENVIADO   27/01 18:15 ANA CAROLINA DE ABREU ESC,,,pluggy-8642c24d-7985-4e32-a67d-d9b7c7792802,pluggy,25eb5f6d-2529-4377-8de5-e38160459cff,05070000,Transfer - PIX,Assets:Investment:BB:Cash,-1710,BRL
958,1,2026-01-27,*,,PIX - ENVIADO   27/01 18:15 ANA CAROLINA DE ABREU ESC,,,pluggy-8642c24d-7985-4e32-a67d-d9b7c7792802,pluggy,25eb5f6d-2529-4377-8de5-e38160459cff,05070000,Transfer - PIX,Expenses:Geral:Caol,1710,BRL
959,0,2026-01-27,*,,PIX - ENVIADO   27/01 10:34 MAIS.MOBI,,,pluggy-8082af59-90b7-4b20-8269-5741be390c86,pluggy,25eb5f6d-2529-4377-8de5-e38160459cff,05070000,Transfer - PIX,Assets:Investment:BB:Cash,-75,BRL
959,1,2026-01-27,*,,PIX - ENVIADO   27/01 10:34 MAIS.MOBI,,,pluggy-8082af59-90b7-4b20-8269-5741be390c86,pluggy,25eb5f6d-2529-4377-8de5-e38160459cff,05070000,Transfer - PIX,Expenses:Transporte:TransportePublico,75,BRL
960,0,2026-01-27,*,,PROVENTOS       33.000.167/0001-01 PETROLEO BRASILEIRO,,,pluggy-e98d37ed-1000-4ed7-8585-0394d65cf4a7,pluggy,25eb5f6d-2529-4377-8de5-e38160459cff,03060000,Proceeds interests and dividends,Assets:Investment:BB:Cash,5470.42,BRL
960,1,2026-01-27,*,,PROVENTOS       33.000.167/0001-01 PETROLEO BRASILEIRO,,,pluggy-e98d37ed-1000-4ed7-8585-0394d65cf4a7,pluggy,25eb5f6d-2529-4377-8de5-e38160459cff,03060000,Proceeds interests and dividends,Income:Salario,-5470.42,BRL
961,0,2026-01-27,*,,UBER * PENDING         SAO PAULO     BR,,,pluggy-b2abe77c-432b-44e6-ae9e-fcd158642ef9,pluggy,987decad-afee-4c0e-950e-85c3006a4b2e,19010000,Taxi and ride-hailing,Liabilities:Credit:BB:Card:PlatinumVisa,-12.97,BRL
961,1,2026-01-27,*,,UBER * PENDING         SAO PAULO     BR,,,pluggy-b2abe77c-432b-44e6-ae9e-fcd158642ef9,pluggy,987decad-afee-4c0e-950e-85c3006a4b2e,19010000,Taxi and ride-hailing,Expenses:Transporte:Uber,12.97,BRL
962,0,2026-01-28,*,,JUROS S/ CAPITAL DE CLIENTES TAEE11 S/            700,,,pluggy-f0430774-7834-42a8-ae75-e730ea7d429c,pluggy,e4d40b2d-f720-4570-8fb6-89c9a12e1e2f,02020000,Interests charged,Assets:Investment:XP:Cash,249.55,BRL
962,1,2026-01-28,*,,JUROS S/ CAPITAL DE CLIENTES TAEE11 S/            700,,,pluggy-f0430774-7834-42a8-ae75-e730ea7d429c,pluggy,e4d40b2d-f720-4570-8fb6-89c9a12e1e2f,02020000,Interests charged,Income:Investment:XP:JCP,-249.55,BRL
963,0,2026-01-28,*,,DIVIDENDOS DE CLIENTES TAEE11 S/            700,,,pluggy-30820e84-d668-47b8-b13a-123f51b8e2d8,pluggy,e4d40b2d-f720-4570-8fb6-89c9a12e1e2f,03060000,Proceeds interests and dividends,Assets:Investment:XP:Cash,363.26,BRL
963,1,2026-01-28,*,,DIVIDENDOS DE CLIENTES TAEE11 S/            700,,,pluggy-30820e84-d668-47b8-b13a-123f51b8e2d8,pluggy,e4d40b2d-f720-4570-8fb6-89c9a12e1e2f,03060000,Proceeds interests and dividends,Income:Investment:XP:Dividend,-363.26,BRL
964,0,2026-01-28,*,,DIVIDENDOS DE CLIENTES TAEE11 S/            700,,,pluggy-fa2b1e78-e0ae-4194-9dad-e56f866a6c2a,pluggy,ffd6004e-1066-4c1c-9ece-826c45ffda7d,03060000,Proceeds interests and dividends,Assets:Investment:XP:Cash,363.26,BRL
964,1,2026-01-28,*,,DIVIDENDOS DE CLIENTES TAEE11 S/            700,,,pluggy-fa2b1e78-e0ae-4194-9dad-e56f866a6c2a,pluggy,ffd6004e-1066-4c1c-9ece-826c45ffda7d,03060000,Proceeds interests and dividends,Income:Investment:XP:Dividend,-363.26,BRL
965,0,2026-01-28,*,,JUROS S/ CAPITAL DE CLIENTES TAEE11 S/            700,,,pluggy-e6cb4518-ca09-4b67-92ea-03c5f5b53c78,pluggy,ffd6004e-1066-4c1c-9ece-826c45ffda7d,02020000,Interests charged,Assets:Investment:XP:Cash,249.55,BRL
965,1,2026-01-28,*,,JUROS S/ CAPITAL DE CLIENTES TAEE11 S/            700,,,pluggy-e6cb4518-ca09-4b67-92ea-03c5f5b53c78,pluggy,ffd6004e-1066-4c1c-9ece-826c45ffda7d,02020000,Interests charged,Income:Investment:XP:JCP,-249.55,BRL
966,0,2026-01-28,*,,CAFE FLAMENGO LANCHES  RIO DE JANEIR BR,,,pluggy-adc6ac5a-ba57-4605-8a67-49cff646fb5e,pluggy,75f30132-31a8-4b54-9be0-648009b118db,11010000,Eating out,Liabilities:Credit:BB:Card:EloGrafite,-69.74,BRL
966,1,2026-01-28,*,,CAFE FLAMENGO LANCHES  RIO DE JANEIR BR,,,pluggy-adc6ac5a-ba57-4605-8a67-49cff646fb5e,pluggy,75f30132-31a8-4b54-9be0-648009b118db,11010000,Eating out,Expenses:Alimentação:Restaurante,69.74,BRL
967,0,2026-01-28,*,,DOUTOR SILVESTRE       RIO DE JANEIR BR,,,pluggy-d5acea5a-3a70-41e2-a657-bd098f480e3b,pluggy,75f30132-31a8-4b54-9be0-648009b118db,05000000,Transfers,Liabilities:Credit:BB:Card:EloGrafite,-155,BRL
967,1,2026-01-28,*,,DOUTOR SILVESTRE       RIO DE JANEIR BR,,,pluggy-d5acea5a-3a70-41e2-a657-bd098f480e3b,pluggy,75f30132-31a8-4b54-9be0-648009b118db,05000000,Transfers,Expenses:Pet:Veterinario,155,BRL
968,0,2026-01-28,*,,ANUIDADE DIFERENCIADA ADC-PARC 03/12 BR,,,pluggy-ae3f6a09-e041-4be0-b2ba-2915f09a518e,pluggy,987decad-afee-4c0e-950e-85c3006a4b2e,16030000,Credit card fees,Liabilities:Credit:BB:Card:PlatinumVisa,-22.75,BRL
968,1,2026-01-28,*,,ANUIDADE DIFERENCIADA ADC-PARC 03/12 BR,,,pluggy-ae3f6a09-e041-4be0-b2ba-2915f09a518e,pluggy,987decad-afee-4c0e-950e-85c3006a4b2e,16030000,Credit card fees,Expenses:Taxas:Banco,22.75,BRL
969,0,2026-01-29,*,,POSTO SHELL            RIO DE JANEIR BR,,,pluggy-eab16898-1ce0-425c-8e20-dabc0c745a16,pluggy,75f30132-31a8-4b54-9be0-648009b118db,19050001,Gas stations,Liabilities:Credit:BB:Card:EloGrafite,-100,BRL
969,1,2026-01-29,*,,POSTO SHELL            RIO DE JANEIR BR,,,pluggy-eab16898-1ce0-425c-8e20-dabc0c745a16,pluggy,75f30132-31a8-4b54-9be0-648009b118db,19050001,Gas stations,Expenses:Transporte:Combustivel,100,BRL
970,0,2026-01-29,*,,COMPRA C/CARTAO 29/01 17:48 VALLET RAVI,,,pluggy-0b3e9dbb-7041-4a4c-a66c-e87f79c31b21,pluggy,25eb5f6d-2529-4377-8de5-e38160459cff,08000000,Shopping,Assets:Investment:BB:Cash,-23,BRL
970,1,2026-01-29,*,,COMPRA C/CARTAO 29/01 17:48 VALLET RAVI,,,pluggy-0b3e9dbb-7041-4a4c-a66c-e87f79c31b21,pluggy,25eb5f6d-2529-4377-8de5-e38160459cff,08000000,Shopping,Expenses:Transporte:Estacionamento,23,BRL
971,0,2026-01-29,*,,UBER * PENDING         SAO PAULO     BR,,,pluggy-b60c41f8-d716-476e-9245-e68fa19bd9ef,pluggy,987decad-afee-4c0e-950e-85c3006a4b2e,19010000,Taxi and ride-hailing,Liabilities:Credit:BB:Card:PlatinumVisa,-18.95,BRL
971,1,2026-01-29,*,,UBER * PENDING         SAO PAULO     BR,,,pluggy-b60c41f8-d716-476e-9245-e68fa19bd9ef,pluggy,987decad-afee-4c0e-950e-85c3006a4b2e,19010000,Taxi and ride-hailing,Expenses:Transporte:Uber,18.95,BRL
972,0,2026-01-30,*,,PIX - ENVIADO   30/01 11:44 CONSELHO REGIONAL DOS TEC,,,pluggy-46f54650-4a57-4974-b6d5-5b5c7327ff49,pluggy,25eb5f6d-2529-4377-8de5-e38160459cff,05070000,Transfer - PIX,Assets:Investment:BB:Cash,-301.43,BRL
972,1,2026-01-30,*,,PIX - ENVIADO   30/01 11:44 CONSELHO REGIONAL DOS TEC,,,pluggy-46f54650-4a57-4974-b6d5-5b5c7327ff49,pluggy,25eb5f6d-2529-4377-8de5-e38160459cff,05070000,Transfer - PIX,Expenses:Taxas:Imposto,301.43,BRL
973,0,2026-01-30,*,,PIX - ENVIADO   30/01 11:31 CONSELHO REGIONAL DOS TEC,,,pluggy-7b865123-f4e2-4ac6-b4d8-d4279d5add96,pluggy,25eb5f6d-2529-4377-8de5-e38160459cff,05070000,Transfer - PIX,Assets:Investment:BB:Cash,-401.26,BRL
973,1,2026-01-30,*,,PIX - ENVIADO   30/01 11:31 CONSELHO REGIONAL DOS TEC,,,pluggy-7b865123-f4e2-4ac6-b4d8-d4279d5add96,pluggy,25eb5f6d-2529-4377-8de5-e38160459cff,05070000,Transfer - PIX,Expenses:Taxas:Imposto,401.26,BRL
974,0,2026-01-30,*,,UBER * PENDING         SAO PAULO     BR,,,pluggy-ec80f725-2f77-42c8-9592-4c19a65ca1b4,pluggy,987decad-afee-4c0e-950e-85c3006a4b2e,19010000,Taxi and ride-hailing,Liabilities:Credit:BB:Card:PlatinumVisa,-125.93,BRL
974,1,2026-01-30,*,,UBER * PENDING         SAO PAULO     BR,,,pluggy-ec80f725-2f77-42c8-9592-4c19a65ca1b4,pluggy,987decad-afee-4c0e-950e-85c3006a4b2e,19010000,Taxi and ride-hailing,Expenses:Transporte:Uber,125.93,BRL
975,0,2026-01-30,*,,UBER * PENDING         SAO PAULO     BR,,,pluggy-c0d484d3-2280-49e0-80f6-0cd8d05bf063,pluggy,987decad-afee-4c0e-950e-85c3006a4b2e,19010000,Taxi and ride-hailing,Liabilities:Credit:BB:Card:PlatinumVisa,-8.96,BRL
975,1,2026-01-30,*,,UBER * PENDING         SAO PAULO     BR,,,pluggy-c0d484d3-2280-49e0-80f6-0cd8d05bf063,pluggy,987decad-afee-4c0e-950e-85c3006a4b2e,19010000,Taxi and ride-hailing,Expenses:Transporte:Uber,8.96,BRL
976,0,2026-01-31,*,,COMPRA C/CARTAO 31/01 17:50 CassioRodrigoDe,,,pluggy-9e269dcf-d5df-4f56-b5ee-40ec65637282,pluggy,25eb5f6d-2529-4377-8de5-e38160459cff,08000000,Shopping,Assets:Investment:BB:Cash,-43.35,BRL
976,1,2026-01-31,*,,COMPRA C/CARTAO 31/01 17:50 CassioRodrigoDe,,,pluggy-9e269dcf-d5df-4f56-b5ee-40ec65637282,pluggy,25eb5f6d-2529-4377-8de5-e38160459cff,08000000,Shopping,Expenses:Geral,43.35,BRL
977,0,2026-02-01,*,,PIX - ENVIADO   01/02 19:41 MAGALUPAY,,,pluggy-4be42586-8955-485d-94c1-727eb2d51de2,pluggy,25eb5f6d-2529-4377-8de5-e38160459cff,05070000,Transfer - PIX,Assets:Investment:BB:Cash,-503.4,BRL
977,1,2026-02-01,*,,PIX - ENVIADO   01/02 19:41 MAGALUPAY,,,pluggy-4be42586-8955-485d-94c1-727eb2d51de2,pluggy,25eb5f6d-2529-4377-8de5-e38160459cff,05070000,Transfer - PIX,Expenses:Pessoal:Compras,503.4,BRL
978,0,2026-02-01,*,,UBER *TRIP HELP.UBER.COSAO PAULO     BR,,,pluggy-45616612-bf27-4dca-8fb0-aa98f6310553,pluggy,987decad-afee-4c0e-950e-85c3006a4b2e,19010000,Taxi and ride-hailing,Liabilities:Credit:BB:Card:PlatinumVisa,-96.95,BRL
978,1,2026-02-01,*,,UBER *TRIP HELP.UBER.COSAO PAULO     BR,,,pluggy-45616612-bf27-4dca-8fb0-aa98f6310553,pluggy,987decad-afee-4c0e-950e-85c3006a4b2e,19010000,Taxi and ride-hailing,Expenses:Transporte:Uber,96.95,BRL
979,0,2026-02-02,*,,JUROS S/ CAPITAL DE CLIENTES ITUB3 S/            326,,,pluggy-c4d6d813-0def-43f0-87dd-c80e7687be1a,pluggy,e4d40b2d-f720-4570-8fb6-89c9a12e1e2f,02020000,Interests charged,Assets:Investment:XP:Cash,4.9,BRL
979,1,2026-02-02,*,,JUROS S/ CAPITAL DE CLIENTES ITUB3 S/            326,,,pluggy-c4d6d813-0def-43f0-87dd-c80e7687be1a,pluggy,e4d40b2d-f720-4570-8fb6-89c9a12e1e2f,02020000,Interests charged,Income:Investment:XP:JCP,-4.9,BRL
980,0,2026-02-02,*,,JUROS S/ CAPITAL DE CLIENTES ITUB3 S/            326,,,pluggy-83820a59-0a57-4f03-8abb-54d8ad7dd818,pluggy,ffd6004e-1066-4c1c-9ece-826c45ffda7d,02020000,Interests charged,Assets:Investment:XP:Cash,4.9,BRL
980,1,2026-02-02,*,,JUROS S/ CAPITAL DE CLIENTES ITUB3 S/            326,,,pluggy-83820a59-0a57-4f03-8abb-54d8ad7dd818,pluggy,ffd6004e-1066-4c1c-9ece-826c45ffda7d,02020000,Interests charged,Income:Investment:XP:JCP,-4.9,BRL
981,0,2026-02-02,*,,YoneDeOliveira         RIO DE JANEIR BR,,,pluggy-659198ea-e2ab-4708-aaab-824db15edec5,pluggy,75f30132-31a8-4b54-9be0-648009b118db,07000000,Services,Liabilities:Credit:BB:Card:EloGrafite,-5.25,BRL
981,1,2026-02-02,*,,YoneDeOliveira         RIO DE JANEIR BR,,,pluggy-659198ea-e2ab-4708-aaab-824db15edec5,pluggy,75f30132-31a8-4b54-9be0-648009b118db,07000000,Services,Expenses:Geral,5.25,BRL
982,0,2026-02-03,*,,DL GOOGLE Crunch       1123958400    BR,,,pluggy-6cbaf909-e9fc-46ce-9e7b-bb50754224b8,pluggy,75f30132-31a8-4b54-9be0-648009b118db,09000000,Digital services,Liabilities:Credit:BB:Card:EloGrafite,-19.99,BRL
982,1,2026-02-03,*,,DL GOOGLE Crunch       1123958400    BR,,,pluggy-6cbaf909-e9fc-46ce-9e7b-bb50754224b8,pluggy,75f30132-31a8-4b54-9be0-648009b118db,09000000,Digital services,Expenses:Lazer:Streaming,19.99,BRL
983,0,2026-02-03,*,,PIX - ENVIADO   03/02 18:31 Claro,,,pluggy-364c287f-13f3-40d1-83de-e676a8d957bd,pluggy,25eb5f6d-2529-4377-8de5-e38160459cff,07010000,Telecommunications,Assets:Investment:BB:Cash,-119.9,BRL
983,1,2026-02-03,*,,PIX - ENVIADO   03/02 18:31 Claro,,,pluggy-364c287f-13f3-40d1-83de-e676a8d957bd,pluggy,25eb5f6d-2529-4377-8de5-e38160459cff,07010000,Telecommunications,Expenses:Geral,119.9,BRL
984,0,2026-02-03,*,,PIX - ENVIADO   03/02 15:29 Claro,,,pluggy-703b4afe-d7b3-414d-ae8e-a495c5acea08,pluggy,25eb5f6d-2529-4377-8de5-e38160459cff,07010000,Telecommunications,Assets:Investment:BB:Cash,-119.9,BRL
984,1,2026-02-03,*,,PIX - ENVIADO   03/02 15:29 Claro,,,pluggy-703b4afe-d7b3-414d-ae8e-a495c5acea08,pluggy,25eb5f6d-2529-4377-8de5-e38160459cff,07010000,Telecommunications,Expenses:Geral,119.9,BRL
985,0,2026-02-03,*,,PIX - ENVIADO   03/02 12:37 CBD BILHETE DIGITAL S/A,,,pluggy-37d3778d-21f9-4b21-9b5c-a4812fe2ced5,pluggy,25eb5f6d-2529-4377-8de5-e38160459cff,05070000,Transfer - PIX,Assets:Investment:BB:Cash,-20,BRL
985,1,2026-02-03,*,,PIX - ENVIADO   03/02 12:37 CBD BILHETE DIGITAL S/A,,,pluggy-37d3778d-21f9-4b21-9b5c-a4812fe2ced5,pluggy,25eb5f6d-2529-4377-8de5-e38160459cff,05070000,Transfer - PIX,Expenses:Geral,20,BRL
986,0,2026-02-04,*,,AERO GALEAO            RJ            BR,,,pluggy-86ceddd8-cf74-43e0-bfd1-0ed26c605c7b,pluggy,75f30132-31a8-4b54-9be0-648009b118db,19050002,Parking,Liabilities:Credit:BB:Card:EloGrafite,-58,BRL
986,1,2026-02-04,*,,AERO GALEAO            RJ            BR,,,pluggy-86ceddd8-cf74-43e0-bfd1-0ed26c605c7b,pluggy,75f30132-31a8-4b54-9be0-648009b118db,19050002,Parking,Expenses:Transporte:Estacionamento,58,BRL
987,0,2026-02-04,*,,VBBR CONVENIENCIA S    RIO DE JANEIR BR,,,pluggy-3f9593f4-c5f3-4009-8d8e-0981fc2ba7ea,pluggy,75f30132-31a8-4b54-9be0-648009b118db,10000000,Groceries,Liabilities:Credit:BB:Card:EloGrafite,-3.99,BRL
987,1,2026-02-04,*,,VBBR CONVENIENCIA S    RIO DE JANEIR BR,,,pluggy-3f9593f4-c5f3-4009-8d8e-0981fc2ba7ea,pluggy,75f30132-31a8-4b54-9be0-648009b118db,10000000,Groceries,Expenses:Alimentação:Mercado,3.99,BRL
988,0,2026-02-04,*,,COMPRA C/CARTAO 04/02 17:48 VALLET RAVI,,,pluggy-44e43129-26cb-4e59-bec9-90bf884ff192,pluggy,25eb5f6d-2529-4377-8de5-e38160459cff,08000000,Shopping,Assets:Investment:BB:Cash,-27,BRL
988,1,2026-02-04,*,,COMPRA C/CARTAO 04/02 17:48 VALLET RAVI,,,pluggy-44e43129-26cb-4e59-bec9-90bf884ff192,pluggy,25eb5f6d-2529-4377-8de5-e38160459cff,08000000,Shopping,Expenses:Transporte:Estacionamento,27,BRL
989,0,2026-02-05,*,,PIX - ENVIADO   05/02 18:39 MAIS.MOBI,,,pluggy-66384eab-d22d-48a1-8fe6-90a2666b1426,pluggy,25eb5f6d-2529-4377-8de5-e38160459cff,05070000,Transfer - PIX,Assets:Investment:BB:Cash,-80,BRL
989,1,2026-02-05,*,,PIX - ENVIADO   05/02 18:39 MAIS.MOBI,,,pluggy-66384eab-d22d-48a1-8fe6-90a2666b1426,pluggy,25eb5f6d-2529-4377-8de5-e38160459cff,05070000,Transfer - PIX,Expenses:Transporte:TransportePublico,80,BRL
990,0,2026-02-05,*,,PIX - ENVIADO   05/02 15:55 ANA CAROLINA DE ABREU ESC,,,pluggy-8a29bc6b-c750-4f20-89ac-dbf7454c2e8b,pluggy,25eb5f6d-2529-4377-8de5-e38160459cff,05070000,Transfer - PIX,Assets:Investment:BB:Cash,-650,BRL
990,1,2026-02-05,*,,PIX - ENVIADO   05/02 15:55 ANA CAROLINA DE ABREU ESC,,,pluggy-8a29bc6b-c750-4f20-89ac-dbf7454c2e8b,pluggy,25eb5f6d-2529-4377-8de5-e38160459cff,05070000,Transfer - PIX,Expenses:Geral:Caol,650,BRL
991,0,2026-02-05,*,,PIX - ENVIADO   05/02 09:32 TIM S A,,,pluggy-637b9798-5c58-4a06-bbc8-23efc51b13ef,pluggy,25eb5f6d-2529-4377-8de5-e38160459cff,07010000,Telecommunications,Assets:Investment:BB:Cash,-120.98,BRL
991,1,2026-02-05,*,,PIX - ENVIADO   05/02 09:32 TIM S A,,,pluggy-637b9798-5c58-4a06-bbc8-23efc51b13ef,pluggy,25eb5f6d-2529-4377-8de5-e38160459cff,07010000,Telecommunications,Expenses:Comunicacao:Telefone,120.98,BRL
992,0,2026-02-05,*,,UBER * PENDING         SAO PAULO     BR,,,pluggy-b8c8b978-6a1d-493d-b7f1-1ec6934927bc,pluggy,987decad-afee-4c0e-950e-85c3006a4b2e,19010000,Taxi and ride-hailing,Liabilities:Credit:BB:Card:PlatinumVisa,-21.95,BRL
992,1,2026-02-05,*,,UBER * PENDING         SAO PAULO     BR,,,pluggy-b8c8b978-6a1d-493d-b7f1-1ec6934927bc,pluggy,987decad-afee-4c0e-950e-85c3006a4b2e,19010000,Taxi and ride-hailing,Expenses:Transporte:Uber,21.95,BRL
993,0,2026-02-05,*,,UBER * PENDING         SAO PAULO     BR,,,pluggy-983ee1b5-9cc3-4123-a016-3ae70da0f0ca,pluggy,987decad-afee-4c0e-950e-85c3006a4b2e,19010000,Taxi and ride-hailing,Liabilities:Credit:BB:Card:PlatinumVisa,-12.95,BRL
993,1,2026-02-05,*,,UBER * PENDING         SAO PAULO     BR,,,pluggy-983ee1b5-9cc3-4123-a016-3ae70da0f0ca,pluggy,987decad-afee-4c0e-950e-85c3006a4b2e,19010000,Taxi and ride-hailing,Expenses:Transporte:Uber,12.95,BRL
994,0,2026-02-05,*,,PETZ DIGITAL           EMBU          BR,,,pluggy-69355f6b-f480-4f88-b142-c50777bd515f,pluggy,987decad-afee-4c0e-950e-85c3006a4b2e,08030000,Pet supplies and vet,Liabilities:Credit:BB:Card:PlatinumVisa,-214.61,BRL
994,1,2026-02-05,*,,PETZ DIGITAL           EMBU          BR,,,pluggy-69355f6b-f480-4f88-b142-c50777bd515f,pluggy,987decad-afee-4c0e-950e-85c3006a4b2e,08030000,Pet supplies and vet,Expenses:Pet:Petshop,214.61,BRL
995,0,2026-02-05,*,,GRG*CLINICAVETERINARIA RIO DE JANEIR BR,,,pluggy-d1ee94eb-9bf8-4222-86ed-8de7043e4ac6,pluggy,987decad-afee-4c0e-950e-85c3006a4b2e,08030000,Pet supplies and vet,Liabilities:Credit:BB:Card:PlatinumVisa,-290,BRL
995,1,2026-02-05,*,,GRG*CLINICAVETERINARIA RIO DE JANEIR BR,,,pluggy-d1ee94eb-9bf8-4222-86ed-8de7043e4ac6,pluggy,987decad-afee-4c0e-950e-85c3006a4b2e,08030000,Pet supplies and vet,Expenses:Pet:Veterinario,290,BRL
996,0,2026-02-05,*,,VET CARE               RIO DE JANEIR BR,,,pluggy-bc214b74-bd3c-4d30-a25e-9005f1985d49,pluggy,987decad-afee-4c0e-950e-85c3006a4b2e,08030000,Pet supplies and vet,Liabilities:Credit:BB:Card:PlatinumVisa,-398.88,BRL
996,1,2026-02-05,*,,VET CARE               RIO DE JANEIR BR,,,pluggy-bc214b74-bd3c-4d30-a25e-9005f1985d49,pluggy,987decad-afee-4c0e-950e-85c3006a4b2e,08030000,Pet supplies and vet,Expenses:Pet:Veterinario,398.88,BRL
997,0,2026-02-05,*,,UBER * PENDING         SAO PAULO     BR,,,pluggy-5f32ad33-76f7-4137-b351-6354c2104012,pluggy,987decad-afee-4c0e-950e-85c3006a4b2e,19010000,Taxi and ride-hailing,Liabilities:Credit:BB:Card:PlatinumVisa,-5.25,BRL
997,1,2026-02-05,*,,UBER * PENDING         SAO PAULO     BR,,,pluggy-5f32ad33-76f7-4137-b351-6354c2104012,pluggy,987decad-afee-4c0e-950e-85c3006a4b2e,19010000,Taxi and ride-hailing,Expenses:Transporte:Uber,5.25,BRL
998,0,2026-02-06,*,,RENDIMENTOS DE CLIENTES LVBI11 S/            113,,,pluggy-0915463e-844a-4cfe-b16b-133c8ff8533c,pluggy,e4d40b2d-f720-4570-8fb6-89c9a12e1e2f,03060000,Proceeds interests and dividends,Assets:Investment:XP:Cash,84.75,BRL
998,1,2026-02-06,*,,RENDIMENTOS DE CLIENTES LVBI11 S/            113,,,pluggy-0915463e-844a-4cfe-b16b-133c8ff8533c,pluggy,e4d40b2d-f720-4570-8fb6-89c9a12e1e2f,03060000,Proceeds interests and dividends,Income:Investment:XP:Rendimento,-84.75,BRL
999,0,2026-02-06,*,,RENDIMENTOS DE CLIENTES LVBI11 S/            113,,,pluggy-2a9545fb-8c16-4aca-9b71-6aab115ae931,pluggy,ffd6004e-1066-4c1c-9ece-826c45ffda7d,03060000,Proceeds interests and dividends,Assets:Investment:XP:Cash,84.75,BRL
999,1,2026-02-06,*,,RENDIMENTOS DE CLIENTES LVBI11 S/            113,,,pluggy-2a9545fb-8c16-4aca-9b71-6aab115ae931,pluggy,ffd6004e-1066-4c1c-9ece-826c45ffda7d,03060000,Proceeds interests and dividends,Income:Investment:XP:Rendimento,-84.75,BRL
1000,0,2026-02-06,*,,RDSAUDE ONLINE         SAO PAULO     BR,,,pluggy-5807dbcc-3560-41d9-97e8-bc84cde8fa19,pluggy,987decad-afee-4c0e-950e-85c3006a4b2e,18020000,Pharmacy,Liabilities:Credit:BB:Card:PlatinumVisa,-117.28,BRL
1000,1,2026-02-06,*,,RDSAUDE ONLINE         SAO PAULO     BR,,,pluggy-5807dbcc-3560-41d9-97e8-bc84cde8fa19,pluggy,987decad-afee-4c0e-950e-85c3006a4b2e,18020000,Pharmacy,Expenses:Saude:Farmacia,117.28,BRL
1001,0,2026-02-06,*,,GRG*CLINICAVETERINARIA RIO DE JANEIR BR,,,pluggy-db45abac-a9d7-4f45-ae69-17d31ab4d531,pluggy,987decad-afee-4c0e-950e-85c3006a4b2e,08030000,Pet supplies and vet,Liabilities:Credit:BB:Card:PlatinumVisa,-400,BRL
1001,1,2026-02-06,*,,GRG*CLINICAVETERINARIA RIO DE JANEIR BR,,,pluggy-db45abac-a9d7-4f45-ae69-17d31ab4d531,pluggy,987decad-afee-4c0e-950e-85c3006a4b2e,08030000,Pet supplies and vet,Expenses:Pet:Veterinario,400,BRL
1002,0,2026-02-07,*,,IFD iFood              Osasco        BR,,,pluggy-dc70d3b2-d79e-47c8-841c-d92bba56ae0b,pluggy,75f30132-31a8-4b54-9be0-648009b118db,11020000,Food delivery,Liabilities:Credit:BB:Card:EloGrafite,-7.95,BRL
1002,1,2026-02-07,*,,IFD iFood              Osasco        BR,,,pluggy-dc70d3b2-d79e-47c8-841c-d92bba56ae0b,pluggy,75f30132-31a8-4b54-9be0-648009b118db,11020000,Food delivery,Expenses:Alimentação:Delivery,7.95,BRL
1003,0,2026-02-08,*,,SUPERM PRINCESA LJ 165 RIO DE JANEIR BR,,,pluggy-188bc415-b2ab-4d95-9228-bd62cae9beea,pluggy,987decad-afee-4c0e-950e-85c3006a4b2e,10000000,Groceries,Liabilities:Credit:BB:Card:PlatinumVisa,-37.83,BRL
1003,1,2026-02-08,*,,SUPERM PRINCESA LJ 165 RIO DE JANEIR BR,,,pluggy-188bc415-b2ab-4d95-9228-bd62cae9beea,pluggy,987decad-afee-4c0e-950e-85c3006a4b2e,10000000,Groceries,Expenses:Alimentação:Mercado,37.83,BRL
1004,0,2026-02-09,*,,UBER * PENDING         SAO PAULO     BR,,,pluggy-20c74c33-9c97-4712-997b-72968838bd9f,pluggy,987decad-afee-4c0e-950e-85c3006a4b2e,19010000,Taxi and ride-hailing,Liabilities:Credit:BB:Card:PlatinumVisa,-13.38,BRL
1004,1,2026-02-09,*,,UBER * PENDING         SAO PAULO     BR,,,pluggy-20c74c33-9c97-4712-997b-72968838bd9f,pluggy,987decad-afee-4c0e-950e-85c3006a4b2e,19010000,Taxi and ride-hailing,Expenses:Transporte:Uber,13.38,BRL
1005,0,2026-02-09,*,,PETZ DIGITAL           EMBU          BR,,,pluggy-8c775fc5-d75a-41fa-b144-4e8463691987,pluggy,987decad-afee-4c0e-950e-85c3006a4b2e,08030000,Pet supplies and vet,Liabilities:Credit:BB:Card:PlatinumVisa,-56.85,BRL
1005,1,2026-02-09,*,,PETZ DIGITAL           EMBU          BR,,,pluggy-8c775fc5-d75a-41fa-b144-4e8463691987,pluggy,987decad-afee-4c0e-950e-85c3006a4b2e,08030000,Pet supplies and vet,Expenses:Pet:Petshop,56.85,BRL
1006,0,2026-02-09,*,,Wellhub Gympass BR WellSao Paulo     BR,,,pluggy-30c5be5f-cdf9-40ec-a79b-5bcdb84a25c3,pluggy,987decad-afee-4c0e-950e-85c3006a4b2e,07030001,Gyms and fitness centers,Liabilities:Credit:BB:Card:PlatinumVisa,-109.9,BRL
1006,1,2026-02-09,*,,Wellhub Gympass BR WellSao Paulo     BR,,,pluggy-30c5be5f-cdf9-40ec-a79b-5bcdb84a25c3,pluggy,987decad-afee-4c0e-950e-85c3006a4b2e,07030001,Gyms and fitness centers,Expenses:Saude:Academia,109.9,BRL
1007,0,2026-02-09,*,,LINKEDIN               SAO PAULO     BR,,,pluggy-bba1a3d1-bf69-44ba-8f61-dc8b144c6063,pluggy,987decad-afee-4c0e-950e-85c3006a4b2e,09000000,Digital services,Liabilities:Credit:BB:Card:PlatinumVisa,-69.99,BRL
1007,1,2026-02-09,*,,LINKEDIN               SAO PAULO     BR,,,pluggy-bba1a3d1-bf69-44ba-8f61-dc8b144c6063,pluggy,987decad-afee-4c0e-950e-85c3006a4b2e,09000000,Digital services,Expenses:Mensalidades:Outras,69.99,BRL
1008,0,2026-02-10,*,,PLANEJADA,,,pluggy-7ea24c8c-d381-49f0-bfab-057038fd819b,pluggy,3d0492b4-0d84-49c0-9945-e3e9adc34d51,03000000,Investments,Assets:Investment:BB:Savings,2000,BRL
1008,1,2026-02-10,*,,PLANEJADA,,,pluggy-7ea24c8c-d381-49f0-bfab-057038fd819b,pluggy,3d0492b4-0d84-49c0-9945-e3e9adc34d51,03000000,Investments,Assets:Investment:BB:Cash,-2000,BRL
1009,0,2026-02-10,*,,PGTO DEBITO CONTA 3836 000000008  200211,,,pluggy-a6cfe2ed-dc27-4f06-a132-bd597b4bb120,pluggy,75f30132-31a8-4b54-9be0-648009b118db,05060000,Transfer - Internal,Liabilities:Credit:BB:Card:EloGrafite,471.98,BRL
1009,1,2026-02-10,*,,PGTO DEBITO CONTA 3836 000000008  200211,,,pluggy-a6cfe2ed-dc27-4f06-a132-bd597b4bb120,pluggy,75f30132-31a8-4b54-9be0-648009b118db,05060000,Transfer - Internal,Assets:Investment:BB:Cash,-471.98,BRL
1010,0,2026-02-10,*,,PIX - ENVIADO   10/02 15:07 RODRIGO DA CUNHA MANGELLI,,,pluggy-34bbbc0c-a414-4f19-b00c-81b8ca33f60b,pluggy,25eb5f6d-2529-4377-8de5-e38160459cff,05070000,Transfer - PIX,Assets:Investment:BB:Cash,-2.95,BRL
1010,1,2026-02-10,*,,PIX - ENVIADO   10/02 15:07 RODRIGO DA CUNHA MANGELLI,,,pluggy-34bbbc0c-a414-4f19-b00c-81b8ca33f60b,pluggy,25eb5f6d-2529-4377-8de5-e38160459cff,05070000,Transfer - PIX,Expenses:Geral,2.95,BRL
1011,0,2026-02-10,*,,TRANSF ENVIADA  15/11 GABRIEL BARROS RODRIGUES,,,pluggy-46826ac5-6b6a-4a96-9cdd-d27aad4fb4ca,pluggy,25eb5f6d-2529-4377-8de5-e38160459cff,04000000,Same person transfer,Assets:Investment:BB:Cash,-2000,BRL
1011,1,2026-02-10,*,,TRANSF ENVIADA  15/11 GABRIEL BARROS RODRIGUES,,,pluggy-46826ac5-6b6a-4a96-9cdd-d27aad4fb4ca,pluggy,25eb5f6d-2529-4377-8de5-e38160459cff,04000000,Same person transfer,Assets:Investment:BB:Savings,2000,BRL
1012,0,2026-02-10,*,,PROVENTOS       33.000.167/0001-01 PETROLEO BRASILEIRO,,,pluggy-8f43176c-0735-4e06-a347-7839316750b0,pluggy,25eb5f6d-2529-4377-8de5-e38160459cff,03060000,Proceeds interests and dividends,Assets:Investment:BB:Cash,4076.61,BRL
1012,1,2026-02-10,*,,PROVENTOS       33.000.167/0001-01 PETROLEO BRASILEIRO,,,pluggy-8f43176c-0735-4e06-a347-7839316750b0,pluggy,25eb5f6d-2529-4377-8de5-e38160459cff,03060000,Proceeds interests and dividends,Income:Salario,-4076.61,BRL
1013,0,2026-02-10,*,,PIX - ENVIADO   09/02 21:10 FELIPE DA SILVA AZEVEDO,,,pluggy-59322162-b42b-4e73-9ce2-b51d9cb3fd45,pluggy,25eb5f6d-2529-4377-8de5-e38160459cff,05070000,Transfer - PIX,Assets:Investment:BB:Cash,-95,BRL
1013,1,2026-02-10,*,,PIX - ENVIADO   09/02 21:10 FELIPE DA SILVA AZEVEDO,,,pluggy-59322162-b42b-4e73-9ce2-b51d9cb3fd45,pluggy,25eb5f6d-2529-4377-8de5-e38160459cff,05070000,Transfer - PIX,Expenses:Geral,95,BRL
1014,0,2026-02-10,*,,DROGARIAS PACHECO SA   RIO DE JANEIR BR,,,pluggy-f197d63e-a69e-40fb-8d95-020125faa08d,pluggy,987decad-afee-4c0e-950e-85c3006a4b2e,18020000,Pharmacy,Liabilities:Credit:BB:Card:PlatinumVisa,-59.58,BRL
1014,1,2026-02-10,*,,DROGARIAS PACHECO SA   RIO DE JANEIR BR,,,pluggy-f197d63e-a69e-40fb-8d95-020125faa08d,pluggy,987decad-afee-4c0e-950e-85c3006a4b2e,18020000,Pharmacy,Expenses:Saude:Farmacia,59.58,BRL
1015,0,2026-02-10,*,,SUPERM PRINCESA LJ 165 RIO DE JANEIR BR,,,pluggy-7f209c92-3554-499c-a791-fd5b08ed101a,pluggy,987decad-afee-4c0e-950e-85c3006a4b2e,10000000,Groceries,Liabilities:Credit:BB:Card:PlatinumVisa,-46.62,BRL
1015,1,2026-02-10,*,,SUPERM PRINCESA LJ 165 RIO DE JANEIR BR,,,pluggy-7f209c92-3554-499c-a791-fd5b08ed101a,pluggy,987decad-afee-4c0e-950e-85c3006a4b2e,10000000,Groceries,Expenses:Alimentação:Mercado,46.62,BRL
1016,0,2026-02-10,*,,PGTO DEBITO CONTA 3836 000009800  200211,,,pluggy-38b59a16-57fc-4a99-9783-a291b70c2501,pluggy,987decad-afee-4c0e-950e-85c3006a4b2e,05060000,Transfer - Internal,Liabilities:Credit:BB:Card:PlatinumVisa,1276.78,BRL
1016,1,2026-02-10,*,,PGTO DEBITO CONTA 3836 000009800  200211,,,pluggy-38b59a16-57fc-4a99-9783-a291b70c2501,pluggy,987decad-afee-4c0e-950e-85c3006a4b2e,05060000,Transfer - Internal,Assets:Investment:BB:Cash,-1276.78,BRL
1017,0,2026-02-10,*,,SUPERMERCADO ULTRA 11  RIO DE JANEIR BR,,,pluggy-2e43761d-8be3-44c1-bb8d-f92a821d9fc6,pluggy,987decad-afee-4c0e-950e-85c3006a4b2e,10000000,Groceries,Liabilities:Credit:BB:Card:PlatinumVisa,-114.62,BRL
1017,1,2026-02-10,*,,SUPERMERCADO ULTRA 11  RIO DE JANEIR BR,,,pluggy-2e43761d-8be3-44c1-bb8d-f92a821d9fc6,pluggy,987decad-afee-4c0e-950e-85c3006a4b2e,10000000,Groceries,Expenses:Alimentação:Mercado,114.62,BRL
1018,0,2026-02-11,*,,PIX - ENVIADO   11/02 20:06 ANA CAROLINA DE ABREU ESC,,,pluggy-8d878e8f-6ee0-4679-ac74-394948500c59,pluggy,25eb5f6d-2529-4377-8de5-e38160459cff,05070000,Transfer - PIX,Assets:Investment:BB:Cash,-150,BRL
1018,1,2026-02-11,*,,PIX - ENVIADO   11/02 20:06 ANA CAROLINA DE ABREU ESC,,,pluggy-8d878e8f-6ee0-4679-ac74-394948500c59,pluggy,25eb5f6d-2529-4377-8de5-e38160459cff,05070000,Transfer - PIX,Expenses:Geral:Caol,150,BRL
1019,0,2026-02-11,*,,PGTO CARTAO,,,pluggy-ec9296be-0a54-4f35-b307-193b066071c9,pluggy,25eb5f6d-2529-4377-8de5-e38160459cff,05100000,Credit card payment,Assets:Investment:BB:Cash,-1276.78,BRL
1019,1,2026-02-11,*,,PGTO CARTAO,,,pluggy-ec9296be-0a54-4f35-b307-193b066071c9,pluggy,25eb5f6d-2529-4377-8de5-e38160459cff,05100000,Credit card payment,Liabilities:Credit:BB:Card:PlatinumVisa,1276.78,BRL
1020,0,2026-02-11,*,,PGTO CARTAO,,,pluggy-ca452973-3d81-45c5-9c32-1f43cfdae5e1,pluggy,25eb5f6d-2529-4377-8de5-e38160459cff,05100000,Credit card payment,Assets:Investment:BB:Cash,-471.98,BRL
1020,1,2026-02-11,*,,PGTO CARTAO,,,pluggy-ca452973-3d81-45c5-9c32-1f43cfdae5e1,pluggy,25eb5f6d-2529-4377-8de5-e38160459cff,05100000,Credit card payment,Liabilities:Credit:BB:Card:EloGrafite,471.98,BRL
1021,0,2026-02-11,*,,DROGARIAS PACHECO SA   RIO DE JANEIR BR,,,pluggy-7661db2d-cbb5-427f-b59c-32ea2cbf97f0,pluggy,987decad-afee-4c0e-950e-85c3006a4b2e,18020000,Pharmacy,Liabilities:Credit:BB:Card:PlatinumVisa,-147.6,BRL
1021,1,2026-02-11,*,,DROGARIAS PACHECO SA   RIO DE JANEIR BR,,,pluggy-7661db2d-cbb5-427f-b59c-32ea2cbf97f0,pluggy,987decad-afee-4c0e-950e-85c3006a4b2e,18020000,Pharmacy,Expenses:Saude:Farmacia,147.6,BRL
1022,0,2026-02-12,*,,PIX - ENVIADO   12/02 09:27 ANA CAROLINA DE ABREU ESC,,,pluggy-f5fc7d30-4ddc-4b5b-bef1-da3bd706d0dd,pluggy,25eb5f6d-2529-4377-8de5-e38160459cff,05070000,Transfer - PIX,Assets:Investment:BB:Cash,-950,BRL
1022,1,2026-02-12,*,,PIX - ENVIADO   12/02 09:27 ANA CAROLINA DE ABREU ESC,,,pluggy-f5fc7d30-4ddc-4b5b-bef1-da3bd706d0dd,pluggy,25eb5f6d-2529-4377-8de5-e38160459cff,05070000,Transfer - PIX,Expenses:Geral:Caol,950,BRL
1023,0,2026-02-12,*,,PIX - ENVIADO   12/02 07:14 MAIS.MOBI,,,pluggy-f68cd14b-ee1a-4965-9439-5e38fb557dd6,pluggy,25eb5f6d-2529-4377-8de5-e38160459cff,05070000,Transfer - PIX,Assets:Investment:BB:Cash,-100,BRL
1023,1,2026-02-12,*,,PIX - ENVIADO   12/02 07:14 MAIS.MOBI,,,pluggy-f68cd14b-ee1a-4965-9439-5e38fb557dd6,pluggy,25eb5f6d-2529-4377-8de5-e38160459cff,05070000,Transfer - PIX,Expenses:Transporte:TransportePublico,100,BRL
1024,0,2026-02-12,*,,UBER * PENDING         SAO PAULO     BR,,,pluggy-9ee4a457-d37b-45a2-bd89-489a08acdcd6,pluggy,987decad-afee-4c0e-950e-85c3006a4b2e,19010000,Taxi and ride-hailing,Liabilities:Credit:BB:Card:PlatinumVisa,-11.94,BRL
1024,1,2026-02-12,*,,UBER * PENDING         SAO PAULO     BR,,,pluggy-9ee4a457-d37b-45a2-bd89-489a08acdcd6,pluggy,987decad-afee-4c0e-950e-85c3006a4b2e,19010000,Taxi and ride-hailing,Expenses:Transporte:Uber,11.94,BRL
1025,0,2026-02-12,*,,UBER * PENDING         SAO PAULO     BR,,,pluggy-f625fee4-d164-492b-976e-f03a59d40b37,pluggy,987decad-afee-4c0e-950e-85c3006a4b2e,19010000,Taxi and ride-hailing,Liabilities:Credit:BB:Card:PlatinumVisa,-32.94,BRL
1025,1,2026-02-12,*,,UBER * PENDING         SAO PAULO     BR,,,pluggy-f625fee4-d164-492b-976e-f03a59d40b37,pluggy,987decad-afee-4c0e-950e-85c3006a4b2e,19010000,Taxi and ride-hailing,Expenses:Transporte:Uber,32.94,BRL
1026,0,2026-02-12,*,,Google One             SAO PAULO     BR,,,pluggy-c5bf0ec1-5c2e-4f78-862a-f00493362185,pluggy,987decad-afee-4c0e-950e-85c3006a4b2e,07010001,Internet,Liabilities:Credit:BB:Card:PlatinumVisa,-4.5,BRL
1026,1,2026-02-12,*,,Google One             SAO PAULO     BR,,,pluggy-c5bf0ec1-5c2e-4f78-862a-f00493362185,pluggy,987decad-afee-4c0e-950e-85c3006a4b2e,07010001,Internet,Expenses:Mensalidades:Outras,4.5,BRL
1027,0,2026-02-12,*,,DROGARIAS PACHECO SA   RIO DE JANEIR BR,,,pluggy-0ad3a6ba-84a4-4006-8306-ba0d108e97f6,pluggy,987decad-afee-4c0e-950e-85c3006a4b2e,18020000,Pharmacy,Liabilities:Credit:BB:Card:PlatinumVisa,-39.75,BRL
1027,1,2026-02-12,*,,DROGARIAS PACHECO SA   RIO DE JANEIR BR,,,pluggy-0ad3a6ba-84a4-4006-8306-ba0d108e97f6,pluggy,987decad-afee-4c0e-950e-85c3006a4b2e,18020000,Pharmacy,Expenses:Saude:Farmacia,39.75,BRL
1028,0,2026-02-12,*,,UPPER CLUB S*PAC       RIO DE JANEIR BR,,,pluggy-98253f9b-d004-443a-84fd-e096ff7801aa,pluggy,987decad-afee-4c0e-950e-85c3006a4b2e,07030000,Wellness and fitness,Liabilities:Credit:BB:Card:PlatinumVisa,-295,BRL
1028,1,2026-02-12,*,,UPPER CLUB S*PAC       RIO DE JANEIR BR,,,pluggy-98253f9b-d004-443a-84fd-e096ff7801aa,pluggy,987decad-afee-4c0e-950e-85c3006a4b2e,07030000,Wellness and fitness,Expenses:Saude:Academia,295,BRL
1029,0,2026-02-12,*,,UBER * PENDING         SAO PAULO     BR,,,pluggy-4928847d-5923-40dd-a552-f9006a814b7c,pluggy,987decad-afee-4c0e-950e-85c3006a4b2e,19010000,Taxi and ride-hailing,Liabilities:Credit:BB:Card:PlatinumVisa,-32.95,BRL
1029,1,2026-02-12,*,,UBER * PENDING         SAO PAULO     BR,,,pluggy-4928847d-5923-40dd-a552-f9006a814b7c,pluggy,987decad-afee-4c0e-950e-85c3006a4b2e,19010000,Taxi and ride-hailing,Expenses:Transporte:Uber,32.95,BRL
1030,0,2026-02-13,*,,RENDIMENTOS DE CLIENTES HGLG11 S/             99,,,pluggy-c3473f27-b4cd-4711-abdc-96f1be44d86f,pluggy,e4d40b2d-f720-4570-8fb6-89c9a12e1e2f,19010000,Taxi and ride-hailing,Assets:Investment:XP:Cash,108.9,BRL
1030,1,2026-02-13,*,,RENDIMENTOS DE CLIENTES HGLG11 S/             99,,,pluggy-c3473f27-b4cd-4711-abdc-96f1be44d86f,pluggy,e4d40b2d-f720-4570-8fb6-89c9a12e1e2f,19010000,Taxi and ride-hailing,Income:Investment:XP:Rendimento,-108.9,BRL
1031,0,2026-02-13,*,,RENDIMENTOS DE CLIENTES HGRU11 S/            129,,,pluggy-a5120dde-70c1-4fb8-98a1-50fd34e54a07,pluggy,e4d40b2d-f720-4570-8fb6-89c9a12e1e2f,03060000,Proceeds interests and dividends,Assets:Investment:XP:Cash,122.55,BRL
1031,1,2026-02-13,*,,RENDIMENTOS DE CLIENTES HGRU11 S/            129,,,pluggy-a5120dde-70c1-4fb8-98a1-50fd34e54a07,pluggy,e4d40b2d-f720-4570-8fb6-89c9a12e1e2f,03060000,Proceeds interests and dividends,Income:Investment:XP:Rendimento,-122.55,BRL
1032,0,2026-02-13,*,,RENDIMENTOS DE CLIENTES PMLL11 S/            153,,,pluggy-acee190c-6105-4539-88d5-ec7ae25466d0,pluggy,ffd6004e-1066-4c1c-9ece-826c45ffda7d,03060000,Proceeds interests and dividends,Assets:Investment:XP:Cash,153,BRL
1032,1,2026-02-13,*,,RENDIMENTOS DE CLIENTES PMLL11 S/            153,,,pluggy-acee190c-6105-4539-88d5-ec7ae25466d0,pluggy,ffd6004e-1066-4c1c-9ece-826c45ffda7d,03060000,Proceeds interests and dividends,Income:Investment:XP:Rendimento,-153,BRL
1033,0,2026-02-13,*,,RENDIMENTOS DE CLIENTES PMLL11 S/            153,,,pluggy-044294a9-0fb6-49bd-bbd1-913d116920f9,pluggy,e4d40b2d-f720-4570-8fb6-89c9a12e1e2f,03060000,Proceeds interests and dividends,Assets:Investment:XP:Cash,153,BRL
1033,1,2026-02-13,*,,RENDIMENTOS DE CLIENTES PMLL11 S/            153,,,pluggy-044294a9-0fb6-49bd-bbd1-913d116920f9,pluggy,e4d40b2d-f720-4570-8fb6-89c9a12e1e2f,03060000,Proceeds interests and dividends,Income:Investment:XP:Rendimento,-153,BRL
1034,0,2026-02-13,*,,RENDIMENTOS DE CLIENTES HGLG11 S/             99,,,pluggy-5217aebc-732f-46de-851d-126340c1927a,pluggy,ffd6004e-1066-4c1c-9ece-826c45ffda7d,19010000,Taxi and ride-hailing,Assets:Investment:XP:Cash,108.9,BRL
1034,1,2026-02-13,*,,RENDIMENTOS DE CLIENTES HGLG11 S/             99,,,pluggy-5217aebc-732f-46de-851d-126340c1927a,pluggy,ffd6004e-1066-4c1c-9ece-826c45ffda7d,19010000,Taxi and ride-hailing,Income:Investment:XP:Rendimento,-108.9,BRL
1035,0,2026-02-13,*,,RENDIMENTOS DE CLIENTES HGRU11 S/            129,,,pluggy-46028dab-1bf6-42c8-baa8-2c6b60057f4b,pluggy,ffd6004e-1066-4c1c-9ece-826c45ffda7d,03060000,Proceeds interests and dividends,Assets:Investment:XP:Cash,122.55,BRL
1035,1,2026-02-13,*,,RENDIMENTOS DE CLIENTES HGRU11 S/            129,,,pluggy-46028dab-1bf6-42c8-baa8-2c6b60057f4b,pluggy,ffd6004e-1066-4c1c-9ece-826c45ffda7d,03060000,Proceeds interests and dividends,Income:Investment:XP:Rendimento,-122.55,BRL
1036,0,2026-02-14,*,,PIX - RECEBIDO  14/02 15:26 00078135842791 FRANCISCO C,,,pluggy-36e69b25-fabc-4664-961a-3722a2841f5d,pluggy,25eb5f6d-2529-4377-8de5-e38160459cff,05000000,Transfers,Assets:Investment:BB:Cash,147,BRL
1036,1,2026-02-14,*,,PIX - RECEBIDO  14/02 15:26 00078135842791 FRANCISCO C,,,pluggy-36e69b25-fabc-4664-961a-3722a2841f5d,pluggy,25eb5f6d-2529-4377-8de5-e38160459cff,05000000,Transfers,Equity:Transfers,-147,BRL
1037,0,2026-02-14,*,,PIX - RECEBIDO  14/02 15:26 00096659637753 RENATO TADE,,,pluggy-e851bf87-3b73-4f7d-a076-e2f9ef131acb,pluggy,25eb5f6d-2529-4377-8de5-e38160459cff,05070000,Transfer - PIX,Assets:Investment:BB:Cash,168,BRL
1037,1,2026-02-14,*,,PIX - RECEBIDO  14/02 15:26 00096659637753 RENATO TADE,,,pluggy-e851bf87-3b73-4f7d-a076-e2f9ef131acb,pluggy,25eb5f6d-2529-4377-8de5-e38160459cff,05070000,Transfer - PIX,Equity:Transfers,-168,BRL
1038,0,2026-02-14,*,,UBER * PENDING         SAO PAULO     BR,,,pluggy-4dbbd57b-3f00-43ad-b95b-db6bb1f06fc5,pluggy,987decad-afee-4c0e-950e-85c3006a4b2e,19010000,Taxi and ride-hailing,Liabilities:Credit:BB:Card:PlatinumVisa,-67.96,BRL
1038,1,2026-02-14,*,,UBER * PENDING         SAO PAULO     BR,,,pluggy-4dbbd57b-3f00-43ad-b95b-db6bb1f06fc5,pluggy,987decad-afee-4c0e-950e-85c3006a4b2e,19010000,Taxi and ride-hailing,Expenses:Transporte:Uber,67.96,BRL
1039,0,2026-02-14,*,,UBER * PENDING         SAO PAULO     BR,,,pluggy-1b48c04f-908e-4840-aff2-1105bc9ec633,pluggy,987decad-afee-4c0e-950e-85c3006a4b2e,19010000,Taxi and ride-hailing,Liabilities:Credit:BB:Card:PlatinumVisa,-80.95,BRL
1039,1,2026-02-14,*,,UBER * PENDING         SAO PAULO     BR,,,pluggy-1b48c04f-908e-4840-aff2-1105bc9ec633,pluggy,987decad-afee-4c0e-950e-85c3006a4b2e,19010000,Taxi and ride-hailing,Expenses:Transporte:Uber,80.95,BRL
1040,0,2026-02-15,*,,PRINCESA AUTO S DE COM RIO DE JANEIR BR,,,pluggy-084f0c0c-16af-4ad9-b728-8b285e53f3cd,pluggy,75f30132-31a8-4b54-9be0-648009b118db,10000000,Groceries,Liabilities:Credit:BB:Card:EloGrafite,-117.29,BRL
1040,1,2026-02-15,*,,PRINCESA AUTO S DE COM RIO DE JANEIR BR,,,pluggy-084f0c0c-16af-4ad9-b728-8b285e53f3cd,pluggy,75f30132-31a8-4b54-9be0-648009b118db,10000000,Groceries,Expenses:Alimentação:Mercado,117.29,BRL
1041,0,2026-02-15,*,,PIX - RECEBIDO  14/02 22:51 96659637753 RENATO TADEU F,,,pluggy-ff42d857-b5ab-474b-95e3-03b324726d16,pluggy,25eb5f6d-2529-4377-8de5-e38160459cff,05070000,Transfer - PIX,Assets:Investment:BB:Cash,287.06,BRL
1041,1,2026-02-15,*,,PIX - RECEBIDO  14/02 22:51 96659637753 RENATO TADEU F,,,pluggy-ff42d857-b5ab-474b-95e3-03b324726d16,pluggy,25eb5f6d-2529-4377-8de5-e38160459cff,05070000,Transfer - PIX,Equity:Transfers,-287.06,BRL
1042,0,2026-02-16,*,,PIX - RECEBIDO  16/02 19:40 00001024239705 RENATA FAMI,,,pluggy-43d72937-1536-48c8-9d15-d0437426ca8d,pluggy,25eb5f6d-2529-4377-8de5-e38160459cff,05070000,Transfer - PIX,Assets:Investment:BB:Cash,250,BRL
1042,1,2026-02-16,*,,PIX - RECEBIDO  16/02 19:40 00001024239705 RENATA FAMI,,,pluggy-43d72937-1536-48c8-9d15-d0437426ca8d,pluggy,25eb5f6d-2529-4377-8de5-e38160459cff,05070000,Transfer - PIX,Equity:Transfers,-250,BRL
1043,0,2026-02-16,*,,UBER* TRIP             WWW.UBER.COM. BR,,,pluggy-197088bd-aad0-426c-9ddb-56af18bd6324,pluggy,987decad-afee-4c0e-950e-85c3006a4b2e,19010000,Taxi and ride-hailing,Liabilities:Credit:BB:Card:PlatinumVisa,-35.98,BRL
1043,1,2026-02-16,*,,UBER* TRIP             WWW.UBER.COM. BR,,,pluggy-197088bd-aad0-426c-9ddb-56af18bd6324,pluggy,987decad-afee-4c0e-950e-85c3006a4b2e,19010000,Taxi and ride-hailing,Expenses:Transporte:Uber,35.98,BRL
1044,0,2026-02-16,*,,DL          *UberRides Sao Paulo     BR,,,pluggy-f563f570-1f9e-450c-963c-c2da4918f4e0,pluggy,987decad-afee-4c0e-950e-85c3006a4b2e,19010000,Taxi and ride-hailing,Liabilities:Credit:BB:Card:PlatinumVisa,-18.95,BRL
1044,1,2026-02-16,*,,DL          *UberRides Sao Paulo     BR,,,pluggy-f563f570-1f9e-450c-963c-c2da4918f4e0,pluggy,987decad-afee-4c0e-950e-85c3006a4b2e,19010000,Taxi and ride-hailing,Expenses:Transporte:Uber,18.95,BRL
1045,0,2026-02-17,*,,IFD PREGO PIZZAS A LEN OSASCO        BR,,,pluggy-e7c8983a-5be4-4b2b-a6a0-b0a0a8fe128a,pluggy,75f30132-31a8-4b54-9be0-648009b118db,11010000,Eating out,Liabilities:Credit:BB:Card:EloGrafite,-315.99,BRL
1045,1,2026-02-17,*,,IFD PREGO PIZZAS A LEN OSASCO        BR,,,pluggy-e7c8983a-5be4-4b2b-a6a0-b0a0a8fe128a,pluggy,75f30132-31a8-4b54-9be0-648009b118db,11010000,Eating out,Expenses:Alimentação:Delivery,315.99,BRL
1046,0,2026-02-17,*,,UBER * PENDING         SAO PAULO     BR,,,pluggy-63a315b2-defb-4b69-bee4-43ae298461a7,pluggy,987decad-afee-4c0e-950e-85c3006a4b2e,19010000,Taxi and ride-hailing,Liabilities:Credit:BB:Card:PlatinumVisa,-72.95,BRL
1046,1,2026-02-17,*,,UBER * PENDING         SAO PAULO     BR,,,pluggy-63a315b2-defb-4b69-bee4-43ae298461a7,pluggy,987decad-afee-4c0e-950e-85c3006a4b2e,19010000,Taxi and ride-hailing,Expenses:Transporte:Uber,72.95,BRL
1047,0,2026-02-17,*,,Google One             SAO PAULO     BR,,,pluggy-5cad3dcf-c3a2-4712-aa7a-8d7d238e3707,pluggy,987decad-afee-4c0e-950e-85c3006a4b2e,07010001,Internet,Liabilities:Credit:BB:Card:PlatinumVisa,-9.99,BRL
1047,1,2026-02-17,*,,Google One             SAO PAULO     BR,,,pluggy-5cad3dcf-c3a2-4712-aa7a-8d7d238e3707,pluggy,987decad-afee-4c0e-950e-85c3006a4b2e,07010001,Internet,Expenses:Mensalidades:Outras,9.99,BRL
1048,0,2026-02-17,*,,UBER * PENDING         SAO PAULO     BR,,,pluggy-b23567e5-5c5e-4b04-876a-87074e539fdf,pluggy,987decad-afee-4c0e-950e-85c3006a4b2e,19010000,Taxi and ride-hailing,Liabilities:Credit:BB:Card:PlatinumVisa,-73.94,BRL
1048,1,2026-02-17,*,,UBER * PENDING         SAO PAULO     BR,,,pluggy-b23567e5-5c5e-4b04-876a-87074e539fdf,pluggy,987decad-afee-4c0e-950e-85c3006a4b2e,19010000,Taxi and ride-hailing,Expenses:Transporte:Uber,73.94,BRL
1049,0,2026-02-18,*,,CREDITO EVENTOS RENDA FIXA - CRI CSN E4 S417,,,pluggy-8a824d54-d766-497e-beb3-b830eafe5f1c,pluggy,0cdf88ca-4715-44e5-bec6-ba37a59b2ede,,,Assets:Investment:Inter:Cash,268.38,BRL
1049,1,2026-02-18,*,,CREDITO EVENTOS RENDA FIXA - CRI CSN E4 S417,,,pluggy-8a824d54-d766-497e-beb3-b830eafe5f1c,pluggy,0cdf88ca-4715-44e5-bec6-ba37a59b2ede,,,Income:TODO,-268.38,BRL
1050,0,2026-02-18,*,,RENDIMENTOS DE CLIENTES PCIP11 S/            147,,,pluggy-4ac46966-ed08-4615-9c34-376952bc45f5,pluggy,e4d40b2d-f720-4570-8fb6-89c9a12e1e2f,03060000,Proceeds interests and dividends,Assets:Investment:XP:Cash,122.01,BRL
1050,1,2026-02-18,*,,RENDIMENTOS DE CLIENTES PCIP11 S/            147,,,pluggy-4ac46966-ed08-4615-9c34-376952bc45f5,pluggy,e4d40b2d-f720-4570-8fb6-89c9a12e1e2f,03060000,Proceeds interests and dividends,Income:Investment:XP:Rendimento,-122.01,BRL
1051,0,2026-02-18,*,,RENDIMENTOS DE CLIENTES PCIP11 S/            147,,,pluggy-191f4ee3-c9ea-43b6-bb3e-78ef245aeaab,pluggy,ffd6004e-1066-4c1c-9ece-826c45ffda7d,03060000,Proceeds interests and dividends,Assets:Investment:XP:Cash,122.01,BRL
1051,1,2026-02-18,*,,RENDIMENTOS DE CLIENTES PCIP11 S/            147,,,pluggy-191f4ee3-c9ea-43b6-bb3e-78ef245aeaab,pluggy,ffd6004e-1066-4c1c-9ece-826c45ffda7d,03060000,Proceeds interests and dividends,Income:Investment:XP:Rendimento,-122.01,BRL
1052,0,2026-02-18,*,,PIX - RECEBIDO  18/02 18:37 00014260259717 CAROLINA TE,,,pluggy-083f3672-d7fe-41e1-b188-3d413726c2ca,pluggy,25eb5f6d-2529-4377-8de5-e38160459cff,05070000,Transfer - PIX,Assets:Investment:BB:Cash,52,BRL
1052,1,2026-02-18,*,,PIX - RECEBIDO  18/02 18:37 00014260259717 CAROLINA TE,,,pluggy-083f3672-d7fe-41e1-b188-3d413726c2ca,pluggy,25eb5f6d-2529-4377-8de5-e38160459cff,05070000,Transfer - PIX,Equity:Transfers,-52,BRL
1053,0,2026-02-18,*,,PIX - RECEBIDO  18/02 18:37 00014879065790 ISABELLE CH,,,pluggy-483516f3-b6fb-45d5-a780-91101d975573,pluggy,25eb5f6d-2529-4377-8de5-e38160459cff,05070000,Transfer - PIX,Assets:Investment:BB:Cash,75,BRL
1053,1,2026-02-18,*,,PIX - RECEBIDO  18/02 18:37 00014879065790 ISABELLE CH,,,pluggy-483516f3-b6fb-45d5-a780-91101d975573,pluggy,25eb5f6d-2529-4377-8de5-e38160459cff,05070000,Transfer - PIX,Equity:Transfers,-75,BRL
1054,0,2026-02-18,*,,PIX - RECEBIDO  18/02 00:49 00096659637753 RENATO TADE,,,pluggy-90d4cadc-38ca-4925-8c13-496d231986fb,pluggy,25eb5f6d-2529-4377-8de5-e38160459cff,05070000,Transfer - PIX,Assets:Investment:BB:Cash,70,BRL
1054,1,2026-02-18,*,,PIX - RECEBIDO  18/02 00:49 00096659637753 RENATO TADE,,,pluggy-90d4cadc-38ca-4925-8c13-496d231986fb,pluggy,25eb5f6d-2529-4377-8de5-e38160459cff,05070000,Transfer - PIX,Equity:Transfers,-70,BRL
1055,0,2026-02-18,*,,PIX - RECEBIDO  17/02 21:34 00015790847706 FABIO DA CO,,,pluggy-1713b42f-4b7f-4d70-91d9-cc1422feaf4b,pluggy,25eb5f6d-2529-4377-8de5-e38160459cff,05070000,Transfer - PIX,Assets:Investment:BB:Cash,70,BRL
1055,1,2026-02-18,*,,PIX - RECEBIDO  17/02 21:34 00015790847706 FABIO DA CO,,,pluggy-1713b42f-4b7f-4d70-91d9-cc1422feaf4b,pluggy,25eb5f6d-2529-4377-8de5-e38160459cff,05070000,Transfer - PIX,Equity:Transfers,-70,BRL
1056,0,2026-02-18,*,,UBER * PENDING         SAO PAULO     BR,,,pluggy-810360a3-cdb2-45e4-ab7e-057048a99674,pluggy,987decad-afee-4c0e-950e-85c3006a4b2e,19010000,Taxi and ride-hailing,Liabilities:Credit:BB:Card:PlatinumVisa,-59.94,BRL
1056,1,2026-02-18,*,,UBER * PENDING         SAO PAULO     BR,,,pluggy-810360a3-cdb2-45e4-ab7e-057048a99674,pluggy,987decad-afee-4c0e-950e-85c3006a4b2e,19010000,Taxi and ride-hailing,Expenses:Transporte:Uber,59.94,BRL
1057,0,2026-02-18,*,,UBER * PENDING         SAO PAULO     BR,,,pluggy-f8eb1ce8-0906-465a-a5b7-2f40ba205354,pluggy,987decad-afee-4c0e-950e-85c3006a4b2e,19010000,Taxi and ride-hailing,Liabilities:Credit:BB:Card:PlatinumVisa,-71.98,BRL
1057,1,2026-02-18,*,,UBER * PENDING         SAO PAULO     BR,,,pluggy-f8eb1ce8-0906-465a-a5b7-2f40ba205354,pluggy,987decad-afee-4c0e-950e-85c3006a4b2e,19010000,Taxi and ride-hailing,Expenses:Transporte:Uber,71.98,BRL
1058,0,2026-02-18,*,,SUPERM PRINCESA LJ 165 RIO DE JANEIR BR,,,pluggy-ce4caefa-f0b2-4515-8b78-62b8431d79a7,pluggy,987decad-afee-4c0e-950e-85c3006a4b2e,10000000,Groceries,Liabilities:Credit:BB:Card:PlatinumVisa,-84.7,BRL
1058,1,2026-02-18,*,,SUPERM PRINCESA LJ 165 RIO DE JANEIR BR,,,pluggy-ce4caefa-f0b2-4515-8b78-62b8431d79a7,pluggy,987decad-afee-4c0e-950e-85c3006a4b2e,10000000,Groceries,Expenses:Alimentação:Mercado,84.7,BRL
1059,0,2026-02-18,*,,EC*QCONCURSOS          SAO PAULO     BR,,,pluggy-ea6984fa-f297-4aef-a374-f152f7f7b96c,pluggy,987decad-afee-4c0e-950e-85c3006a4b2e,07020003,School,Liabilities:Credit:BB:Card:PlatinumVisa,-301.99,BRL
1059,1,2026-02-18,*,,EC*QCONCURSOS          SAO PAULO     BR,,,pluggy-ea6984fa-f297-4aef-a374-f152f7f7b96c,pluggy,987decad-afee-4c0e-950e-85c3006a4b2e,07020003,School,Expenses:Educacao:Curso,301.99,BRL
1060,0,2026-02-19,*,,VBBR CONVENIENCIA S    RIO DE JANEIR BR,,,pluggy-4c29b6a6-fa92-4001-bc9c-50ab4962e412,pluggy,75f30132-31a8-4b54-9be0-648009b118db,10000000,Groceries,Liabilities:Credit:BB:Card:EloGrafite,-3.99,BRL
1060,1,2026-02-19,*,,VBBR CONVENIENCIA S    RIO DE JANEIR BR,,,pluggy-4c29b6a6-fa92-4001-bc9c-50ab4962e412,pluggy,75f30132-31a8-4b54-9be0-648009b118db,10000000,Groceries,Expenses:Alimentação:Mercado,3.99,BRL
1061,0,2026-02-19,*,,PIX - RECEBIDO  18/02 21:10 00001024239705 RENATA FAMI,,,pluggy-590fe455-a79c-48a8-86f0-0a978c0fa0bf,pluggy,25eb5f6d-2529-4377-8de5-e38160459cff,05070000,Transfer - PIX,Assets:Investment:BB:Cash,175,BRL
1061,1,2026-02-19,*,,PIX - RECEBIDO  18/02 21:10 00001024239705 RENATA FAMI,,,pluggy-590fe455-a79c-48a8-86f0-0a978c0fa0bf,pluggy,25eb5f6d-2529-4377-8de5-e38160459cff,05070000,Transfer - PIX,Equity:Transfers,-175,BRL
1062,0,2026-02-19,*,,DROGARIAS PACHECO SA   RIO DE JANEIR BR,,,pluggy-5d1062b4-921b-4beb-9c7f-921f7e359d73,pluggy,987decad-afee-4c0e-950e-85c3006a4b2e,18020000,Pharmacy,Liabilities:Credit:BB:Card:PlatinumVisa,-121.17,BRL
1062,1,2026-02-19,*,,DROGARIAS PACHECO SA   RIO DE JANEIR BR,,,pluggy-5d1062b4-921b-4beb-9c7f-921f7e359d73,pluggy,987decad-afee-4c0e-950e-85c3006a4b2e,18020000,Pharmacy,Expenses:Saude:Farmacia,121.17,BRL
1063,0,2026-02-20,*,,JUROS S/ CAPITAL DE CLIENTES PETR4 S/            500,,,pluggy-5e864842-ec36-4685-a306-39a381bf42bb,pluggy,e4d40b2d-f720-4570-8fb6-89c9a12e1e2f,02020000,Interests charged,Assets:Investment:XP:Cash,200.43,BRL
1063,1,2026-02-20,*,,JUROS S/ CAPITAL DE CLIENTES PETR4 S/            500,,,pluggy-5e864842-ec36-4685-a306-39a381bf42bb,pluggy,e4d40b2d-f720-4570-8fb6-89c9a12e1e2f,02020000,Interests charged,Income:Investment:XP:JCP,-200.43,BRL
1064,0,2026-02-20,*,,RENDIMENTOS DE CLIENTES PETR4 S/            500,,,pluggy-02d78ecd-9ca6-406e-b2ad-f5d12576946f,pluggy,e4d40b2d-f720-4570-8fb6-89c9a12e1e2f,03060000,Proceeds interests and dividends,Assets:Investment:XP:Cash,3.46,BRL
1064,1,2026-02-20,*,,RENDIMENTOS DE CLIENTES PETR4 S/            500,,,pluggy-02d78ecd-9ca6-406e-b2ad-f5d12576946f,pluggy,e4d40b2d-f720-4570-8fb6-89c9a12e1e2f,03060000,Proceeds interests and dividends,Income:Investment:XP:Rendimento,-3.46,BRL
1065,0,2026-02-20,*,,JUROS S/ CAPITAL DE CLIENTES PETR4 S/            500,,,pluggy-e42045d7-35d4-4895-947f-e76d7b88af47,pluggy,ffd6004e-1066-4c1c-9ece-826c45ffda7d,02020000,Interests charged,Assets:Investment:XP:Cash,200.43,BRL
1065,1,2026-02-20,*,,JUROS S/ CAPITAL DE CLIENTES PETR4 S/            500,,,pluggy-e42045d7-35d4-4895-947f-e76d7b88af47,pluggy,ffd6004e-1066-4c1c-9ece-826c45ffda7d,02020000,Interests charged,Income:Investment:XP:JCP,-200.43,BRL
1066,0,2026-02-20,*,,RENDIMENTOS DE CLIENTES PETR4 S/            500,,,pluggy-8b6fe92d-7024-449e-a298-49640787f1d5,pluggy,ffd6004e-1066-4c1c-9ece-826c45ffda7d,03060000,Proceeds interests and dividends,Assets:Investment:XP:Cash,3.46,BRL
1066,1,2026-02-20,*,,RENDIMENTOS DE CLIENTES PETR4 S/            500,,,pluggy-8b6fe92d-7024-449e-a298-49640787f1d5,pluggy,ffd6004e-1066-4c1c-9ece-826c45ffda7d,03060000,Proceeds interests and dividends,Income:Investment:XP:Rendimento,-3.46,BRL
1067,0,2026-02-20,*,,PRINCESA AUTO S DE COM RIO DE JANEIR BR,,,pluggy-b202da4d-0cd5-4721-82ba-b81d73ddf052,pluggy,75f30132-31a8-4b54-9be0-648009b118db,10000000,Groceries,Liabilities:Credit:BB:Card:EloGrafite,-22.49,BRL
1067,1,2026-02-20,*,,PRINCESA AUTO S DE COM RIO DE JANEIR BR,,,pluggy-b202da4d-0cd5-4721-82ba-b81d73ddf052,pluggy,75f30132-31a8-4b54-9be0-648009b118db,10000000,Groceries,Expenses:Alimentação:Mercado,22.49,BRL
1068,0,2026-02-20,*,,PIX - ENVIADO   20/02 08:56 RODRIGO DA CUNHA MANGELLI,,,pluggy-05fbb680-91a0-48c4-ae9f-46eef26eb695,pluggy,25eb5f6d-2529-4377-8de5-e38160459cff,05070000,Transfer - PIX,Assets:Investment:BB:Cash,-12,BRL
1068,1,2026-02-20,*,,PIX - ENVIADO   20/02 08:56 RODRIGO DA CUNHA MANGELLI,,,pluggy-05fbb680-91a0-48c4-ae9f-46eef26eb695,pluggy,25eb5f6d-2529-4377-8de5-e38160459cff,05070000,Transfer - PIX,Expenses:Geral,12,BRL
1069,0,2026-02-21,*,,SUPERMERCADO ULTRA 11  RIO DE JANEIR BR,,,pluggy-734fec25-d74a-4393-91ec-c207662369a7,pluggy,75f30132-31a8-4b54-9be0-648009b118db,10000000,Groceries,Liabilities:Credit:BB:Card:EloGrafite,-156.68,BRL
1069,1,2026-02-21,*,,SUPERMERCADO ULTRA 11  RIO DE JANEIR BR,,,pluggy-734fec25-d74a-4393-91ec-c207662369a7,pluggy,75f30132-31a8-4b54-9be0-648009b118db,10000000,Groceries,Expenses:Alimentação:Mercado,156.68,BRL
1070,0,2026-02-21,*,,PIX - ENVIADO   21/02 19:55 WELSON DOS ANJOS ALMEIDA,,,pluggy-6d9571dc-31d7-456c-a202-db88205e4c5a,pluggy,25eb5f6d-2529-4377-8de5-e38160459cff,05070000,Transfer - PIX,Assets:Investment:BB:Cash,-300,BRL
1070,1,2026-02-21,*,,PIX - ENVIADO   21/02 19:55 WELSON DOS ANJOS ALMEIDA,,,pluggy-6d9571dc-31d7-456c-a202-db88205e4c5a,pluggy,25eb5f6d-2529-4377-8de5-e38160459cff,05070000,Transfer - PIX,Expenses:Geral,300,BRL
1071,0,2026-02-21,*,,UBER *TRIP HELP.UBER.COSAO PAULO     BR,,,pluggy-e9f3d835-be3d-48b0-9807-944d81473050,pluggy,987decad-afee-4c0e-950e-85c3006a4b2e,19010000,Taxi and ride-hailing,Liabilities:Credit:BB:Card:PlatinumVisa,-27.94,BRL
1071,1,2026-02-21,*,,UBER *TRIP HELP.UBER.COSAO PAULO     BR,,,pluggy-e9f3d835-be3d-48b0-9807-944d81473050,pluggy,987decad-afee-4c0e-950e-85c3006a4b2e,19010000,Taxi and ride-hailing,Expenses:Transporte:Uber,27.94,BRL
1072,0,2026-02-21,*,,UBER * PENDING         SAO PAULO     BR,,,pluggy-ce45d11d-a826-408b-822f-8b471625bd45,pluggy,987decad-afee-4c0e-950e-85c3006a4b2e,19010000,Taxi and ride-hailing,Liabilities:Credit:BB:Card:PlatinumVisa,-21.95,BRL
1072,1,2026-02-21,*,,UBER * PENDING         SAO PAULO     BR,,,pluggy-ce45d11d-a826-408b-822f-8b471625bd45,pluggy,987decad-afee-4c0e-950e-85c3006a4b2e,19010000,Taxi and ride-hailing,Expenses:Transporte:Uber,21.95,BRL
1073,0,2026-02-22,*,,DROGARIAS PACHECO SA   RIO DE JANEIR BR,,,pluggy-620c01c6-55c0-489a-ba19-7e8f4022ec72,pluggy,987decad-afee-4c0e-950e-85c3006a4b2e,18020000,Pharmacy,Liabilities:Credit:BB:Card:PlatinumVisa,-73.58,BRL
1073,1,2026-02-22,*,,DROGARIAS PACHECO SA   RIO DE JANEIR BR,,,pluggy-620c01c6-55c0-489a-ba19-7e8f4022ec72,pluggy,987decad-afee-4c0e-950e-85c3006a4b2e,18020000,Pharmacy,Expenses:Saude:Farmacia,73.58,BRL
1074,0,2026-02-23,*,,OPERAÇÕES EM BOLSA PR 23/02/2026 NOTA Nº 130677685,,,pluggy-8d2d5640-ecc2-4cf2-bbb0-967d72244ef8,pluggy,e4d40b2d-f720-4570-8fb6-89c9a12e1e2f,03000000,Investments,Assets:Investment:XP:Cash,17592.74,BRL
1074,1,2026-02-23,*,,OPERAÇÕES EM BOLSA PR 23/02/2026 NOTA Nº 130677685,,,pluggy-8d2d5640-ecc2-4cf2-bbb0-967d72244ef8,pluggy,e4d40b2d-f720-4570-8fb6-89c9a12e1e2f,03000000,Investments,Assets:TODO,-17592.74,BRL
1075,0,2026-02-23,*,,58524488Mariele        RIO DE JANEIR BR,,,pluggy-59304430-6f48-449b-9475-b10d70cba54d,pluggy,75f30132-31a8-4b54-9be0-648009b118db,11010000,Eating out,Liabilities:Credit:BB:Card:EloGrafite,-18.99,BRL
1075,1,2026-02-23,*,,58524488Mariele        RIO DE JANEIR BR,,,pluggy-59304430-6f48-449b-9475-b10d70cba54d,pluggy,75f30132-31a8-4b54-9be0-648009b118db,11010000,Eating out,Expenses:Geral,18.99,BRL
1076,0,2026-02-23,*,,PIX - ENVIADO   23/02 20:57 AMAZON.COM.BR,,,pluggy-59f2f4e3-486c-49b1-971b-b0cda2e074b4,pluggy,25eb5f6d-2529-4377-8de5-e38160459cff,08010000,Online shopping,Assets:Investment:BB:Cash,-23.59,BRL
1076,1,2026-02-23,*,,PIX - ENVIADO   23/02 20:57 AMAZON.COM.BR,,,pluggy-59f2f4e3-486c-49b1-971b-b0cda2e074b4,pluggy,25eb5f6d-2529-4377-8de5-e38160459cff,08010000,Online shopping,Expenses:Pessoal:Compras,23.59,BRL
1077,0,2026-02-23,*,,RECEB FORNEC    39.427.632/0001-71 ASSOCIACAO PETROBRA,,,pluggy-6f36d1a3-3b45-4b2a-8651-6d3c724399d0,pluggy,25eb5f6d-2529-4377-8de5-e38160459cff,01000000,Income,Assets:Investment:BB:Cash,244,BRL
1077,1,2026-02-23,*,,RECEB FORNEC    39.427.632/0001-71 ASSOCIACAO PETROBRA,,,pluggy-6f36d1a3-3b45-4b2a-8651-6d3c724399d0,pluggy,25eb5f6d-2529-4377-8de5-e38160459cff,01000000,Income,Income:Reembolso,-244,BRL
1078,0,2026-02-23,*,,CAES E GATOS PET SHOP  RIO DE JANEIR BR,,,pluggy-330aa59c-f293-4419-a936-cef5f030b2cd,pluggy,987decad-afee-4c0e-950e-85c3006a4b2e,08030000,Pet supplies and vet,Liabilities:Credit:BB:Card:PlatinumVisa,-10.5,BRL
1078,1,2026-02-23,*,,CAES E GATOS PET SHOP  RIO DE JANEIR BR,,,pluggy-330aa59c-f293-4419-a936-cef5f030b2cd,pluggy,987decad-afee-4c0e-950e-85c3006a4b2e,08030000,Pet supplies and vet,Expenses:Pet:Petshop,10.5,BRL
1079,0,2026-02-24,*,,RENDIMENTOS DE CLIENTES AFHI11 S/            132,,,pluggy-7712d978-7302-4a89-907f-0ebf64a079c4,pluggy,e4d40b2d-f720-4570-8fb6-89c9a12e1e2f,03060000,Proceeds interests and dividends,Assets:Investment:XP:Cash,128.04,BRL
1079,1,2026-02-24,*,,RENDIMENTOS DE CLIENTES AFHI11 S/            132,,,pluggy-7712d978-7302-4a89-907f-0ebf64a079c4,pluggy,e4d40b2d-f720-4570-8fb6-89c9a12e1e2f,03060000,Proceeds interests and dividends,Income:Investment:XP:Rendimento,-128.04,BRL
1080,0,2026-02-24,*,,RENDIMENTOS DE CLIENTES AFHI11 S/            132,,,pluggy-6ba2f4e7-3aab-43ae-9c6a-ba5fb4e3c474,pluggy,ffd6004e-1066-4c1c-9ece-826c45ffda7d,03060000,Proceeds interests and dividends,Assets:Investment:XP:Cash,128.04,BRL
1080,1,2026-02-24,*,,RENDIMENTOS DE CLIENTES AFHI11 S/            132,,,pluggy-6ba2f4e7-3aab-43ae-9c6a-ba5fb4e3c474,pluggy,ffd6004e-1066-4c1c-9ece-826c45ffda7d,03060000,Proceeds interests and dividends,Income:Investment:XP:Rendimento,-128.04,BRL
1081,0,2026-02-24,*,,SUPERM PRINCESA LJ 165 RIO DE JANEIR BR,,,pluggy-b2241b54-f3d3-49b1-96ef-9f236070ca34,pluggy,987decad-afee-4c0e-950e-85c3006a4b2e,10000000,Groceries,Liabilities:Credit:BB:Card:PlatinumVisa,-57.61,BRL
1081,1,2026-02-24,*,,SUPERM PRINCESA LJ 165 RIO DE JANEIR BR,,,pluggy-b2241b54-f3d3-49b1-96ef-9f236070ca34,pluggy,987decad-afee-4c0e-950e-85c3006a4b2e,10000000,Groceries,Expenses:Alimentação:Mercado,57.61,BRL
1082,0,2026-02-25,*,,REAJ.MON. BC,,,pluggy-eb527769-80c6-406d-a443-aed99517fb4e,pluggy,3d0492b4-0d84-49c0-9945-e3e9adc34d51,06010000,Blocked balances,Assets:Investment:BB:Savings,6.87,BRL
1082,1,2026-02-25,*,,REAJ.MON. BC,,,pluggy-eb527769-80c6-406d-a443-aed99517fb4e,pluggy,3d0492b4-0d84-49c0-9945-e3e9adc34d51,06010000,Blocked balances,Income:Investment:Interest,-6.87,BRL
1083,0,2026-02-25,*,,JUROS,,,pluggy-e4a6e0d1-74cb-470b-bde4-96d6b94cf591,pluggy,3d0492b4-0d84-49c0-9945-e3e9adc34d51,02020000,Interests charged,Assets:Investment:BB:Savings,20.03,BRL
1083,1,2026-02-25,*,,JUROS,,,pluggy-e4a6e0d1-74cb-470b-bde4-96d6b94cf591,pluggy,3d0492b4-0d84-49c0-9945-e3e9adc34d51,02020000,Interests charged,Income:Investment:Interest,-20.03,BRL
1084,0,2026-02-25,*,,PLANEJADA,,,pluggy-9b506fea-3270-4d30-b0f6-c7fb550f5478,pluggy,3d0492b4-0d84-49c0-9945-e3e9adc34d51,03000000,Investments,Assets:Investment:BB:Savings,2000,BRL
1084,1,2026-02-25,*,,PLANEJADA,,,pluggy-9b506fea-3270-4d30-b0f6-c7fb550f5478,pluggy,3d0492b4-0d84-49c0-9945-e3e9adc34d51,03000000,Investments,Assets:Investment:BB:Cash,-2000,BRL
1085,0,2026-02-25,*,,PLANEJADA,,,pluggy-983cacce-8a67-44ce-8c2a-b2aa53a0cd1a,pluggy,3d0492b4-0d84-49c0-9945-e3e9adc34d51,03000000,Investments,Assets:Investment:BB:Savings,2000,BRL
1085,1,2026-02-25,*,,PLANEJADA,,,pluggy-983cacce-8a67-44ce-8c2a-b2aa53a0cd1a,pluggy,3d0492b4-0d84-49c0-9945-e3e9adc34d51,03000000,Investments,Assets:Investment:BB:Cash,-2000,BRL
1086,0,2026-02-25,*,,PIX - ENVIADO   25/02 15:39 ANA CAROLINA DE ABREU ESC,,,pluggy-3c2d5974-7a81-4150-968e-43f07d7edb5a,pluggy,25eb5f6d-2529-4377-8de5-e38160459cff,05070000,Transfer - PIX,Assets:Investment:BB:Cash,-2000,BRL
1086,1,2026-02-25,*,,PIX - ENVIADO   25/02 15:39 ANA CAROLINA DE ABREU ESC,,,pluggy-3c2d5974-7a81-4150-968e-43f07d7edb5a,pluggy,25eb5f6d-2529-4377-8de5-e38160459cff,05070000,Transfer - PIX,Expenses:Geral:Caol,2000,BRL
1087,0,2026-02-25,*,,PIX - ENVIADO   25/02 07:02 MAIS.MOBI,,,pluggy-01fa6421-47b9-4518-ae3e-79af5334f6b9,pluggy,25eb5f6d-2529-4377-8de5-e38160459cff,05070000,Transfer - PIX,Assets:Investment:BB:Cash,-80,BRL
1087,1,2026-02-25,*,,PIX - ENVIADO   25/02 07:02 MAIS.MOBI,,,pluggy-01fa6421-47b9-4518-ae3e-79af5334f6b9,pluggy,25eb5f6d-2529-4377-8de5-e38160459cff,05070000,Transfer - PIX,Expenses:Transporte:TransportePublico,80,BRL
1088,0,2026-02-25,*,,TRANSF ENVIADA  15/11 GABRIEL BARROS RODRIGUES,,,pluggy-ee0084ed-4cad-421c-9b2f-f69ba9f341da,pluggy,25eb5f6d-2529-4377-8de5-e38160459cff,04000000,Same person transfer,Assets:Investment:BB:Cash,-2000,BRL
1088,1,2026-02-25,*,,TRANSF ENVIADA  15/11 GABRIEL BARROS RODRIGUES,,,pluggy-ee0084ed-4cad-421c-9b2f-f69ba9f341da,pluggy,25eb5f6d-2529-4377-8de5-e38160459cff,04000000,Same person transfer,Assets:Investment:BB:Savings,2000,BRL
1089,0,2026-02-25,*,,TRANSF ENVIADA  15/11 GABRIEL BARROS RODRIGUES,,,pluggy-016a2c03-2bf9-4240-807c-af38911014b4,pluggy,25eb5f6d-2529-4377-8de5-e38160459cff,04000000,Same person transfer,Assets:Investment:BB:Cash,-2000,BRL
1089,1,2026-02-25,*,,TRANSF ENVIADA  15/11 GABRIEL BARROS RODRIGUES,,,pluggy-016a2c03-2bf9-4240-807c-af38911014b4,pluggy,25eb5f6d-2529-4377-8de5-e38160459cff,04000000,Same person transfer,Assets:Investment:BB:Savings,2000,BRL
1090,0,2026-02-25,*,,PROVENTOS       33.000.167/0001-01 PETROLEO BRASILEIRO,,,pluggy-1b289bdb-542b-405d-b410-c00054606f26,pluggy,25eb5f6d-2529-4377-8de5-e38160459cff,03060000,Proceeds interests and dividends,Assets:Investment:BB:Cash,6006.42,BRL
1090,1,2026-02-25,*,,PROVENTOS       33.000.167/0001-01 PETROLEO BRASILEIRO,,,pluggy-1b289bdb-542b-405d-b410-c00054606f26,pluggy,25eb5f6d-2529-4377-8de5-e38160459cff,03060000,Proceeds interests and dividends,Income:Salario,-6006.42,BRL
1091,0,2026-02-25,*,,DROGARIAS PACHECO SA   RIO DE JANEIR BR,,,pluggy-16368bbf-4fce-4907-b67d-943911c6ade6,pluggy,987decad-afee-4c0e-950e-85c3006a4b2e,18020000,Pharmacy,Liabilities:Credit:BB:Card:PlatinumVisa,-208.58,BRL
1091,1,2026-02-25,*,,DROGARIAS PACHECO SA   RIO DE JANEIR BR,,,pluggy-16368bbf-4fce-4907-b67d-943911c6ade6,pluggy,987decad-afee-4c0e-950e-85c3006a4b2e,18020000,Pharmacy,Expenses:Saude:Farmacia,208.58,BRL
1092,0,2026-02-25,*,,ANUIDADE DIFERENCIADA ADC-PARC 04/12 BR,,,pluggy-550307e8-2506-4cef-9e54-39af8ff1a7b2,pluggy,987decad-afee-4c0e-950e-85c3006a4b2e,16030000,Credit card fees,Liabilities:Credit:BB:Card:PlatinumVisa,-22.75,BRL
1092,1,2026-02-25,*,,ANUIDADE DIFERENCIADA ADC-PARC 04/12 BR,,,pluggy-550307e8-2506-4cef-9e54-39af8ff1a7b2,pluggy,987decad-afee-4c0e-950e-85c3006a4b2e,16030000,Credit card fees,Expenses:Taxas:Banco,22.75,BRL
1093,0,2026-02-25,*,,UBER * PENDING         SAO PAULO     BR,,,pluggy-1a605c39-98fd-4cb9-83de-c02efcdc48fd,pluggy,987decad-afee-4c0e-950e-85c3006a4b2e,19010000,Taxi and ride-hailing,Liabilities:Credit:BB:Card:PlatinumVisa,-19.84,BRL
1093,1,2026-02-25,*,,UBER * PENDING         SAO PAULO     BR,,,pluggy-1a605c39-98fd-4cb9-83de-c02efcdc48fd,pluggy,987decad-afee-4c0e-950e-85c3006a4b2e,19010000,Taxi and ride-hailing,Expenses:Transporte:Uber,19.84,BRL
1094,0,2026-02-25,*,,UBER *TRIP HELP.UBER.COSAO PAULO     BR,,,pluggy-16d55cb8-1877-4d1d-a2b2-df37bce99a6b,pluggy,987decad-afee-4c0e-950e-85c3006a4b2e,19010000,Taxi and ride-hailing,Liabilities:Credit:BB:Card:PlatinumVisa,-16.99,BRL
1094,1,2026-02-25,*,,UBER *TRIP HELP.UBER.COSAO PAULO     BR,,,pluggy-16d55cb8-1877-4d1d-a2b2-df37bce99a6b,pluggy,987decad-afee-4c0e-950e-85c3006a4b2e,19010000,Taxi and ride-hailing,Expenses:Transporte:Uber,16.99,BRL
1095,0,2026-02-26,*,,PIX - ENVIADO   26/02 09:17 HOTMART,,,pluggy-c9c704a5-b04e-4625-93c7-d57f0ad0132d,pluggy,25eb5f6d-2529-4377-8de5-e38160459cff,09000000,Digital services,Assets:Investment:BB:Cash,-1497,BRL
1095,1,2026-02-26,*,,PIX - ENVIADO   26/02 09:17 HOTMART,,,pluggy-c9c704a5-b04e-4625-93c7-d57f0ad0132d,pluggy,25eb5f6d-2529-4377-8de5-e38160459cff,09000000,Digital services,Expenses:Geral,1497,BRL
1096,0,2026-02-26,*,,UBER * PENDING         SAO PAULO     BR,,,pluggy-65ddd5a2-73b0-42af-93db-15d948fd8ee9,pluggy,987decad-afee-4c0e-950e-85c3006a4b2e,19010000,Taxi and ride-hailing,Liabilities:Credit:BB:Card:PlatinumVisa,-10.98,BRL
1096,1,2026-02-26,*,,UBER * PENDING         SAO PAULO     BR,,,pluggy-65ddd5a2-73b0-42af-93db-15d948fd8ee9,pluggy,987decad-afee-4c0e-950e-85c3006a4b2e,19010000,Taxi and ride-hailing,Expenses:Transporte:Uber,10.98,BRL
1097,0,2026-02-27,*,,IFD O BASICO BURGUER L RIO DE JANEIR BR,,,pluggy-2d6f995a-b896-432a-918b-4714a3466870,pluggy,75f30132-31a8-4b54-9be0-648009b118db,11010000,Eating out,Liabilities:Credit:BB:Card:EloGrafite,-101.89,BRL
1097,1,2026-02-27,*,,IFD O BASICO BURGUER L RIO DE JANEIR BR,,,pluggy-2d6f995a-b896-432a-918b-4714a3466870,pluggy,75f30132-31a8-4b54-9be0-648009b118db,11010000,Eating out,Expenses:Alimentação:Delivery,101.89,BRL
1098,0,2026-02-27,*,,UBER* TRIP             WWW.UBER.COM. BR,,,pluggy-f85b4ea9-fa54-4a8d-825d-4fa8c1a70985,pluggy,987decad-afee-4c0e-950e-85c3006a4b2e,19010000,Taxi and ride-hailing,Liabilities:Credit:BB:Card:PlatinumVisa,-10.97,BRL
1098,1,2026-02-27,*,,UBER* TRIP             WWW.UBER.COM. BR,,,pluggy-f85b4ea9-fa54-4a8d-825d-4fa8c1a70985,pluggy,987decad-afee-4c0e-950e-85c3006a4b2e,19010000,Taxi and ride-hailing,Expenses:Transporte:Uber,10.97,BRL
1099,0,2026-02-28,*,,UBER * PENDING         SAO PAULO     BR,,,pluggy-5388989f-9a14-44d9-8699-dd04177c2598,pluggy,987decad-afee-4c0e-950e-85c3006a4b2e,19010000,Taxi and ride-hailing,Liabilities:Credit:BB:Card:PlatinumVisa,-19.85,BRL
1099,1,2026-02-28,*,,UBER * PENDING         SAO PAULO     BR,,,pluggy-5388989f-9a14-44d9-8699-dd04177c2598,pluggy,987decad-afee-4c0e-950e-85c3006a4b2e,19010000,Taxi and ride-hailing,Expenses:Transporte:Uber,19.85,BRL
1100,0,2026-02-28,*,,UBER * PENDING         SAO PAULO     BR,,,pluggy-9eca18fd-09c4-4db9-9c0a-99bf868271e3,pluggy,987decad-afee-4c0e-950e-85c3006a4b2e,19010000,Taxi and ride-hailing,Liabilities:Credit:BB:Card:PlatinumVisa,-15.93,BRL
1100,1,2026-02-28,*,,UBER * PENDING         SAO PAULO     BR,,,pluggy-9eca18fd-09c4-4db9-9c0a-99bf868271e3,pluggy,987decad-afee-4c0e-950e-85c3006a4b2e,19010000,Taxi and ride-hailing,Expenses:Transporte:Uber,15.93,BRL
1101,0,2026-02-28,*,,UBER * PENDING         SAO PAULO     BR,,,pluggy-9c522356-6275-44ff-af80-20ddca429598,pluggy,987decad-afee-4c0e-950e-85c3006a4b2e,19010000,Taxi and ride-hailing,Liabilities:Credit:BB:Card:PlatinumVisa,-10.95,BRL
1101,1,2026-02-28,*,,UBER * PENDING         SAO PAULO     BR,,,pluggy-9c522356-6275-44ff-af80-20ddca429598,pluggy,987decad-afee-4c0e-950e-85c3006a4b2e,19010000,Taxi and ride-hailing,Expenses:Transporte:Uber,10.95,BRL
1102,0,2026-03-01,*,,UBER * PENDING         SAO PAULO     BR,,,pluggy-e8473711-6655-405c-a941-189afc662cb3,pluggy,987decad-afee-4c0e-950e-85c3006a4b2e,19010000,Taxi and ride-hailing,Liabilities:Credit:BB:Card:PlatinumVisa,-20.95,BRL
1102,1,2026-03-01,*,,UBER * PENDING         SAO PAULO     BR,,,pluggy-e8473711-6655-405c-a941-189afc662cb3,pluggy,987decad-afee-4c0e-950e-85c3006a4b2e,19010000,Taxi and ride-hailing,Expenses:Transporte:Uber,20.95,BRL
1103,0,2026-03-01,*,,UBER * PENDING         SAO PAULO     BR,,,pluggy-4fbffd09-fa8f-4afb-96a0-28a29c061c5b,pluggy,987decad-afee-4c0e-950e-85c3006a4b2e,19010000,Taxi and ride-hailing,Liabilities:Credit:BB:Card:PlatinumVisa,-17.95,BRL
1103,1,2026-03-01,*,,UBER * PENDING         SAO PAULO     BR,,,pluggy-4fbffd09-fa8f-4afb-96a0-28a29c061c5b,pluggy,987decad-afee-4c0e-950e-85c3006a4b2e,19010000,Taxi and ride-hailing,Expenses:Transporte:Uber,17.95,BRL
1104,0,2026-03-01,*,,UBER *TRIP HELP.UBER.COSAO PAULO     BR,,,pluggy-8948239b-9c0a-4be3-aee2-ab2ef1fdb41b,pluggy,987decad-afee-4c0e-950e-85c3006a4b2e,19010000,Taxi and ride-hailing,Liabilities:Credit:BB:Card:PlatinumVisa,-105.86,BRL
1104,1,2026-03-01,*,,UBER *TRIP HELP.UBER.COSAO PAULO     BR,,,pluggy-8948239b-9c0a-4be3-aee2-ab2ef1fdb41b,pluggy,987decad-afee-4c0e-950e-85c3006a4b2e,19010000,Taxi and ride-hailing,Expenses:Transporte:Uber,105.86,BRL
1105,0,2026-03-01,*,,UBER * PENDING         SAO PAULO     BR,,,pluggy-9a91468a-14e3-4678-92bf-939372f575e3,pluggy,987decad-afee-4c0e-950e-85c3006a4b2e,19010000,Taxi and ride-hailing,Liabilities:Credit:BB:Card:PlatinumVisa,-94.97,BRL
1105,1,2026-03-01,*,,UBER * PENDING         SAO PAULO     BR,,,pluggy-9a91468a-14e3-4678-92bf-939372f575e3,pluggy,987decad-afee-4c0e-950e-85c3006a4b2e,19010000,Taxi and ride-hailing,Expenses:Transporte:Uber,94.97,BRL
1106,0,2026-03-02,*,,JUROS S/ CAPITAL DE CLIENTES ITUB3 S/            526,,,pluggy-c8e47c6a-8095-49a0-85ed-edd810fa2d56,pluggy,e4d40b2d-f720-4570-8fb6-89c9a12e1e2f,02020000,Interests charged,Assets:Investment:XP:Cash,7.89,BRL
1106,1,2026-03-02,*,,JUROS S/ CAPITAL DE CLIENTES ITUB3 S/            526,,,pluggy-c8e47c6a-8095-49a0-85ed-edd810fa2d56,pluggy,e4d40b2d-f720-4570-8fb6-89c9a12e1e2f,02020000,Interests charged,Income:Investment:XP:JCP,-7.89,BRL
1107,0,2026-03-02,*,,RENDIMENTOS DE CLIENTES BBSE3 S/            500,,,pluggy-52a5011b-2cd6-404f-9c77-a0c6745e025d,pluggy,e4d40b2d-f720-4570-8fb6-89c9a12e1e2f,03060000,Proceeds interests and dividends,Assets:Investment:XP:Cash,22.03,BRL
1107,1,2026-03-02,*,,RENDIMENTOS DE CLIENTES BBSE3 S/            500,,,pluggy-52a5011b-2cd6-404f-9c77-a0c6745e025d,pluggy,e4d40b2d-f720-4570-8fb6-89c9a12e1e2f,03060000,Proceeds interests and dividends,Income:Investment:XP:Rendimento,-22.03,BRL
1108,0,2026-03-02,*,,DIVIDENDOS DE CLIENTES BBSE3 S/            500,,,pluggy-586f0006-6057-45ce-9169-68bbac1ae067,pluggy,ffd6004e-1066-4c1c-9ece-826c45ffda7d,03060000,Proceeds interests and dividends,Assets:Investment:XP:Cash,1274.98,BRL
1108,1,2026-03-02,*,,DIVIDENDOS DE CLIENTES BBSE3 S/            500,,,pluggy-586f0006-6057-45ce-9169-68bbac1ae067,pluggy,ffd6004e-1066-4c1c-9ece-826c45ffda7d,03060000,Proceeds interests and dividends,Income:Investment:XP:Dividend,-1274.98,BRL
1109,0,2026-03-02,*,,DIVIDENDOS DE CLIENTES BBSE3 S/            500,,,pluggy-40fad570-f8f5-417d-99ef-13c240839b29,pluggy,e4d40b2d-f720-4570-8fb6-89c9a12e1e2f,03060000,Proceeds interests and dividends,Assets:Investment:XP:Cash,1274.98,BRL
1109,1,2026-03-02,*,,DIVIDENDOS DE CLIENTES BBSE3 S/            500,,,pluggy-40fad570-f8f5-417d-99ef-13c240839b29,pluggy,e4d40b2d-f720-4570-8fb6-89c9a12e1e2f,03060000,Proceeds interests and dividends,Income:Investment:XP:Dividend,-1274.98,BRL
1110,0,2026-03-02,*,,JUROS S/ CAPITAL DE CLIENTES ITUB3 S/            526,,,pluggy-3ea6b04b-35cd-4e9e-a8a7-6ed26656e3fc,pluggy,ffd6004e-1066-4c1c-9ece-826c45ffda7d,02020000,Interests charged,Assets:Investment:XP:Cash,7.89,BRL
1110,1,2026-03-02,*,,JUROS S/ CAPITAL DE CLIENTES ITUB3 S/            526,,,pluggy-3ea6b04b-35cd-4e9e-a8a7-6ed26656e3fc,pluggy,ffd6004e-1066-4c1c-9ece-826c45ffda7d,02020000,Interests charged,Income:Investment:XP:JCP,-7.89,BRL
1111,0,2026-03-02,*,,RENDIMENTOS DE CLIENTES BBSE3 S/            500,,,pluggy-180e517e-ed2a-4bdc-9680-9929a2bcf36d,pluggy,ffd6004e-1066-4c1c-9ece-826c45ffda7d,03060000,Proceeds interests and dividends,Assets:Investment:XP:Cash,22.03,BRL
1111,1,2026-03-02,*,,RENDIMENTOS DE CLIENTES BBSE3 S/            500,,,pluggy-180e517e-ed2a-4bdc-9680-9929a2bcf36d,pluggy,ffd6004e-1066-4c1c-9ece-826c45ffda7d,03060000,Proceeds interests and dividends,Income:Investment:XP:Rendimento,-22.03,BRL
1112,0,2026-03-03,*,,DL GOOGLE Crunch       1123958400    BR,,,pluggy-5bfaac0b-83e7-4169-9df2-d4fa91477a74,pluggy,75f30132-31a8-4b54-9be0-648009b118db,09000000,Digital services,Liabilities:Credit:BB:Card:EloGrafite,-19.99,BRL
1112,1,2026-03-03,*,,DL GOOGLE Crunch       1123958400    BR,,,pluggy-5bfaac0b-83e7-4169-9df2-d4fa91477a74,pluggy,75f30132-31a8-4b54-9be0-648009b118db,09000000,Digital services,Expenses:Lazer:Streaming,19.99,BRL
1113,0,2026-03-03,*,,METRO RJ               RIO DE JANEIR BR,,,pluggy-7b644b93-a720-46b4-8539-ebd98ef0c752,pluggy,75f30132-31a8-4b54-9be0-648009b118db,19020000,Public transportation,Liabilities:Credit:BB:Card:EloGrafite,-7.9,BRL
1113,1,2026-03-03,*,,METRO RJ               RIO DE JANEIR BR,,,pluggy-7b644b93-a720-46b4-8539-ebd98ef0c752,pluggy,75f30132-31a8-4b54-9be0-648009b118db,19020000,Public transportation,Expenses:Transporte:TransportePublico,7.9,BRL
1114,0,2026-03-04,*,,JUROS S/ CAPITAL DE CLIENTES VALE3 S/            200,,,pluggy-aa8e55ac-6929-484d-be00-40e9b14a7646,pluggy,e4d40b2d-f720-4570-8fb6-89c9a12e1e2f,02020000,Interests charged,Assets:Investment:XP:Cash,266.82,BRL
1114,1,2026-03-04,*,,JUROS S/ CAPITAL DE CLIENTES VALE3 S/            200,,,pluggy-aa8e55ac-6929-484d-be00-40e9b14a7646,pluggy,e4d40b2d-f720-4570-8fb6-89c9a12e1e2f,02020000,Interests charged,Income:Investment:XP:JCP,-266.82,BRL
1115,0,2026-03-04,*,,DIVIDENDOS DE CLIENTES VALE3 S/            200,,,pluggy-1fb786c2-a2e7-41b9-b091-6e4ba1bb9100,pluggy,e4d40b2d-f720-4570-8fb6-89c9a12e1e2f,03060000,Proceeds interests and dividends,Assets:Investment:XP:Cash,153.62,BRL
1115,1,2026-03-04,*,,DIVIDENDOS DE CLIENTES VALE3 S/            200,,,pluggy-1fb786c2-a2e7-41b9-b091-6e4ba1bb9100,pluggy,e4d40b2d-f720-4570-8fb6-89c9a12e1e2f,03060000,Proceeds interests and dividends,Income:Investment:XP:Dividend,-153.62,BRL
1116,0,2026-03-04,*,,JUROS S/ CAPITAL DE CLIENTES VALE3 S/            200,,,pluggy-9532b214-96a6-42ef-90ff-ccaf1d0fb2aa,pluggy,ffd6004e-1066-4c1c-9ece-826c45ffda7d,02020000,Interests charged,Assets:Investment:XP:Cash,266.82,BRL
1116,1,2026-03-04,*,,JUROS S/ CAPITAL DE CLIENTES VALE3 S/            200,,,pluggy-9532b214-96a6-42ef-90ff-ccaf1d0fb2aa,pluggy,ffd6004e-1066-4c1c-9ece-826c45ffda7d,02020000,Interests charged,Income:Investment:XP:JCP,-266.82,BRL
1117,0,2026-03-04,*,,DIVIDENDOS DE CLIENTES VALE3 S/            200,,,pluggy-10663f93-e9a4-49e8-a9b4-d6a06791946c,pluggy,ffd6004e-1066-4c1c-9ece-826c45ffda7d,03060000,Proceeds interests and dividends,Assets:Investment:XP:Cash,153.62,BRL
1117,1,2026-03-04,*,,DIVIDENDOS DE CLIENTES VALE3 S/            200,,,pluggy-10663f93-e9a4-49e8-a9b4-d6a06791946c,pluggy,ffd6004e-1066-4c1c-9ece-826c45ffda7d,03060000,Proceeds interests and dividends,Income:Investment:XP:Dividend,-153.62,BRL
1118,0,2026-03-04,*,,METRO RJ               RIO DE JANEIR BR,,,pluggy-01c8619a-4654-4b41-8215-2ee40fe995fa,pluggy,75f30132-31a8-4b54-9be0-648009b118db,19020000,Public transportation,Liabilities:Credit:BB:Card:EloGrafite,-15.8,BRL
1118,1,2026-03-04,*,,METRO RJ               RIO DE JANEIR BR,,,pluggy-01c8619a-4654-4b41-8215-2ee40fe995fa,pluggy,75f30132-31a8-4b54-9be0-648009b118db,19020000,Public transportation,Expenses:Transporte:TransportePublico,15.8,BRL
1119,0,2026-03-04,*,,PIX - ENVIADO   04/03 14:06 ANA CAROLINA DE ABREU ESC,,,pluggy-563ab29c-9b33-4502-a257-28a85764034f,pluggy,25eb5f6d-2529-4377-8de5-e38160459cff,05070000,Transfer - PIX,Assets:Investment:BB:Cash,-674,BRL
1119,1,2026-03-04,*,,PIX - ENVIADO   04/03 14:06 ANA CAROLINA DE ABREU ESC,,,pluggy-563ab29c-9b33-4502-a257-28a85764034f,pluggy,25eb5f6d-2529-4377-8de5-e38160459cff,05070000,Transfer - PIX,Expenses:Geral:Caol,674,BRL
1120,0,2026-03-05,*,,METRO RJ               RIO DE JANEIR BR,,,pluggy-ca80f501-daf2-4cd4-8fe4-34fee9977a12,pluggy,75f30132-31a8-4b54-9be0-648009b118db,19020000,Public transportation,Liabilities:Credit:BB:Card:EloGrafite,-7.9,BRL
1120,1,2026-03-05,*,,METRO RJ               RIO DE JANEIR BR,,,pluggy-ca80f501-daf2-4cd4-8fe4-34fee9977a12,pluggy,75f30132-31a8-4b54-9be0-648009b118db,19020000,Public transportation,Expenses:Transporte:TransportePublico,7.9,BRL
1121,0,2026-03-05,*,,PIX - ENVIADO   05/03 10:47 RODRIGO DA CUNHA MANGELLI,,,pluggy-90cf3d92-8974-4024-a183-f4d09609b4bf,pluggy,25eb5f6d-2529-4377-8de5-e38160459cff,05070000,Transfer - PIX,Assets:Investment:BB:Cash,-2.95,BRL
1121,1,2026-03-05,*,,PIX - ENVIADO   05/03 10:47 RODRIGO DA CUNHA MANGELLI,,,pluggy-90cf3d92-8974-4024-a183-f4d09609b4bf,pluggy,25eb5f6d-2529-4377-8de5-e38160459cff,05070000,Transfer - PIX,Expenses:Geral,2.95,BRL
1122,0,2026-03-05,*,,UPPER CLUB S*PAC       RIO DE JANEIR BR,,,pluggy-3965497f-45d4-462a-9491-60521b35225d,pluggy,987decad-afee-4c0e-950e-85c3006a4b2e,07030000,Wellness and fitness,Liabilities:Credit:BB:Card:PlatinumVisa,-90,BRL
1122,1,2026-03-05,*,,UPPER CLUB S*PAC       RIO DE JANEIR BR,,,pluggy-3965497f-45d4-462a-9491-60521b35225d,pluggy,987decad-afee-4c0e-950e-85c3006a4b2e,07030000,Wellness and fitness,Expenses:Saude:Academia,90,BRL
1123,0,2026-03-06,*,,JUROS S/ CAPITAL DE CLIENTES ITUB3 S/            220,,,pluggy-77e3de20-65d1-424f-b5bb-a594596c70a5,pluggy,e4d40b2d-f720-4570-8fb6-89c9a12e1e2f,02020000,Interests charged,Assets:Investment:XP:Cash,69.14,BRL
1123,1,2026-03-06,*,,JUROS S/ CAPITAL DE CLIENTES ITUB3 S/            220,,,pluggy-77e3de20-65d1-424f-b5bb-a594596c70a5,pluggy,e4d40b2d-f720-4570-8fb6-89c9a12e1e2f,02020000,Interests charged,Income:Investment:XP:JCP,-69.14,BRL
1124,0,2026-03-06,*,,RENDIMENTOS DE CLIENTES LVBI11 S/            113,,,pluggy-6ce0b651-d9e5-4dcd-b76e-49f439067cb1,pluggy,e4d40b2d-f720-4570-8fb6-89c9a12e1e2f,03060000,Proceeds interests and dividends,Assets:Investment:XP:Cash,84.75,BRL
1124,1,2026-03-06,*,,RENDIMENTOS DE CLIENTES LVBI11 S/            113,,,pluggy-6ce0b651-d9e5-4dcd-b76e-49f439067cb1,pluggy,e4d40b2d-f720-4570-8fb6-89c9a12e1e2f,03060000,Proceeds interests and dividends,Income:Investment:XP:Rendimento,-84.75,BRL
1125,0,2026-03-06,*,,JUROS S/ CAPITAL DE CLIENTES ITUB3 S/            220,,,pluggy-ff96d5cf-d409-4cfd-8d8f-83e38bac9d4b,pluggy,ffd6004e-1066-4c1c-9ece-826c45ffda7d,02020000,Interests charged,Assets:Investment:XP:Cash,69.14,BRL
1125,1,2026-03-06,*,,JUROS S/ CAPITAL DE CLIENTES ITUB3 S/            220,,,pluggy-ff96d5cf-d409-4cfd-8d8f-83e38bac9d4b,pluggy,ffd6004e-1066-4c1c-9ece-826c45ffda7d,02020000,Interests charged,Income:Investment:XP:JCP,-69.14,BRL
1126,0,2026-03-06,*,,RENDIMENTOS DE CLIENTES LVBI11 S/            113,,,pluggy-fda789a0-a706-4f9c-bd79-60f5e44aee1b,pluggy,ffd6004e-1066-4c1c-9ece-826c45ffda7d,03060000,Proceeds interests and dividends,Assets:Investment:XP:Cash,84.75,BRL
1126,1,2026-03-06,*,,RENDIMENTOS DE CLIENTES LVBI11 S/            113,,,pluggy-fda789a0-a706-4f9c-bd79-60f5e44aee1b,pluggy,ffd6004e-1066-4c1c-9ece-826c45ffda7d,03060000,Proceeds interests and dividends,Income:Investment:XP:Rendimento,-84.75,BRL
1127,0,2026-03-06,*,,UBER *TRIP HELP.UBER.COSAO PAULO     BR,,,pluggy-485658ed-b480-41ec-ad25-93bc14832db0,pluggy,987decad-afee-4c0e-950e-85c3006a4b2e,19010000,Taxi and ride-hailing,Liabilities:Credit:BB:Card:PlatinumVisa,-120.92,BRL
1127,1,2026-03-06,*,,UBER *TRIP HELP.UBER.COSAO PAULO     BR,,,pluggy-485658ed-b480-41ec-ad25-93bc14832db0,pluggy,987decad-afee-4c0e-950e-85c3006a4b2e,19010000,Taxi and ride-hailing,Expenses:Transporte:Uber,120.92,BRL
1128,0,2026-03-07,*,,IFD iFood              Osasco        BR,,,pluggy-dc156477-3405-4bbf-91f6-b1d886f2118a,pluggy,75f30132-31a8-4b54-9be0-648009b118db,11020000,Food delivery,Liabilities:Credit:BB:Card:EloGrafite,-7.95,BRL
1128,1,2026-03-07,*,,IFD iFood              Osasco        BR,,,pluggy-dc156477-3405-4bbf-91f6-b1d886f2118a,pluggy,75f30132-31a8-4b54-9be0-648009b118db,11020000,Food delivery,Expenses:Alimentação:Delivery,7.95,BRL
1129,0,2026-03-09,*,,REAJ.MON. BC,,,pluggy-0c9132eb-0261-4632-8761-cf92f0f0fd9f,pluggy,3d0492b4-0d84-49c0-9945-e3e9adc34d51,06010000,Blocked balances,Assets:Investment:BB:Savings,2.45,BRL
1129,1,2026-03-09,*,,REAJ.MON. BC,,,pluggy-0c9132eb-0261-4632-8761-cf92f0f0fd9f,pluggy,3d0492b4-0d84-49c0-9945-e3e9adc34d51,06010000,Blocked balances,Income:Investment:Interest,-2.45,BRL
1130,0,2026-03-09,*,,JUROS,,,pluggy-07dbb6d5-f6f5-4510-9cf1-c92cc31683fe,pluggy,3d0492b4-0d84-49c0-9945-e3e9adc34d51,02020000,Interests charged,Assets:Investment:BB:Savings,10.01,BRL
1130,1,2026-03-09,*,,JUROS,,,pluggy-07dbb6d5-f6f5-4510-9cf1-c92cc31683fe,pluggy,3d0492b4-0d84-49c0-9945-e3e9adc34d51,02020000,Interests charged,Income:Investment:Interest,-10.01,BRL
1131,0,2026-03-09,*,,POSTO DE GASOLINA MAR  ANGRA DOS REI BR,,,pluggy-bdae8c5f-d3c7-4729-a1b5-c24e60c9ceb4,pluggy,75f30132-31a8-4b54-9be0-648009b118db,19050001,Gas stations,Liabilities:Credit:BB:Card:EloGrafite,-100,BRL
1131,1,2026-03-09,*,,POSTO DE GASOLINA MAR  ANGRA DOS REI BR,,,pluggy-bdae8c5f-d3c7-4729-a1b5-c24e60c9ceb4,pluggy,75f30132-31a8-4b54-9be0-648009b118db,19050001,Gas stations,Expenses:Transporte:Combustivel,100,BRL
1132,0,2026-03-09,*,,RECEB FORNEC    33.000.167/0001-01 PETROLEO BRASILEIRO,,,pluggy-92114266-de77-4c12-b0c6-8fce9e2351bd,pluggy,25eb5f6d-2529-4377-8de5-e38160459cff,01000000,Income,Assets:Investment:BB:Cash,160,BRL
1132,1,2026-03-09,*,,RECEB FORNEC    33.000.167/0001-01 PETROLEO BRASILEIRO,,,pluggy-92114266-de77-4c12-b0c6-8fce9e2351bd,pluggy,25eb5f6d-2529-4377-8de5-e38160459cff,01000000,Income,Income:Reembolso,-160,BRL
1133,0,2026-03-09,*,,DL          *UberRides Sao Paulo     BR,,,pluggy-48d37f37-d856-4fe8-8059-4e24f9a487f1,pluggy,987decad-afee-4c0e-950e-85c3006a4b2e,19010000,Taxi and ride-hailing,Liabilities:Credit:BB:Card:PlatinumVisa,-111.66,BRL
1133,1,2026-03-09,*,,DL          *UberRides Sao Paulo     BR,,,pluggy-48d37f37-d856-4fe8-8059-4e24f9a487f1,pluggy,987decad-afee-4c0e-950e-85c3006a4b2e,19010000,Taxi and ride-hailing,Expenses:Transporte:Uber,111.66,BRL
1134,0,2026-03-09,*,,Wellhub Gabriel Barros Sao Paulo     BR,,,pluggy-0c4cd81b-d5e8-4fe2-bab2-97bd924b52f6,pluggy,987decad-afee-4c0e-950e-85c3006a4b2e,09000000,Digital services,Liabilities:Credit:BB:Card:PlatinumVisa,-109.9,BRL
1134,1,2026-03-09,*,,Wellhub Gabriel Barros Sao Paulo     BR,,,pluggy-0c4cd81b-d5e8-4fe2-bab2-97bd924b52f6,pluggy,987decad-afee-4c0e-950e-85c3006a4b2e,09000000,Digital services,Expenses:Saude:Academia,109.9,BRL
1135,0,2026-03-10,*,,FRAÇÕES DE AÇÕES ITUB3,,,pluggy-647bf2b3-dd35-4894-9c6a-4ea6101eaf4b,pluggy,e4d40b2d-f720-4570-8fb6-89c9a12e1e2f,03000000,Investments,Assets:Investment:XP:Cash,26.92,BRL
1135,1,2026-03-10,*,,FRAÇÕES DE AÇÕES ITUB3,,,pluggy-647bf2b3-dd35-4894-9c6a-4ea6101eaf4b,pluggy,e4d40b2d-f720-4570-8fb6-89c9a12e1e2f,03000000,Investments,Assets:TODO,-26.92,BRL
1136,0,2026-03-10,*,,FRAÇÕES DE AÇÕES ITUB3,,,pluggy-ce653ce5-a902-4a88-8339-ed4e8c678254,pluggy,ffd6004e-1066-4c1c-9ece-826c45ffda7d,03000000,Investments,Assets:Investment:XP:Cash,26.92,BRL
1136,1,2026-03-10,*,,FRAÇÕES DE AÇÕES ITUB3,,,pluggy-ce653ce5-a902-4a88-8339-ed4e8c678254,pluggy,ffd6004e-1066-4c1c-9ece-826c45ffda7d,03000000,Investments,Assets:TODO,-26.92,BRL
1137,0,2026-03-10,*,,PLANEJADA,,,pluggy-3a68bdec-8f26-4da4-9673-705181efb59a,pluggy,3d0492b4-0d84-49c0-9945-e3e9adc34d51,03000000,Investments,Assets:Investment:BB:Savings,2000,BRL
1137,1,2026-03-10,*,,PLANEJADA,,,pluggy-3a68bdec-8f26-4da4-9673-705181efb59a,pluggy,3d0492b4-0d84-49c0-9945-e3e9adc34d51,03000000,Investments,Assets:Investment:BB:Cash,-2000,BRL
1138,0,2026-03-10,*,,PGTO DEBITO CONTA 3836 000000008  200211,,,pluggy-b392a563-e23e-4ee1-b761-d59b81ce11a6,pluggy,75f30132-31a8-4b54-9be0-648009b118db,05060000,Transfer - Internal,Liabilities:Credit:BB:Card:EloGrafite,830.61,BRL
1138,1,2026-03-10,*,,PGTO DEBITO CONTA 3836 000000008  200211,,,pluggy-b392a563-e23e-4ee1-b761-d59b81ce11a6,pluggy,75f30132-31a8-4b54-9be0-648009b118db,05060000,Transfer - Internal,Assets:Investment:BB:Cash,-830.61,BRL
1139,0,2026-03-10,*,,METRO RJ               RIO DE JANEIR BR,,,pluggy-0ca15177-a235-457c-b441-20a928921629,pluggy,75f30132-31a8-4b54-9be0-648009b118db,19020000,Public transportation,Liabilities:Credit:BB:Card:EloGrafite,-7.9,BRL
1139,1,2026-03-10,*,,METRO RJ               RIO DE JANEIR BR,,,pluggy-0ca15177-a235-457c-b441-20a928921629,pluggy,75f30132-31a8-4b54-9be0-648009b118db,19020000,Public transportation,Expenses:Transporte:TransportePublico,7.9,BRL
1140,0,2026-03-10,*,,TRANSF ENVIADA  15/11 GABRIEL BARROS RODRIGUES,,,pluggy-be099a72-e895-4f32-81d4-10df5547121f,pluggy,25eb5f6d-2529-4377-8de5-e38160459cff,04000000,Same person transfer,Assets:Investment:BB:Cash,-2000,BRL
1140,1,2026-03-10,*,,TRANSF ENVIADA  15/11 GABRIEL BARROS RODRIGUES,,,pluggy-be099a72-e895-4f32-81d4-10df5547121f,pluggy,25eb5f6d-2529-4377-8de5-e38160459cff,04000000,Same person transfer,Assets:Investment:BB:Savings,2000,BRL
1141,0,2026-03-10,*,,PROVENTOS       33.000.167/0001-01 PETROLEO BRASILEIRO,,,pluggy-fffaf913-f6e6-4e5f-9fa4-8738e51d330d,pluggy,25eb5f6d-2529-4377-8de5-e38160459cff,03060000,Proceeds interests and dividends,Assets:Investment:BB:Cash,4589.53,BRL
1141,1,2026-03-10,*,,PROVENTOS       33.000.167/0001-01 PETROLEO BRASILEIRO,,,pluggy-fffaf913-f6e6-4e5f-9fa4-8738e51d330d,pluggy,25eb5f6d-2529-4377-8de5-e38160459cff,03060000,Proceeds interests and dividends,Income:Salario,-4589.53,BRL
1142,0,2026-03-10,*,,PGTO DEBITO CONTA 3836 000009800  200211,,,pluggy-bdbba709-e812-4667-bf33-6a2420d70d44,pluggy,987decad-afee-4c0e-950e-85c3006a4b2e,05060000,Transfer - Internal,Liabilities:Credit:BB:Card:PlatinumVisa,4245.4,BRL
1142,1,2026-03-10,*,,PGTO DEBITO CONTA 3836 000009800  200211,,,pluggy-bdbba709-e812-4667-bf33-6a2420d70d44,pluggy,987decad-afee-4c0e-950e-85c3006a4b2e,05060000,Transfer - Internal,Assets:Investment:BB:Cash,-4245.4,BRL
1143,0,2026-03-11,*,,METRO RJ               RIO DE JANEIR BR,,,pluggy-b5d007e2-341d-43e1-a1e3-9958e6a25041,pluggy,75f30132-31a8-4b54-9be0-648009b118db,19020000,Public transportation,Liabilities:Credit:BB:Card:EloGrafite,-15.8,BRL
1143,1,2026-03-11,*,,METRO RJ               RIO DE JANEIR BR,,,pluggy-b5d007e2-341d-43e1-a1e3-9958e6a25041,pluggy,75f30132-31a8-4b54-9be0-648009b118db,19020000,Public transportation,Expenses:Transporte:TransportePublico,15.8,BRL
1144,0,2026-03-11,*,,PGTO CARTAO     ELO GRAFITE ESTILO,,,pluggy-98da19b7-6c2d-4619-a0d2-30536a876369,pluggy,25eb5f6d-2529-4377-8de5-e38160459cff,05100000,Credit card payment,Assets:Investment:BB:Cash,-830.61,BRL
1144,1,2026-03-11,*,,PGTO CARTAO     ELO GRAFITE ESTILO,,,pluggy-98da19b7-6c2d-4619-a0d2-30536a876369,pluggy,25eb5f6d-2529-4377-8de5-e38160459cff,05100000,Credit card payment,Liabilities:Credit:BB:Card:EloGrafite,830.61,BRL
1145,0,2026-03-11,*,,PGTO CARTAO     PLATINUM ESTILO VISA,,,pluggy-7694a912-a1c9-4d60-8eac-b9b2013e0a1a,pluggy,25eb5f6d-2529-4377-8de5-e38160459cff,05100000,Credit card payment,Assets:Investment:BB:Cash,-4245.4,BRL
1145,1,2026-03-11,*,,PGTO CARTAO     PLATINUM ESTILO VISA,,,pluggy-7694a912-a1c9-4d60-8eac-b9b2013e0a1a,pluggy,25eb5f6d-2529-4377-8de5-e38160459cff,05100000,Credit card payment,Liabilities:Credit:BB:Card:PlatinumVisa,4245.4,BRL
1146,0,2026-03-12,*,,POP 12Mar 13h55min     SAO PAULO     BR,,,pluggy-ddcc1cd1-2d4b-443a-8ba9-94c88f0f1fa7,pluggy,75f30132-31a8-4b54-9be0-648009b118db,19010000,Taxi and ride-hailing,Liabilities:Credit:BB:Card:EloGrafite,-77.6,BRL
1146,1,2026-03-12,*,,POP 12Mar 13h55min     SAO PAULO     BR,,,pluggy-ddcc1cd1-2d4b-443a-8ba9-94c88f0f1fa7,pluggy,75f30132-31a8-4b54-9be0-648009b118db,19010000,Taxi and ride-hailing,Expenses:Transporte:Uber,77.6,BRL
1147,0,2026-03-12,*,,DROGARIAS PACHECO SA   RIO DE JANEIR BR,,,pluggy-16393f83-1bf7-4657-bb5d-51928ea39f06,pluggy,75f30132-31a8-4b54-9be0-648009b118db,18020000,Pharmacy,Liabilities:Credit:BB:Card:EloGrafite,-230.51,BRL
1147,1,2026-03-12,*,,DROGARIAS PACHECO SA   RIO DE JANEIR BR,,,pluggy-16393f83-1bf7-4657-bb5d-51928ea39f06,pluggy,75f30132-31a8-4b54-9be0-648009b118db,18020000,Pharmacy,Expenses:Saude:Farmacia,230.51,BRL
1148,0,2026-03-12,*,,COMPRA C/CARTAO 12/03 12:09 VITORIOESPOSITO,,,pluggy-72c2586d-6c59-4afb-ac67-04e47b3d4209,pluggy,25eb5f6d-2529-4377-8de5-e38160459cff,08000000,Shopping,Assets:Investment:BB:Cash,-45,BRL
1148,1,2026-03-12,*,,COMPRA C/CARTAO 12/03 12:09 VITORIOESPOSITO,,,pluggy-72c2586d-6c59-4afb-ac67-04e47b3d4209,pluggy,25eb5f6d-2529-4377-8de5-e38160459cff,08000000,Shopping,Expenses:Pessoal:Cabeleireiro,45,BRL
1149,0,2026-03-12,*,,SUPERM PRINCESA LJ 165 RIO DE JANEIR BR,,,pluggy-3db2eb89-9458-44ae-a5cc-78dde41594c7,pluggy,987decad-afee-4c0e-950e-85c3006a4b2e,10000000,Groceries,Liabilities:Credit:BB:Card:PlatinumVisa,-53.8,BRL
1149,1,2026-03-12,*,,SUPERM PRINCESA LJ 165 RIO DE JANEIR BR,,,pluggy-3db2eb89-9458-44ae-a5cc-78dde41594c7,pluggy,987decad-afee-4c0e-950e-85c3006a4b2e,10000000,Groceries,Expenses:Alimentação:Mercado,53.8,BRL
1150,0,2026-03-12,*,,Google One             SAO PAULO     BR,,,pluggy-be1b1bf5-484b-4ca5-b0fd-95b9547fa3b3,pluggy,987decad-afee-4c0e-950e-85c3006a4b2e,09000000,Digital services,Liabilities:Credit:BB:Card:PlatinumVisa,-4.5,BRL
1150,1,2026-03-12,*,,Google One             SAO PAULO     BR,,,pluggy-be1b1bf5-484b-4ca5-b0fd-95b9547fa3b3,pluggy,987decad-afee-4c0e-950e-85c3006a4b2e,09000000,Digital services,Expenses:Mensalidades:Outras,4.5,BRL
1151,0,2026-03-12,*,,DROGARIA VENANCIO      RIO DE JANEIR BR,,,pluggy-84a949f7-ce8c-4bed-ad13-5ee2e58bef78,pluggy,987decad-afee-4c0e-950e-85c3006a4b2e,18020000,Pharmacy,Liabilities:Credit:BB:Card:PlatinumVisa,-300.51,BRL
1151,1,2026-03-12,*,,DROGARIA VENANCIO      RIO DE JANEIR BR,,,pluggy-84a949f7-ce8c-4bed-ad13-5ee2e58bef78,pluggy,987decad-afee-4c0e-950e-85c3006a4b2e,18020000,Pharmacy,Expenses:Saude:Farmacia,300.51,BRL
1152,0,2026-03-13,*,,RENDIMENTOS DE CLIENTES HGLG11 S/             99,,,pluggy-8e8885e2-1f78-4ee5-b40d-dc495ad1519f,pluggy,e4d40b2d-f720-4570-8fb6-89c9a12e1e2f,19010000,Taxi and ride-hailing,Assets:Investment:XP:Cash,108.9,BRL
1152,1,2026-03-13,*,,RENDIMENTOS DE CLIENTES HGLG11 S/             99,,,pluggy-8e8885e2-1f78-4ee5-b40d-dc495ad1519f,pluggy,e4d40b2d-f720-4570-8fb6-89c9a12e1e2f,19010000,Taxi and ride-hailing,Income:Investment:XP:Rendimento,-108.9,BRL
1153,0,2026-03-13,*,,RENDIMENTOS DE CLIENTES PMLL11 S/            153,,,pluggy-484c6f6f-9dfa-4fea-bcc5-b0d7a04325a7,pluggy,e4d40b2d-f720-4570-8fb6-89c9a12e1e2f,03060000,Proceeds interests and dividends,Assets:Investment:XP:Cash,153,BRL
1153,1,2026-03-13,*,,RENDIMENTOS DE CLIENTES PMLL11 S/            153,,,pluggy-484c6f6f-9dfa-4fea-bcc5-b0d7a04325a7,pluggy,e4d40b2d-f720-4570-8fb6-89c9a12e1e2f,03060000,Proceeds interests and dividends,Income:Investment:XP:Rendimento,-153,BRL
1154,0,2026-03-13,*,,RENDIMENTOS DE CLIENTES HGLG11 S/             99,,,pluggy-d468a6bd-d255-4272-9367-604681d2b4fd,pluggy,ffd6004e-1066-4c1c-9ece-826c45ffda7d,19010000,Taxi and ride-hailing,Assets:Investment:XP:Cash,108.9,BRL
1154,1,2026-03-13,*,,RENDIMENTOS DE CLIENTES HGLG11 S/             99,,,pluggy-d468a6bd-d255-4272-9367-604681d2b4fd,pluggy,ffd6004e-1066-4c1c-9ece-826c45ffda7d,19010000,Taxi and ride-hailing,Income:Investment:XP:Rendimento,-108.9,BRL
1155,0,2026-03-13,*,,RENDIMENTOS DE CLIENTES HGRU11 S/            129,,,pluggy-17c9656a-4d7d-468d-b192-2997303fdf48,pluggy,e4d40b2d-f720-4570-8fb6-89c9a12e1e2f,03060000,Proceeds interests and dividends,Assets:Investment:XP:Cash,122.55,BRL
1155,1,2026-03-13,*,,RENDIMENTOS DE CLIENTES HGRU11 S/            129,,,pluggy-17c9656a-4d7d-468d-b192-2997303fdf48,pluggy,e4d40b2d-f720-4570-8fb6-89c9a12e1e2f,03060000,Proceeds interests and dividends,Income:Investment:XP:Rendimento,-122.55,BRL
1156,0,2026-03-13,*,,RENDIMENTOS DE CLIENTES PMLL11 S/            153,,,pluggy-bd326e02-2cb1-4ede-a2d6-05ae6d6b1d7d,pluggy,ffd6004e-1066-4c1c-9ece-826c45ffda7d,03060000,Proceeds interests and dividends,Assets:Investment:XP:Cash,153,BRL
1156,1,2026-03-13,*,,RENDIMENTOS DE CLIENTES PMLL11 S/            153,,,pluggy-bd326e02-2cb1-4ede-a2d6-05ae6d6b1d7d,pluggy,ffd6004e-1066-4c1c-9ece-826c45ffda7d,03060000,Proceeds interests and dividends,Income:Investment:XP:Rendimento,-153,BRL
1157,0,2026-03-13,*,,RENDIMENTOS DE CLIENTES HGRU11 S/            129,,,pluggy-3773c131-adf4-40a6-8464-26e909423cd6,pluggy,ffd6004e-1066-4c1c-9ece-826c45ffda7d,03060000,Proceeds interests and dividends,Assets:Investment:XP:Cash,122.55,BRL
1157,1,2026-03-13,*,,RENDIMENTOS DE CLIENTES HGRU11 S/            129,,,pluggy-3773c131-adf4-40a6-8464-26e909423cd6,pluggy,ffd6004e-1066-4c1c-9ece-826c45ffda7d,03060000,Proceeds interests and dividends,Income:Investment:XP:Rendimento,-122.55,BRL
1158,0,2026-03-14,*,,PET LOVE*Order 10      SAO PAULO     BR,,,pluggy-ed238f74-dadd-44cd-b142-078e73bf8653,pluggy,987decad-afee-4c0e-950e-85c3006a4b2e,08030000,Pet supplies and vet,Liabilities:Credit:BB:Card:PlatinumVisa,-69.99,BRL
1158,1,2026-03-14,*,,PET LOVE*Order 10      SAO PAULO     BR,,,pluggy-ed238f74-dadd-44cd-b142-078e73bf8653,pluggy,987decad-afee-4c0e-950e-85c3006a4b2e,08030000,Pet supplies and vet,Expenses:Pet:Petshop,69.99,BRL
1159,0,2026-03-15,*,,PIX - ENVIADO   15/03 10:29 GUILHERME DOS SANTOS FERR,,,pluggy-cea827e0-9206-4806-9b3a-3a6ead104a54,pluggy,25eb5f6d-2529-4377-8de5-e38160459cff,05070000,Transfer - PIX,Assets:Investment:BB:Cash,-100,BRL
1159,1,2026-03-15,*,,PIX - ENVIADO   15/03 10:29 GUILHERME DOS SANTOS FERR,,,pluggy-cea827e0-9206-4806-9b3a-3a6ead104a54,pluggy,25eb5f6d-2529-4377-8de5-e38160459cff,05070000,Transfer - PIX,Expenses:Geral,100,BRL
1160,0,2026-03-15,*,,UBER * PENDING         SAO PAULO     BR,,,pluggy-480f86db-4305-4f57-9b1e-24175bc6974e,pluggy,987decad-afee-4c0e-950e-85c3006a4b2e,19010000,Taxi and ride-hailing,Liabilities:Credit:BB:Card:PlatinumVisa,-5.25,BRL
1160,1,2026-03-15,*,,UBER * PENDING         SAO PAULO     BR,,,pluggy-480f86db-4305-4f57-9b1e-24175bc6974e,pluggy,987decad-afee-4c0e-950e-85c3006a4b2e,19010000,Taxi and ride-hailing,Expenses:Transporte:Uber,5.25,BRL
1161,0,2026-03-16,*,,RENDIMENTOS DE CLIENTES PCIP11 S/            147,,,pluggy-b36e3cb8-64ea-45d5-875b-9e4df737e6c0,pluggy,e4d40b2d-f720-4570-8fb6-89c9a12e1e2f,03060000,Proceeds interests and dividends,Assets:Investment:XP:Cash,117.6,BRL
1161,1,2026-03-16,*,,RENDIMENTOS DE CLIENTES PCIP11 S/            147,,,pluggy-b36e3cb8-64ea-45d5-875b-9e4df737e6c0,pluggy,e4d40b2d-f720-4570-8fb6-89c9a12e1e2f,03060000,Proceeds interests and dividends,Income:Investment:XP:Rendimento,-117.6,BRL
1162,0,2026-03-16,*,,DUTY FREE LAST BRAND A RIO DE JANEIR BR,,,pluggy-1789273e-c350-4494-9557-5d2ddf3d7db3,pluggy,75f30132-31a8-4b54-9be0-648009b118db,08000000,Shopping,Liabilities:Credit:BB:Card:EloGrafite,-65.4,BRL
1162,1,2026-03-16,*,,DUTY FREE LAST BRAND A RIO DE JANEIR BR,,,pluggy-1789273e-c350-4494-9557-5d2ddf3d7db3,pluggy,75f30132-31a8-4b54-9be0-648009b118db,08000000,Shopping,Expenses:Viagens:Compras,65.4,BRL
1163,0,2026-03-16,*,,SUPERMERCADO ULTRA 11  RIO DE JANEIR BR,,,pluggy-73499ec7-28d3-4a3e-a71f-dfa4c94c5c2f,pluggy,75f30132-31a8-4b54-9be0-648009b118db,10000000,Groceries,Liabilities:Credit:BB:Card:EloGrafite,-163.59,BRL
1163,1,2026-03-16,*,,SUPERMERCADO ULTRA 11  RIO DE JANEIR BR,,,pluggy-73499ec7-28d3-4a3e-a71f-dfa4c94c5c2f,pluggy,75f30132-31a8-4b54-9be0-648009b118db,10000000,Groceries,Expenses:Alimentação:Mercado,163.59,BRL
1164,0,2026-03-16,*,,PIX - ENVIADO   16/03 14:52 ANA CAROLINA DE ABREU ESC,,,pluggy-d2d8a164-b0d5-4cc7-9913-0f6fee480448,pluggy,25eb5f6d-2529-4377-8de5-e38160459cff,05070000,Transfer - PIX,Assets:Investment:BB:Cash,-980,BRL
1164,1,2026-03-16,*,,PIX - ENVIADO   16/03 14:52 ANA CAROLINA DE ABREU ESC,,,pluggy-d2d8a164-b0d5-4cc7-9913-0f6fee480448,pluggy,25eb5f6d-2529-4377-8de5-e38160459cff,05070000,Transfer - PIX,Expenses:Geral:Caol,980,BRL
1165,0,2026-03-16,*,,biostevi    *BIOSTEVI  SANTO ANDRE   BR,,,pluggy-49118d34-d552-46dd-8c60-a67fbab2522c,pluggy,987decad-afee-4c0e-950e-85c3006a4b2e,07000000,Services,Liabilities:Credit:BB:Card:PlatinumVisa,-87.72,BRL
1165,1,2026-03-16,*,,biostevi    *BIOSTEVI  SANTO ANDRE   BR,,,pluggy-49118d34-d552-46dd-8c60-a67fbab2522c,pluggy,987decad-afee-4c0e-950e-85c3006a4b2e,07000000,Services,Expenses:Geral,87.72,BRL
1166,0,2026-03-16,*,,TUDO D VET             RIO DE JANEIR BR,,,pluggy-f46bce3c-5e6b-42e1-8f17-9d983b942975,pluggy,987decad-afee-4c0e-950e-85c3006a4b2e,18020000,Pharmacy,Liabilities:Credit:BB:Card:PlatinumVisa,-287,BRL
1166,1,2026-03-16,*,,TUDO D VET             RIO DE JANEIR BR,,,pluggy-f46bce3c-5e6b-42e1-8f17-9d983b942975,pluggy,987decad-afee-4c0e-950e-85c3006a4b2e,18020000,Pharmacy,Expenses:Pet:Veterinario,287,BRL
1167,0,2026-03-17,*,,PIX - ENVIADO   17/03 12:36 TIM S A,,,pluggy-86ad3233-152f-4da0-a205-badb0f4d7a48,pluggy,25eb5f6d-2529-4377-8de5-e38160459cff,07010000,Telecommunications,Assets:Investment:BB:Cash,-123.74,BRL
1167,1,2026-03-17,*,,PIX - ENVIADO   17/03 12:36 TIM S A,,,pluggy-86ad3233-152f-4da0-a205-badb0f4d7a48,pluggy,25eb5f6d-2529-4377-8de5-e38160459cff,07010000,Telecommunications,Expenses:Comunicacao:Telefone,123.74,BRL
1168,0,2026-03-17,*,,Google One             SAO PAULO     BR,,,pluggy-0e0f0fcc-2e1b-40eb-9477-be5c0955426c,pluggy,987decad-afee-4c0e-950e-85c3006a4b2e,09000000,Digital services,Liabilities:Credit:BB:Card:PlatinumVisa,-9.99,BRL
1168,1,2026-03-17,*,,Google One             SAO PAULO     BR,,,pluggy-0e0f0fcc-2e1b-40eb-9477-be5c0955426c,pluggy,987decad-afee-4c0e-950e-85c3006a4b2e,09000000,Digital services,Expenses:Mensalidades:Outras,9.99,BRL
1169,0,2026-03-18,*,,RENNER                 CABREUVA      BR,,,pluggy-37c9f371-0b86-48b9-bb81-21cb2552e45c,pluggy,987decad-afee-4c0e-950e-85c3006a4b2e,08040000,Clothing,Liabilities:Credit:BB:Card:PlatinumVisa,-106.04,BRL
1169,1,2026-03-18,*,,RENNER                 CABREUVA      BR,,,pluggy-37c9f371-0b86-48b9-bb81-21cb2552e45c,pluggy,987decad-afee-4c0e-950e-85c3006a4b2e,08040000,Clothing,Expenses:Pessoal:Vestuario,106.04,BRL
1170,0,2026-03-18,*,,SUPERMERCADO ULTRA 11  RIO DE JANEIR BR,,,pluggy-c79b669f-00d9-4bef-b78c-56ad797cb698,pluggy,987decad-afee-4c0e-950e-85c3006a4b2e,10000000,Groceries,Liabilities:Credit:BB:Card:PlatinumVisa,-90.75,BRL
1170,1,2026-03-18,*,,SUPERMERCADO ULTRA 11  RIO DE JANEIR BR,,,pluggy-c79b669f-00d9-4bef-b78c-56ad797cb698,pluggy,987decad-afee-4c0e-950e-85c3006a4b2e,10000000,Groceries,Expenses:Alimentação:Mercado,90.75,BRL
1171,0,2026-03-18,*,,DROGARIA VENANCIO      RIO DE JANEIR BR,,,pluggy-850729c3-8de8-4e31-88cc-6d6ab868dbec,pluggy,987decad-afee-4c0e-950e-85c3006a4b2e,18020000,Pharmacy,Liabilities:Credit:BB:Card:PlatinumVisa,-176.42,BRL
1171,1,2026-03-18,*,,DROGARIA VENANCIO      RIO DE JANEIR BR,,,pluggy-850729c3-8de8-4e31-88cc-6d6ab868dbec,pluggy,987decad-afee-4c0e-950e-85c3006a4b2e,18020000,Pharmacy,Expenses:Saude:Farmacia,176.42,BRL
1172,0,2026-03-19,*,,CAKECO                 RIO DE JANEIR BR,,,pluggy-36565dbe-b4d7-4378-a6cb-a17581094157,pluggy,987decad-afee-4c0e-950e-85c3006a4b2e,11010000,Eating out,Liabilities:Credit:BB:Card:PlatinumVisa,-125,BRL
1172,1,2026-03-19,*,,CAKECO                 RIO DE JANEIR BR,,,pluggy-36565dbe-b4d7-4378-a6cb-a17581094157,pluggy,987decad-afee-4c0e-950e-85c3006a4b2e,11010000,Eating out,Expenses:Alimentação:Delivery,125,BRL
1173,0,2026-03-19,*,,SONHO DOS PES          RIO DE JANEIR BR,,,pluggy-9195f89f-12a4-4b9e-ac31-a489897bc404,pluggy,987decad-afee-4c0e-950e-85c3006a4b2e,08040000,Clothing,Liabilities:Credit:BB:Card:PlatinumVisa,-150.25,BRL
1173,1,2026-03-19,*,,SONHO DOS PES          RIO DE JANEIR BR,,,pluggy-9195f89f-12a4-4b9e-ac31-a489897bc404,pluggy,987decad-afee-4c0e-950e-85c3006a4b2e,08040000,Clothing,Expenses:Pessoal:Vestuario,150.25,BRL
1174,0,2026-03-20,*,,DIVIDENDOS DE CLIENTES PETR4 S/            500,,,pluggy-fc2ef6f1-af00-46d6-854a-8a173c6749ac,pluggy,e4d40b2d-f720-4570-8fb6-89c9a12e1e2f,03060000,Proceeds interests and dividends,Assets:Investment:XP:Cash,148.21,BRL
1174,1,2026-03-20,*,,DIVIDENDOS DE CLIENTES PETR4 S/            500,,,pluggy-fc2ef6f1-af00-46d6-854a-8a173c6749ac,pluggy,e4d40b2d-f720-4570-8fb6-89c9a12e1e2f,03060000,Proceeds interests and dividends,Income:Investment:XP:Dividend,-148.21,BRL
1175,0,2026-03-20,*,,RENDIMENTOS DE CLIENTES PETR4 S/            500,,,pluggy-f805567d-8889-4fb2-adf8-f582475d6972,pluggy,e4d40b2d-f720-4570-8fb6-89c9a12e1e2f,03060000,Proceeds interests and dividends,Assets:Investment:XP:Cash,2.05,BRL
1175,1,2026-03-20,*,,RENDIMENTOS DE CLIENTES PETR4 S/            500,,,pluggy-f805567d-8889-4fb2-adf8-f582475d6972,pluggy,e4d40b2d-f720-4570-8fb6-89c9a12e1e2f,03060000,Proceeds interests and dividends,Income:Investment:XP:Rendimento,-2.05,BRL
1176,0,2026-03-20,*,,DIVIDENDOS DE CLIENTES PETR4 S/            500,,,pluggy-cccd85c8-f25c-4da8-946f-7f485ed6a013,pluggy,ffd6004e-1066-4c1c-9ece-826c45ffda7d,03060000,Proceeds interests and dividends,Assets:Investment:XP:Cash,148.21,BRL
1176,1,2026-03-20,*,,DIVIDENDOS DE CLIENTES PETR4 S/            500,,,pluggy-cccd85c8-f25c-4da8-946f-7f485ed6a013,pluggy,ffd6004e-1066-4c1c-9ece-826c45ffda7d,03060000,Proceeds interests and dividends,Income:Investment:XP:Dividend,-148.21,BRL
1177,0,2026-03-20,*,,JUROS S/ CAPITAL DE CLIENTES PETR4 S/            500,,,pluggy-ae6b38e8-e0ab-4c5b-9b66-bc29e1feb30f,pluggy,e4d40b2d-f720-4570-8fb6-89c9a12e1e2f,02020000,Interests charged,Assets:Investment:XP:Cash,74.46,BRL
1177,1,2026-03-20,*,,JUROS S/ CAPITAL DE CLIENTES PETR4 S/            500,,,pluggy-ae6b38e8-e0ab-4c5b-9b66-bc29e1feb30f,pluggy,e4d40b2d-f720-4570-8fb6-89c9a12e1e2f,02020000,Interests charged,Income:Investment:XP:JCP,-74.46,BRL
1178,0,2026-03-20,*,,RENDIMENTOS DE CLIENTES PETR4 S/            500,,,pluggy-98839357-19dd-4eda-800e-07647f6ee833,pluggy,ffd6004e-1066-4c1c-9ece-826c45ffda7d,03060000,Proceeds interests and dividends,Assets:Investment:XP:Cash,3.47,BRL
1178,1,2026-03-20,*,,RENDIMENTOS DE CLIENTES PETR4 S/            500,,,pluggy-98839357-19dd-4eda-800e-07647f6ee833,pluggy,ffd6004e-1066-4c1c-9ece-826c45ffda7d,03060000,Proceeds interests and dividends,Income:Investment:XP:Rendimento,-3.47,BRL
1179,0,2026-03-20,*,,RENDIMENTOS DE CLIENTES PETR4 S/            500,,,pluggy-9f72e7a0-0eff-4c0c-b590-e0a9620b0659,pluggy,e4d40b2d-f720-4570-8fb6-89c9a12e1e2f,03060000,Proceeds interests and dividends,Assets:Investment:XP:Cash,3.47,BRL
1179,1,2026-03-20,*,,RENDIMENTOS DE CLIENTES PETR4 S/            500,,,pluggy-9f72e7a0-0eff-4c0c-b590-e0a9620b0659,pluggy,e4d40b2d-f720-4570-8fb6-89c9a12e1e2f,03060000,Proceeds interests and dividends,Income:Investment:XP:Rendimento,-3.47,BRL
1180,0,2026-03-20,*,,JUROS S/ CAPITAL DE CLIENTES PETR4 S/            500,,,pluggy-79401f31-b7ec-4463-b5bb-464ac683ac9d,pluggy,ffd6004e-1066-4c1c-9ece-826c45ffda7d,02020000,Interests charged,Assets:Investment:XP:Cash,74.46,BRL
1180,1,2026-03-20,*,,JUROS S/ CAPITAL DE CLIENTES PETR4 S/            500,,,pluggy-79401f31-b7ec-4463-b5bb-464ac683ac9d,pluggy,ffd6004e-1066-4c1c-9ece-826c45ffda7d,02020000,Interests charged,Income:Investment:XP:JCP,-74.46,BRL
1181,0,2026-03-20,*,,RENDIMENTOS DE CLIENTES AFHI11 S/            132,,,pluggy-09556f43-9046-457d-9010-2ef48ceda55f,pluggy,e4d40b2d-f720-4570-8fb6-89c9a12e1e2f,03060000,Proceeds interests and dividends,Assets:Investment:XP:Cash,128.04,BRL
1181,1,2026-03-20,*,,RENDIMENTOS DE CLIENTES AFHI11 S/            132,,,pluggy-09556f43-9046-457d-9010-2ef48ceda55f,pluggy,e4d40b2d-f720-4570-8fb6-89c9a12e1e2f,03060000,Proceeds interests and dividends,Income:Investment:XP:Rendimento,-128.04,BRL
1182,0,2026-03-20,*,,RENDIMENTOS DE CLIENTES AFHI11 S/            132,,,pluggy-3f45e241-dfdf-4b4c-af0b-4fed3e1cb9d5,pluggy,ffd6004e-1066-4c1c-9ece-826c45ffda7d,03060000,Proceeds interests and dividends,Assets:Investment:XP:Cash,128.04,BRL
1182,1,2026-03-20,*,,RENDIMENTOS DE CLIENTES AFHI11 S/            132,,,pluggy-3f45e241-dfdf-4b4c-af0b-4fed3e1cb9d5,pluggy,ffd6004e-1066-4c1c-9ece-826c45ffda7d,03060000,Proceeds interests and dividends,Income:Investment:XP:Rendimento,-128.04,BRL
1183,0,2026-03-20,*,,RENDIMENTOS DE CLIENTES PETR4 S/            500,,,pluggy-03e42d01-64d8-48e7-a0a0-256e0dfdc728,pluggy,ffd6004e-1066-4c1c-9ece-826c45ffda7d,03060000,Proceeds interests and dividends,Assets:Investment:XP:Cash,2.05,BRL
1183,1,2026-03-20,*,,RENDIMENTOS DE CLIENTES PETR4 S/            500,,,pluggy-03e42d01-64d8-48e7-a0a0-256e0dfdc728,pluggy,ffd6004e-1066-4c1c-9ece-826c45ffda7d,03060000,Proceeds interests and dividends,Income:Investment:XP:Rendimento,-2.05,BRL
1184,0,2026-03-20,*,,SUPERM PRINCESA LJ 165 RIO DE JANEIR BR,,,pluggy-d9385a2f-c545-4c1b-ae56-043b0e33d461,pluggy,987decad-afee-4c0e-950e-85c3006a4b2e,10000000,Groceries,Liabilities:Credit:BB:Card:PlatinumVisa,-19.86,BRL
1184,1,2026-03-20,*,,SUPERM PRINCESA LJ 165 RIO DE JANEIR BR,,,pluggy-d9385a2f-c545-4c1b-ae56-043b0e33d461,pluggy,987decad-afee-4c0e-950e-85c3006a4b2e,10000000,Groceries,Expenses:Alimentação:Mercado,19.86,BRL
1185,0,2026-03-21,*,,EMPADA DO CAMPO        NITEROI       BR,,,pluggy-1ccdd2de-d9d4-4aeb-9f4c-dc11e8717a31,pluggy,987decad-afee-4c0e-950e-85c3006a4b2e,11010000,Eating out,Liabilities:Credit:BB:Card:PlatinumVisa,-4,BRL
1185,1,2026-03-21,*,,EMPADA DO CAMPO        NITEROI       BR,,,pluggy-1ccdd2de-d9d4-4aeb-9f4c-dc11e8717a31,pluggy,987decad-afee-4c0e-950e-85c3006a4b2e,11010000,Eating out,Expenses:Alimentação:Restaurante,4,BRL
1186,0,2026-03-21,*,,UBER* TRIP             WWW.UBER.COM. BR,,,pluggy-4d702ba3-9e44-4f9c-847c-4a51f9d70b50,pluggy,987decad-afee-4c0e-950e-85c3006a4b2e,19010000,Taxi and ride-hailing,Liabilities:Credit:BB:Card:PlatinumVisa,-67.88,BRL
1186,1,2026-03-21,*,,UBER* TRIP             WWW.UBER.COM. BR,,,pluggy-4d702ba3-9e44-4f9c-847c-4a51f9d70b50,pluggy,987decad-afee-4c0e-950e-85c3006a4b2e,19010000,Taxi and ride-hailing,Expenses:Transporte:Uber,67.88,BRL
1187,0,2026-03-21,*,,HELLORIDE SG           SG            SG,,,pluggy-630a7aa2-3db9-4a2a-b1f5-e00e0b6e6f8d,pluggy,987decad-afee-4c0e-950e-85c3006a4b2e,19030000,Car rental,Liabilities:Credit:BB:Card:PlatinumVisa,-10,SGD
1187,1,2026-03-21,*,,HELLORIDE SG           SG            SG,,,pluggy-630a7aa2-3db9-4a2a-b1f5-e00e0b6e6f8d,pluggy,987decad-afee-4c0e-950e-85c3006a4b2e,19030000,Car rental,Expenses:Viagens:Transporte,10,SGD
1188,0,2026-03-23,*,,IOF - COMPRA NO EXTERIOR,,,pluggy-bc102dfe-faaf-48c5-b574-8e5f8d32b2f3,pluggy,987decad-afee-4c0e-950e-85c3006a4b2e,15030000,Tax on financial operations,Liabilities:Credit:BB:Card:PlatinumVisa,-1.54,BRL
1188,1,2026-03-23,*,,IOF - COMPRA NO EXTERIOR,,,pluggy-bc102dfe-faaf-48c5-b574-8e5f8d32b2f3,pluggy,987decad-afee-4c0e-950e-85c3006a4b2e,15030000,Tax on financial operations,Expenses:Taxas:Imposto,1.54,BRL
1189,0,2026-03-23,*,,AMAZONMKTPLC*RENOVAKIC ITAQUAQUECETU BR,,,pluggy-63ea38e0-9f0f-4abb-a4b7-731f88356a62,pluggy,987decad-afee-4c0e-950e-85c3006a4b2e,08000000,Shopping,Liabilities:Credit:BB:Card:PlatinumVisa,-28.8,BRL
1189,1,2026-03-23,*,,AMAZONMKTPLC*RENOVAKIC ITAQUAQUECETU BR,,,pluggy-63ea38e0-9f0f-4abb-a4b7-731f88356a62,pluggy,987decad-afee-4c0e-950e-85c3006a4b2e,08000000,Shopping,Expenses:Pessoal:Compras,28.8,BRL
1190,0,2026-03-24,*,,JUROS,,,pluggy-945eae43-da88-4311-bf08-74c154a6b3eb,pluggy,3d0492b4-0d84-49c0-9945-e3e9adc34d51,02020000,Interests charged,Assets:Investment:BB:Savings,20.03,BRL
1190,1,2026-03-24,*,,JUROS,,,pluggy-945eae43-da88-4311-bf08-74c154a6b3eb,pluggy,3d0492b4-0d84-49c0-9945-e3e9adc34d51,02020000,Interests charged,Income:Investment:Interest,-20.03,BRL
1191,0,2026-03-24,*,,REAJ.MON. BC,,,pluggy-83a0a816-857e-485f-86ff-c6c9f43da3eb,pluggy,3d0492b4-0d84-49c0-9945-e3e9adc34d51,06010000,Blocked balances,Assets:Investment:BB:Savings,6.78,BRL
1191,1,2026-03-24,*,,REAJ.MON. BC,,,pluggy-83a0a816-857e-485f-86ff-c6c9f43da3eb,pluggy,3d0492b4-0d84-49c0-9945-e3e9adc34d51,06010000,Blocked balances,Income:Investment:Interest,-6.78,BRL
1192,0,2026-03-24,*,,MERCADOLIVRE*2PRODUTOS GUARULHOS     BR,,,pluggy-a5592633-ca77-42ea-89b9-65dcfadf4478,pluggy,987decad-afee-4c0e-950e-85c3006a4b2e,08000000,Shopping,Liabilities:Credit:BB:Card:PlatinumVisa,-77.89,BRL
1192,1,2026-03-24,*,,MERCADOLIVRE*2PRODUTOS GUARULHOS     BR,,,pluggy-a5592633-ca77-42ea-89b9-65dcfadf4478,pluggy,987decad-afee-4c0e-950e-85c3006a4b2e,08000000,Shopping,Expenses:Geral,77.89,BRL
1193,0,2026-03-24,*,,AMAZON MARKETPLACE     SAO PAULO     BR,,,pluggy-9f9000e7-679f-4a1e-8552-654294b07f36,pluggy,987decad-afee-4c0e-950e-85c3006a4b2e,08060000,Bookstore,Liabilities:Credit:BB:Card:PlatinumVisa,-28.46,BRL
1193,1,2026-03-24,*,,AMAZON MARKETPLACE     SAO PAULO     BR,,,pluggy-9f9000e7-679f-4a1e-8552-654294b07f36,pluggy,987decad-afee-4c0e-950e-85c3006a4b2e,08060000,Bookstore,Expenses:Pessoal:Compras,28.46,BRL
1194,0,2026-03-24,*,,AMAZONMKTPLC*SARIBEIRO PEDRA BELA    BR,,,pluggy-347baf8e-7cbb-4af8-9299-15770185a8ae,pluggy,987decad-afee-4c0e-950e-85c3006a4b2e,08040000,Clothing,Liabilities:Credit:BB:Card:PlatinumVisa,-18.94,BRL
1194,1,2026-03-24,*,,AMAZONMKTPLC*SARIBEIRO PEDRA BELA    BR,,,pluggy-347baf8e-7cbb-4af8-9299-15770185a8ae,pluggy,987decad-afee-4c0e-950e-85c3006a4b2e,08040000,Clothing,Expenses:Pessoal:Compras,18.94,BRL
1195,0,2026-03-25,*,,FRAÇÕES DE AÇÕES MGLU3,,,pluggy-0337bde3-a79a-45a6-896e-891d5f34562e,pluggy,e4d40b2d-f720-4570-8fb6-89c9a12e1e2f,03000000,Investments,Assets:Investment:XP:Cash,4.57,BRL
1195,1,2026-03-25,*,,FRAÇÕES DE AÇÕES MGLU3,,,pluggy-0337bde3-a79a-45a6-896e-891d5f34562e,pluggy,e4d40b2d-f720-4570-8fb6-89c9a12e1e2f,03000000,Investments,Assets:TODO,-4.57,BRL
1196,0,2026-03-25,*,,FRAÇÕES DE AÇÕES MGLU3,,,pluggy-a61d425f-5eeb-494f-98e0-4256f0badc1f,pluggy,ffd6004e-1066-4c1c-9ece-826c45ffda7d,03000000,Investments,Assets:Investment:XP:Cash,4.57,BRL
1196,1,2026-03-25,*,,FRAÇÕES DE AÇÕES MGLU3,,,pluggy-a61d425f-5eeb-494f-98e0-4256f0badc1f,pluggy,ffd6004e-1066-4c1c-9ece-826c45ffda7d,03000000,Investments,Assets:TODO,-4.57,BRL
1197,0,2026-03-25,*,,REAJ.MON. BC,,,pluggy-211a29f8-c6e9-4550-a46d-32594629c6fb,pluggy,3d0492b4-0d84-49c0-9945-e3e9adc34d51,06010000,Blocked balances,Assets:Investment:BB:Savings,6.82,BRL
1197,1,2026-03-25,*,,REAJ.MON. BC,,,pluggy-211a29f8-c6e9-4550-a46d-32594629c6fb,pluggy,3d0492b4-0d84-49c0-9945-e3e9adc34d51,06010000,Blocked balances,Income:Investment:Interest,-6.82,BRL
1198,0,2026-03-25,*,,JUROS,,,pluggy-029063ca-bd8a-4cf9-9f56-9a8a5f18c747,pluggy,3d0492b4-0d84-49c0-9945-e3e9adc34d51,02020000,Interests charged,Assets:Investment:BB:Savings,20.17,BRL
1198,1,2026-03-25,*,,JUROS,,,pluggy-029063ca-bd8a-4cf9-9f56-9a8a5f18c747,pluggy,3d0492b4-0d84-49c0-9945-e3e9adc34d51,02020000,Interests charged,Income:Investment:Interest,-20.17,BRL
1199,0,2026-03-25,*,,PLANEJADA,,,pluggy-7055e3cb-d32f-413d-9ae7-716394613979,pluggy,3d0492b4-0d84-49c0-9945-e3e9adc34d51,03000000,Investments,Assets:Investment:BB:Savings,2000,BRL
1199,1,2026-03-25,*,,PLANEJADA,,,pluggy-7055e3cb-d32f-413d-9ae7-716394613979,pluggy,3d0492b4-0d84-49c0-9945-e3e9adc34d51,03000000,Investments,Assets:Investment:BB:Cash,-2000,BRL
1200,0,2026-03-25,*,,PLANEJADA,,,pluggy-76839f0e-1497-41ca-bace-700f0999a141,pluggy,3d0492b4-0d84-49c0-9945-e3e9adc34d51,03000000,Investments,Assets:Investment:BB:Savings,2000,BRL
1200,1,2026-03-25,*,,PLANEJADA,,,pluggy-76839f0e-1497-41ca-bace-700f0999a141,pluggy,3d0492b4-0d84-49c0-9945-e3e9adc34d51,03000000,Investments,Assets:Investment:BB:Cash,-2000,BRL
1201,0,2026-03-25,*,,PIX - ENVIADO   25/03 10:37 ANA CAROLINA DE ABREU ESC,,,pluggy-590daff5-66cf-4399-9af2-f82224c5d788,pluggy,25eb5f6d-2529-4377-8de5-e38160459cff,05070000,Transfer - PIX,Assets:Investment:BB:Cash,-2000,BRL
1201,1,2026-03-25,*,,PIX - ENVIADO   25/03 10:37 ANA CAROLINA DE ABREU ESC,,,pluggy-590daff5-66cf-4399-9af2-f82224c5d788,pluggy,25eb5f6d-2529-4377-8de5-e38160459cff,05070000,Transfer - PIX,Expenses:Geral:Caol,2000,BRL
1202,0,2026-03-25,*,,TRANSF ENVIADA  15/11 GABRIEL BARROS RODRIGUES,,,pluggy-52b1a5f3-b2ef-47ef-9e0a-f8d72077fbd7,pluggy,25eb5f6d-2529-4377-8de5-e38160459cff,04000000,Same person transfer,Assets:Investment:BB:Cash,-2000,BRL
1202,1,2026-03-25,*,,TRANSF ENVIADA  15/11 GABRIEL BARROS RODRIGUES,,,pluggy-52b1a5f3-b2ef-47ef-9e0a-f8d72077fbd7,pluggy,25eb5f6d-2529-4377-8de5-e38160459cff,04000000,Same person transfer,Assets:Investment:BB:Savings,2000,BRL
1203,0,2026-03-25,*,,TRANSF ENVIADA  15/11 GABRIEL BARROS RODRIGUES,,,pluggy-264bef60-0666-4f2a-ab88-428511764007,pluggy,25eb5f6d-2529-4377-8de5-e38160459cff,04000000,Same person transfer,Assets:Investment:BB:Cash,-2000,BRL
1203,1,2026-03-25,*,,TRANSF ENVIADA  15/11 GABRIEL BARROS RODRIGUES,,,pluggy-264bef60-0666-4f2a-ab88-428511764007,pluggy,25eb5f6d-2529-4377-8de5-e38160459cff,04000000,Same person transfer,Assets:Investment:BB:Savings,2000,BRL
1204,0,2026-03-25,*,,PROVENTOS       33.000.167/0001-01 PETROLEO BRASILEIRO,,,pluggy-23e0b15c-85fe-43b9-916a-3d9ca46e18e8,pluggy,25eb5f6d-2529-4377-8de5-e38160459cff,03060000,Proceeds interests and dividends,Assets:Investment:BB:Cash,5662.07,BRL
1204,1,2026-03-25,*,,PROVENTOS       33.000.167/0001-01 PETROLEO BRASILEIRO,,,pluggy-23e0b15c-85fe-43b9-916a-3d9ca46e18e8,pluggy,25eb5f6d-2529-4377-8de5-e38160459cff,03060000,Proceeds interests and dividends,Income:Salario,-5662.07,BRL
1205,0,2026-03-25,*,,MERCADOLIVRE*2PRODUTOS GUARULHOS     BR,,,pluggy-3c5ffc1b-6e28-4b8c-b74f-88fbacb25a88,pluggy,987decad-afee-4c0e-950e-85c3006a4b2e,08000000,Shopping,Liabilities:Credit:BB:Card:PlatinumVisa,44.99,BRL
1205,1,2026-03-25,*,,MERCADOLIVRE*2PRODUTOS GUARULHOS     BR,,,pluggy-3c5ffc1b-6e28-4b8c-b74f-88fbacb25a88,pluggy,987decad-afee-4c0e-950e-85c3006a4b2e,08000000,Shopping,Expenses:Geral,-44.99,BRL
1206,0,2026-03-26,*,,MP*STANLEY1913BR       CARIACICA     BR,,,pluggy-5ef351f4-f994-4d80-b7fd-cf6126cbd5f6,pluggy,987decad-afee-4c0e-950e-85c3006a4b2e,08000000,Shopping,Liabilities:Credit:BB:Card:PlatinumVisa,-184.24,BRL
1206,1,2026-03-26,*,,MP*STANLEY1913BR       CARIACICA     BR,,,pluggy-5ef351f4-f994-4d80-b7fd-cf6126cbd5f6,pluggy,987decad-afee-4c0e-950e-85c3006a4b2e,08000000,Shopping,Expenses:Geral,184.24,BRL
1207,0,2026-03-26,*,,DROGARIA VENANCIO      RIO DE JANEIR BR,,,pluggy-2912771c-a9ea-4764-a38b-8797b3aa7236,pluggy,987decad-afee-4c0e-950e-85c3006a4b2e,18020000,Pharmacy,Liabilities:Credit:BB:Card:PlatinumVisa,-126.96,BRL
1207,1,2026-03-26,*,,DROGARIA VENANCIO      RIO DE JANEIR BR,,,pluggy-2912771c-a9ea-4764-a38b-8797b3aa7236,pluggy,987decad-afee-4c0e-950e-85c3006a4b2e,18020000,Pharmacy,Expenses:Saude:Farmacia,126.96,BRL
1208,0,2026-03-26,*,,MP*SALVADORCOM         CRUZEIRO DO S BR,,,pluggy-4564f2c4-0307-4101-ba0d-bf5660203fde,pluggy,987decad-afee-4c0e-950e-85c3006a4b2e,08000000,Shopping,Liabilities:Credit:BB:Card:PlatinumVisa,-30.75,BRL
1208,1,2026-03-26,*,,MP*SALVADORCOM         CRUZEIRO DO S BR,,,pluggy-4564f2c4-0307-4101-ba0d-bf5660203fde,pluggy,987decad-afee-4c0e-950e-85c3006a4b2e,08000000,Shopping,Expenses:Geral,30.75,BRL
1209,0,2026-03-26,*,,77TRAMO*LOJAOFICIAL    SIMOES FILHO  BR,,,pluggy-3322724b-2afc-4200-bf8e-8a767dc4e247,pluggy,987decad-afee-4c0e-950e-85c3006a4b2e,08000000,Shopping,Liabilities:Credit:BB:Card:PlatinumVisa,-105.68,BRL
1209,1,2026-03-26,*,,77TRAMO*LOJAOFICIAL    SIMOES FILHO  BR,,,pluggy-3322724b-2afc-4200-bf8e-8a767dc4e247,pluggy,987decad-afee-4c0e-950e-85c3006a4b2e,08000000,Shopping,Expenses:Geral,105.68,BRL
1210,0,2026-03-27,*,,ANUIDADE DIFERENCIADA ADC-PARC 05/12 BR,,,pluggy-d04e305b-8ed1-40ea-909b-ddf3d3845ca9,pluggy,987decad-afee-4c0e-950e-85c3006a4b2e,16030000,Credit card fees,Liabilities:Credit:BB:Card:PlatinumVisa,-22.75,BRL
1210,1,2026-03-27,*,,ANUIDADE DIFERENCIADA ADC-PARC 05/12 BR,,,pluggy-d04e305b-8ed1-40ea-909b-ddf3d3845ca9,pluggy,987decad-afee-4c0e-950e-85c3006a4b2e,16030000,Credit card fees,Expenses:Taxas:Banco,22.75,BRL
1211,0,2026-03-28,*,,PROVENTOS       33.000.167/0001-01 PETROLEO BRASILEIRO,,,pluggy-93041419-98fd-48b3-9536-6cedd97d77a5,pluggy,25eb5f6d-2529-4377-8de5-e38160459cff,03060000,Proceeds interests and dividends,Assets:Investment:BB:Cash,8564.64,BRL
1211,1,2026-03-28,*,,PROVENTOS       33.000.167/0001-01 PETROLEO BRASILEIRO,,,pluggy-93041419-98fd-48b3-9536-6cedd97d77a5,pluggy,25eb5f6d-2529-4377-8de5-e38160459cff,03060000,Proceeds interests and dividends,Income:Salario,-8564.64,BRL
1212,0,2026-03-31,*,,RECEB FORNEC    39.427.632/0001-71 ASSOCIACAO PETROBRA,,,pluggy-452cd0a4-d194-4ce2-aec6-b2105dab695f,pluggy,25eb5f6d-2529-4377-8de5-e38160459cff,01000000,Income,Assets:Investment:BB:Cash,122,BRL
1212,1,2026-03-31,*,,RECEB FORNEC    39.427.632/0001-71 ASSOCIACAO PETROBRA,,,pluggy-452cd0a4-d194-4ce2-aec6-b2105dab695f,pluggy,25eb5f6d-2529-4377-8de5-e38160459cff,01000000,Income,Income:Reembolso,-122,BRL
1213,0,2026-03-31,*,,PG *JMF COMERCIO DE RO SAO JOAO NEPO BR,,,pluggy-840c9c63-50c4-40bb-a3b0-225c2cf0517c,pluggy,987decad-afee-4c0e-950e-85c3006a4b2e,08040000,Clothing,Liabilities:Credit:BB:Card:PlatinumVisa,-80.41,BRL
1213,1,2026-03-31,*,,PG *JMF COMERCIO DE RO SAO JOAO NEPO BR,,,pluggy-840c9c63-50c4-40bb-a3b0-225c2cf0517c,pluggy,987decad-afee-4c0e-950e-85c3006a4b2e,08040000,Clothing,Expenses:Pessoal:Vestuario,80.41,BRL
1214,0,2026-03-31,*,,PAPELARIA LIDER        RIO DE JANEIR BR,,,pluggy-9ddf5a88-b27a-4385-b584-5b558ce50955,pluggy,987decad-afee-4c0e-950e-85c3006a4b2e,08000000,Shopping,Liabilities:Credit:BB:Card:PlatinumVisa,-17,BRL
1214,1,2026-03-31,*,,PAPELARIA LIDER        RIO DE JANEIR BR,,,pluggy-9ddf5a88-b27a-4385-b584-5b558ce50955,pluggy,987decad-afee-4c0e-950e-85c3006a4b2e,08000000,Shopping,Expenses:Pessoal:Compras,17,BRL
1215,0,2026-04-01,*,,JUROS S/ CAPITAL DE CLIENTES ITUB3 S/            526,,,pluggy-3d530f22-185a-4779-8c78-6ffc138e0ef5,pluggy,e4d40b2d-f720-4570-8fb6-89c9a12e1e2f,02020000,Interests charged,Assets:Investment:XP:Cash,7.89,BRL
1215,1,2026-04-01,*,,JUROS S/ CAPITAL DE CLIENTES ITUB3 S/            526,,,pluggy-3d530f22-185a-4779-8c78-6ffc138e0ef5,pluggy,e4d40b2d-f720-4570-8fb6-89c9a12e1e2f,02020000,Interests charged,Income:Investment:XP:JCP,-7.89,BRL
1216,0,2026-04-01,*,,JUROS S/ CAPITAL DE CLIENTES ITUB3 S/            526,,,pluggy-0ebaaa34-e8c2-4731-840f-e28e817a1e20,pluggy,ffd6004e-1066-4c1c-9ece-826c45ffda7d,02020000,Interests charged,Assets:Investment:XP:Cash,7.89,BRL
1216,1,2026-04-01,*,,JUROS S/ CAPITAL DE CLIENTES ITUB3 S/            526,,,pluggy-0ebaaa34-e8c2-4731-840f-e28e817a1e20,pluggy,ffd6004e-1066-4c1c-9ece-826c45ffda7d,02020000,Interests charged,Income:Investment:XP:JCP,-7.89,BRL
1217,0,2026-04-01,*,,PIX - ENVIADO   01/04 20:47 AMAZON.COM.BR,,,pluggy-ce57bea7-4935-4ea2-97a0-cb3c187a6067,pluggy,25eb5f6d-2529-4377-8de5-e38160459cff,08010000,Online shopping,Assets:Investment:BB:Cash,-267.8,BRL
1217,1,2026-04-01,*,,PIX - ENVIADO   01/04 20:47 AMAZON.COM.BR,,,pluggy-ce57bea7-4935-4ea2-97a0-cb3c187a6067,pluggy,25eb5f6d-2529-4377-8de5-e38160459cff,08010000,Online shopping,Expenses:Pessoal:Compras,267.8,BRL
1218,0,2026-04-02,*,,PIX - AGEND     02/04 05:36 ANA CAROLINA DE ABREU ESC,,,pluggy-2bcfd601-1d96-40a8-af16-c5146e8a4347,pluggy,25eb5f6d-2529-4377-8de5-e38160459cff,05070000,Transfer - PIX,Assets:Investment:BB:Cash,-540,BRL
1218,1,2026-04-02,*,,PIX - AGEND     02/04 05:36 ANA CAROLINA DE ABREU ESC,,,pluggy-2bcfd601-1d96-40a8-af16-c5146e8a4347,pluggy,25eb5f6d-2529-4377-8de5-e38160459cff,05070000,Transfer - PIX,Expenses:Geral:Caol,540,BRL
1219,0,2026-04-02,*,,UBER* TRIP             WWW.UBER.COM. BR,,,pluggy-114a086e-ae47-43e7-bbf2-1576441f62be,pluggy,987decad-afee-4c0e-950e-85c3006a4b2e,19010000,Taxi and ride-hailing,Liabilities:Credit:BB:Card:PlatinumVisa,-19.94,BRL
1219,1,2026-04-02,*,,UBER* TRIP             WWW.UBER.COM. BR,,,pluggy-114a086e-ae47-43e7-bbf2-1576441f62be,pluggy,987decad-afee-4c0e-950e-85c3006a4b2e,19010000,Taxi and ride-hailing,Expenses:Transporte:Uber,19.94,BRL
1220,0,2026-04-02,*,,DL*UberRides           Sao Paulo     BR,,,pluggy-096d7816-a89f-4f14-8457-22f524558ac0,pluggy,987decad-afee-4c0e-950e-85c3006a4b2e,19010000,Taxi and ride-hailing,Liabilities:Credit:BB:Card:PlatinumVisa,-16.98,BRL
1220,1,2026-04-02,*,,DL*UberRides           Sao Paulo     BR,,,pluggy-096d7816-a89f-4f14-8457-22f524558ac0,pluggy,987decad-afee-4c0e-950e-85c3006a4b2e,19010000,Taxi and ride-hailing,Expenses:Transporte:Uber,16.98,BRL
1221,0,2026-04-05,*,,DL GOOGLE Crunch       1123958400    BR,,,pluggy-f3d3ab0e-f57a-426e-9459-40066bbf7cce,pluggy,75f30132-31a8-4b54-9be0-648009b118db,09000000,Digital services,Liabilities:Credit:BB:Card:EloGrafite,-24.9,BRL
1221,1,2026-04-05,*,,DL GOOGLE Crunch       1123958400    BR,,,pluggy-f3d3ab0e-f57a-426e-9459-40066bbf7cce,pluggy,75f30132-31a8-4b54-9be0-648009b118db,09000000,Digital services,Expenses:Lazer:Streaming,24.9,BRL
1222,0,2026-04-05,*,,PIX - AGEND     05/04 05:31 ANA CAROLINA DE ABREU ESC,,,pluggy-e15a63e7-686e-463c-9096-72037101580e,pluggy,25eb5f6d-2529-4377-8de5-e38160459cff,05070000,Transfer - PIX,Assets:Investment:BB:Cash,-366,BRL
1222,1,2026-04-05,*,,PIX - AGEND     05/04 05:31 ANA CAROLINA DE ABREU ESC,,,pluggy-e15a63e7-686e-463c-9096-72037101580e,pluggy,25eb5f6d-2529-4377-8de5-e38160459cff,05070000,Transfer - PIX,Expenses:Geral:Caol,366,BRL
1223,0,2026-04-05,*,,DL          *UberRides Sao Paulo     BR,,,pluggy-bd3c5498-6abd-4e34-8a39-9964154aea84,pluggy,987decad-afee-4c0e-950e-85c3006a4b2e,19010000,Taxi and ride-hailing,Liabilities:Credit:BB:Card:PlatinumVisa,-78,BRL
1223,1,2026-04-05,*,,DL          *UberRides Sao Paulo     BR,,,pluggy-bd3c5498-6abd-4e34-8a39-9964154aea84,pluggy,987decad-afee-4c0e-950e-85c3006a4b2e,19010000,Taxi and ride-hailing,Expenses:Transporte:Uber,78,BRL
1224,0,2026-04-05,*,,UBER* TRIP             WWW.UBER.COM. BR,,,pluggy-08d5aef7-687c-4370-9f65-554d14975b80,pluggy,987decad-afee-4c0e-950e-85c3006a4b2e,19010000,Taxi and ride-hailing,Liabilities:Credit:BB:Card:PlatinumVisa,-93.08,BRL
1224,1,2026-04-05,*,,UBER* TRIP             WWW.UBER.COM. BR,,,pluggy-08d5aef7-687c-4370-9f65-554d14975b80,pluggy,987decad-afee-4c0e-950e-85c3006a4b2e,19010000,Taxi and ride-hailing,Expenses:Transporte:Uber,93.08,BRL
1225,0,2026-04-06,*,,PIX - ENVIADO   06/04 00:41 TIM S A,,,pluggy-cd68e516-0951-4969-b8fc-79f74f488f35,pluggy,25eb5f6d-2529-4377-8de5-e38160459cff,07010000,Telecommunications,Assets:Investment:BB:Cash,-120.98,BRL
1225,1,2026-04-06,*,,PIX - ENVIADO   06/04 00:41 TIM S A,,,pluggy-cd68e516-0951-4969-b8fc-79f74f488f35,pluggy,25eb5f6d-2529-4377-8de5-e38160459cff,07010000,Telecommunications,Expenses:Comunicacao:Telefone,120.98,BRL
1226,0,2026-04-07,*,,IFD iFood              Osasco        BR,,,pluggy-b4b17a3e-979f-4d0d-a5cc-7e1c9359b00d,pluggy,75f30132-31a8-4b54-9be0-648009b118db,11020000,Food delivery,Liabilities:Credit:BB:Card:EloGrafite,-7.95,BRL
1226,1,2026-04-07,*,,IFD iFood              Osasco        BR,,,pluggy-b4b17a3e-979f-4d0d-a5cc-7e1c9359b00d,pluggy,75f30132-31a8-4b54-9be0-648009b118db,11020000,Food delivery,Expenses:Alimentação:Delivery,7.95,BRL
1227,0,2026-04-08,*,,RENDIMENTOS DE CLIENTES LVBI11 S/            113,,,pluggy-07aeaf0b-b44c-461d-a271-36e6b2709d91,pluggy,e4d40b2d-f720-4570-8fb6-89c9a12e1e2f,03060000,Proceeds interests and dividends,Assets:Investment:XP:Cash,84.75,BRL
1227,1,2026-04-08,*,,RENDIMENTOS DE CLIENTES LVBI11 S/            113,,,pluggy-07aeaf0b-b44c-461d-a271-36e6b2709d91,pluggy,e4d40b2d-f720-4570-8fb6-89c9a12e1e2f,03060000,Proceeds interests and dividends,Income:Investment:XP:Rendimento,-84.75,BRL
1228,0,2026-04-08,*,,RENDIMENTOS DE CLIENTES LVBI11 S/            113,,,pluggy-a3e4c263-f14e-479a-a5b4-26697994869b,pluggy,ffd6004e-1066-4c1c-9ece-826c45ffda7d,03060000,Proceeds interests and dividends,Assets:Investment:XP:Cash,84.75,BRL
1228,1,2026-04-08,*,,RENDIMENTOS DE CLIENTES LVBI11 S/            113,,,pluggy-a3e4c263-f14e-479a-a5b4-26697994869b,pluggy,ffd6004e-1066-4c1c-9ece-826c45ffda7d,03060000,Proceeds interests and dividends,Income:Investment:XP:Rendimento,-84.75,BRL
1229,0,2026-04-08,*,,VET CARE COMERCIO VARE RIO DE JANEIR BR,,,pluggy-ee93b8bc-1361-4284-9359-b19d6c5c9916,pluggy,987decad-afee-4c0e-950e-85c3006a4b2e,18020000,Pharmacy,Liabilities:Credit:BB:Card:PlatinumVisa,-368.88,BRL
1229,1,2026-04-08,*,,VET CARE COMERCIO VARE RIO DE JANEIR BR,,,pluggy-ee93b8bc-1361-4284-9359-b19d6c5c9916,pluggy,987decad-afee-4c0e-950e-85c3006a4b2e,18020000,Pharmacy,Expenses:Pet:Veterinario,368.88,BRL
1230,0,2026-04-08,*,,UBER* TRIP             WWW.UBER.COM. BR,,,pluggy-fbcc40e7-cf1a-4330-8c01-283ae7fe0234,pluggy,987decad-afee-4c0e-950e-85c3006a4b2e,19010000,Taxi and ride-hailing,Liabilities:Credit:BB:Card:PlatinumVisa,-16.49,BRL
1230,1,2026-04-08,*,,UBER* TRIP             WWW.UBER.COM. BR,,,pluggy-fbcc40e7-cf1a-4330-8c01-283ae7fe0234,pluggy,987decad-afee-4c0e-950e-85c3006a4b2e,19010000,Taxi and ride-hailing,Expenses:Transporte:Uber,16.49,BRL
1231,0,2026-04-08,*,,GRG*CLINICAVETERINARIA RIO DE JANEIR BR,,,pluggy-479d68e8-c024-4cd6-b82c-e66b497ad978,pluggy,987decad-afee-4c0e-950e-85c3006a4b2e,18000000,Healthcare,Liabilities:Credit:BB:Card:PlatinumVisa,-480,BRL
1231,1,2026-04-08,*,,GRG*CLINICAVETERINARIA RIO DE JANEIR BR,,,pluggy-479d68e8-c024-4cd6-b82c-e66b497ad978,pluggy,987decad-afee-4c0e-950e-85c3006a4b2e,18000000,Healthcare,Expenses:Pet:Veterinario,480,BRL
1232,0,2026-04-09,*,,REAJ.MON. BC,,,pluggy-ac9f35f7-16c7-4c36-9079-c3c7d6ed962b,pluggy,3d0492b4-0d84-49c0-9945-e3e9adc34d51,06010000,Blocked balances,Assets:Investment:BB:Savings,6.95,BRL
1232,1,2026-04-09,*,,REAJ.MON. BC,,,pluggy-ac9f35f7-16c7-4c36-9079-c3c7d6ed962b,pluggy,3d0492b4-0d84-49c0-9945-e3e9adc34d51,06010000,Blocked balances,Income:Investment:Interest,-6.95,BRL
1233,0,2026-04-09,*,,JUROS,,,pluggy-0ef4ec4c-69a1-4a21-a053-85650c2355a0,pluggy,3d0492b4-0d84-49c0-9945-e3e9adc34d51,02020000,Interests charged,Assets:Investment:BB:Savings,20.1,BRL
1233,1,2026-04-09,*,,JUROS,,,pluggy-0ef4ec4c-69a1-4a21-a053-85650c2355a0,pluggy,3d0492b4-0d84-49c0-9945-e3e9adc34d51,02020000,Interests charged,Income:Investment:Interest,-20.1,BRL
1234,0,2026-04-09,*,,PIX - AGEND     09/04 05:35 RUDIVAL MARQUES DOS SANTO,,,pluggy-01b493d5-9639-4038-b5a6-d95935b704e2,pluggy,25eb5f6d-2529-4377-8de5-e38160459cff,05070000,Transfer - PIX,Assets:Investment:BB:Cash,-100,BRL
1234,1,2026-04-09,*,,PIX - AGEND     09/04 05:35 RUDIVAL MARQUES DOS SANTO,,,pluggy-01b493d5-9639-4038-b5a6-d95935b704e2,pluggy,25eb5f6d-2529-4377-8de5-e38160459cff,05070000,Transfer - PIX,Expenses:Geral,100,BRL
1235,0,2026-04-09,*,,Drogarias Pacheco S.A. Rio d Janeiro BR,,,pluggy-52a32c3a-b38d-420c-9c2c-1d8d453720cd,pluggy,987decad-afee-4c0e-950e-85c3006a4b2e,18020000,Pharmacy,Liabilities:Credit:BB:Card:PlatinumVisa,-66.59,BRL
1235,1,2026-04-09,*,,Drogarias Pacheco S.A. Rio d Janeiro BR,,,pluggy-52a32c3a-b38d-420c-9c2c-1d8d453720cd,pluggy,987decad-afee-4c0e-950e-85c3006a4b2e,18020000,Pharmacy,Expenses:Saude:Farmacia,66.59,BRL
1236,0,2026-04-09,*,,Drogarias Pacheco S.A. Rio d Janeiro BR,,,pluggy-fafbcfb1-db8a-4876-90bb-a4c1d03ea0d5,pluggy,987decad-afee-4c0e-950e-85c3006a4b2e,18020000,Pharmacy,Liabilities:Credit:BB:Card:PlatinumVisa,-19.48,BRL
1236,1,2026-04-09,*,,Drogarias Pacheco S.A. Rio d Janeiro BR,,,pluggy-fafbcfb1-db8a-4876-90bb-a4c1d03ea0d5,pluggy,987decad-afee-4c0e-950e-85c3006a4b2e,18020000,Pharmacy,Expenses:Saude:Farmacia,19.48,BRL
1237,0,2026-04-09,*,,Wellhub Gabriel Barros Sao Paulo     BR,,,pluggy-06c85119-9d83-4872-a48b-2e14acf136aa,pluggy,987decad-afee-4c0e-950e-85c3006a4b2e,09000000,Digital services,Liabilities:Credit:BB:Card:PlatinumVisa,-109.9,BRL
1237,1,2026-04-09,*,,Wellhub Gabriel Barros Sao Paulo     BR,,,pluggy-06c85119-9d83-4872-a48b-2e14acf136aa,pluggy,987decad-afee-4c0e-950e-85c3006a4b2e,09000000,Digital services,Expenses:Saude:Academia,109.9,BRL
1238,0,2026-04-10,*,,PLANEJADA,,,pluggy-2bcfebc8-3aee-4d00-b1cb-f3ad0fe1ae6e,pluggy,3d0492b4-0d84-49c0-9945-e3e9adc34d51,03000000,Investments,Assets:Investment:BB:Savings,2000,BRL
1238,1,2026-04-10,*,,PLANEJADA,,,pluggy-2bcfebc8-3aee-4d00-b1cb-f3ad0fe1ae6e,pluggy,3d0492b4-0d84-49c0-9945-e3e9adc34d51,03000000,Investments,Assets:Investment:BB:Cash,-2000,BRL
1239,0,2026-04-10,*,,PGTO DEBITO CONTA 3836 000000008  200211,,,pluggy-77ce1665-6fe0-4416-a0ef-54b652f6f21e,pluggy,75f30132-31a8-4b54-9be0-648009b118db,05060000,Transfer - Internal,Liabilities:Credit:BB:Card:EloGrafite,822.23,BRL
1239,1,2026-04-10,*,,PGTO DEBITO CONTA 3836 000000008  200211,,,pluggy-77ce1665-6fe0-4416-a0ef-54b652f6f21e,pluggy,75f30132-31a8-4b54-9be0-648009b118db,05060000,Transfer - Internal,Assets:Investment:BB:Cash,-822.23,BRL
1240,0,2026-04-10,*,,TRANSF ENVIADA  15/11 GABRIEL BARROS RODRIGUES,,,pluggy-22bce8c2-256d-4e79-a76d-11550caf522b,pluggy,25eb5f6d-2529-4377-8de5-e38160459cff,04000000,Same person transfer,Assets:Investment:BB:Cash,-2000,BRL
1240,1,2026-04-10,*,,TRANSF ENVIADA  15/11 GABRIEL BARROS RODRIGUES,,,pluggy-22bce8c2-256d-4e79-a76d-11550caf522b,pluggy,25eb5f6d-2529-4377-8de5-e38160459cff,04000000,Same person transfer,Assets:Investment:BB:Savings,2000,BRL
1241,0,2026-04-10,*,,PROVENTOS       33.000.167/0001-01 PETROLEO BRASILEIRO,,,pluggy-88c531c4-ddab-4a46-ad85-464ed754a4b5,pluggy,25eb5f6d-2529-4377-8de5-e38160459cff,03060000,Proceeds interests and dividends,Assets:Investment:BB:Cash,4722.97,BRL
1241,1,2026-04-10,*,,PROVENTOS       33.000.167/0001-01 PETROLEO BRASILEIRO,,,pluggy-88c531c4-ddab-4a46-ad85-464ed754a4b5,pluggy,25eb5f6d-2529-4377-8de5-e38160459cff,03060000,Proceeds interests and dividends,Income:Salario,-4722.97,BRL
1242,0,2026-04-10,*,,PGTO DEBITO CONTA 3836 000009800  200211,,,pluggy-3e197ed3-d1ba-41c9-b55b-87c81d2b2747,pluggy,987decad-afee-4c0e-950e-85c3006a4b2e,05060000,Transfer - Internal,Liabilities:Credit:BB:Card:PlatinumVisa,2924.91,BRL
1242,1,2026-04-10,*,,PGTO DEBITO CONTA 3836 000009800  200211,,,pluggy-3e197ed3-d1ba-41c9-b55b-87c81d2b2747,pluggy,987decad-afee-4c0e-950e-85c3006a4b2e,05060000,Transfer - Internal,Assets:Investment:BB:Cash,-2924.91,BRL
1243,0,2026-04-11,*,,PGTO CARTAO     ELO GRAFITE ESTILO,,,pluggy-e491224b-118a-46a7-836c-5dda09eccb34,pluggy,25eb5f6d-2529-4377-8de5-e38160459cff,05100000,Credit card payment,Assets:Investment:BB:Cash,-822.23,BRL
1243,1,2026-04-11,*,,PGTO CARTAO     ELO GRAFITE ESTILO,,,pluggy-e491224b-118a-46a7-836c-5dda09eccb34,pluggy,25eb5f6d-2529-4377-8de5-e38160459cff,05100000,Credit card payment,Liabilities:Credit:BB:Card:EloGrafite,822.23,BRL
1244,0,2026-04-11,*,,PGTO CARTAO     PLATINUM ESTILO VISA,,,pluggy-981e0f1a-3ff8-41a1-90d3-bd306d809659,pluggy,25eb5f6d-2529-4377-8de5-e38160459cff,05100000,Credit card payment,Assets:Investment:BB:Cash,-2924.91,BRL
1244,1,2026-04-11,*,,PGTO CARTAO     PLATINUM ESTILO VISA,,,pluggy-981e0f1a-3ff8-41a1-90d3-bd306d809659,pluggy,25eb5f6d-2529-4377-8de5-e38160459cff,05100000,Credit card payment,Liabilities:Credit:BB:Card:PlatinumVisa,2924.91,BRL
1245,0,2026-04-12,*,,DROGARIAS PACHECO      RIO DE JANEIR BR,,,pluggy-297567cf-fcf3-4579-9e3a-70632f059848,pluggy,987decad-afee-4c0e-950e-85c3006a4b2e,18020000,Pharmacy,Liabilities:Credit:BB:Card:PlatinumVisa,-2.59,BRL
1245,1,2026-04-12,*,,DROGARIAS PACHECO      RIO DE JANEIR BR,,,pluggy-297567cf-fcf3-4579-9e3a-70632f059848,pluggy,987decad-afee-4c0e-950e-85c3006a4b2e,18020000,Pharmacy,Expenses:Saude:Farmacia,2.59,BRL
1246,0,2026-04-12,*,,DROGARIAS PACHECO      RIO DE JANEIR BR,,,pluggy-dc52841d-da7c-417f-8a13-93be4c3701a0,pluggy,987decad-afee-4c0e-950e-85c3006a4b2e,18020000,Pharmacy,Liabilities:Credit:BB:Card:PlatinumVisa,-154.52,BRL
1246,1,2026-04-12,*,,DROGARIAS PACHECO      RIO DE JANEIR BR,,,pluggy-dc52841d-da7c-417f-8a13-93be4c3701a0,pluggy,987decad-afee-4c0e-950e-85c3006a4b2e,18020000,Pharmacy,Expenses:Saude:Farmacia,154.52,BRL
1247,0,2026-04-12,*,,Google One             SAO PAULO     BR,,,pluggy-b836e9d6-7021-4dcc-9c5d-f64ad829464b,pluggy,987decad-afee-4c0e-950e-85c3006a4b2e,07010001,Internet,Liabilities:Credit:BB:Card:PlatinumVisa,-4.5,BRL
1247,1,2026-04-12,*,,Google One             SAO PAULO     BR,,,pluggy-b836e9d6-7021-4dcc-9c5d-f64ad829464b,pluggy,987decad-afee-4c0e-950e-85c3006a4b2e,07010001,Internet,Expenses:Mensalidades:Outras,4.5,BRL
1248,0,2026-04-13,*,,JUROS S/ CAPITAL DE CLIENTES B3SA3 S/            400,,,pluggy-1ca208c2-7a16-409f-a920-3c8df62fbbe8,pluggy,e4d40b2d-f720-4570-8fb6-89c9a12e1e2f,03060000,Proceeds interests and dividends,Assets:Investment:XP:Cash,25.33,BRL
1248,1,2026-04-13,*,,JUROS S/ CAPITAL DE CLIENTES B3SA3 S/            400,,,pluggy-1ca208c2-7a16-409f-a920-3c8df62fbbe8,pluggy,e4d40b2d-f720-4570-8fb6-89c9a12e1e2f,03060000,Proceeds interests and dividends,Income:Investment:XP:JCP,-25.33,BRL
1249,0,2026-04-13,*,,JUROS S/ CAPITAL DE CLIENTES B3SA3 S/            400,,,pluggy-5ca96d35-7051-44eb-b8d5-5a62c21e0390,pluggy,ffd6004e-1066-4c1c-9ece-826c45ffda7d,03060000,Proceeds interests and dividends,Assets:Investment:XP:Cash,25.33,BRL
1249,1,2026-04-13,*,,JUROS S/ CAPITAL DE CLIENTES B3SA3 S/            400,,,pluggy-5ca96d35-7051-44eb-b8d5-5a62c21e0390,pluggy,ffd6004e-1066-4c1c-9ece-826c45ffda7d,03060000,Proceeds interests and dividends,Income:Investment:XP:JCP,-25.33,BRL
1250,0,2026-04-13,*,,DROGARIA VENANCIO      RIO DE JANEIR BR,,,pluggy-6ad8f725-4fe2-4354-81e9-85d8d4725500,pluggy,987decad-afee-4c0e-950e-85c3006a4b2e,18020000,Pharmacy,Liabilities:Credit:BB:Card:PlatinumVisa,-135.68,BRL
1250,1,2026-04-13,*,,DROGARIA VENANCIO      RIO DE JANEIR BR,,,pluggy-6ad8f725-4fe2-4354-81e9-85d8d4725500,pluggy,987decad-afee-4c0e-950e-85c3006a4b2e,18020000,Pharmacy,Expenses:Saude:Farmacia,135.68,BRL
1251,0,2026-04-15,*,,RENDIMENTOS DE CLIENTES HGRU11 S/            129,,,pluggy-e68a9c19-6c90-461b-848a-28b66d7eabf4,pluggy,e4d40b2d-f720-4570-8fb6-89c9a12e1e2f,03060000,Proceeds interests and dividends,Assets:Investment:XP:Cash,122.55,BRL
1251,1,2026-04-15,*,,RENDIMENTOS DE CLIENTES HGRU11 S/            129,,,pluggy-e68a9c19-6c90-461b-848a-28b66d7eabf4,pluggy,e4d40b2d-f720-4570-8fb6-89c9a12e1e2f,03060000,Proceeds interests and dividends,Income:Investment:XP:Rendimento,-122.55,BRL
1252,0,2026-04-15,*,,RENDIMENTOS DE CLIENTES PMLL11 S/            153,,,pluggy-4dff6a97-d52d-45b2-bca5-00237a2b54d5,pluggy,e4d40b2d-f720-4570-8fb6-89c9a12e1e2f,03060000,Proceeds interests and dividends,Assets:Investment:XP:Cash,153,BRL
1252,1,2026-04-15,*,,RENDIMENTOS DE CLIENTES PMLL11 S/            153,,,pluggy-4dff6a97-d52d-45b2-bca5-00237a2b54d5,pluggy,e4d40b2d-f720-4570-8fb6-89c9a12e1e2f,03060000,Proceeds interests and dividends,Income:Investment:XP:Rendimento,-153,BRL
1253,0,2026-04-15,*,,RENDIMENTOS DE CLIENTES HGRU11 S/            129,,,pluggy-f12cc8e9-6f9e-4440-bee6-fbfefb2da570,pluggy,ffd6004e-1066-4c1c-9ece-826c45ffda7d,03060000,Proceeds interests and dividends,Assets:Investment:XP:Cash,122.55,BRL
1253,1,2026-04-15,*,,RENDIMENTOS DE CLIENTES HGRU11 S/            129,,,pluggy-f12cc8e9-6f9e-4440-bee6-fbfefb2da570,pluggy,ffd6004e-1066-4c1c-9ece-826c45ffda7d,03060000,Proceeds interests and dividends,Income:Investment:XP:Rendimento,-122.55,BRL
1254,0,2026-04-15,*,,RENDIMENTOS DE CLIENTES HGLG11 S/             99,,,pluggy-1fe6ae30-16c3-483f-9888-20f7461c0319,pluggy,e4d40b2d-f720-4570-8fb6-89c9a12e1e2f,19010000,Taxi and ride-hailing,Assets:Investment:XP:Cash,108.9,BRL
1254,1,2026-04-15,*,,RENDIMENTOS DE CLIENTES HGLG11 S/             99,,,pluggy-1fe6ae30-16c3-483f-9888-20f7461c0319,pluggy,e4d40b2d-f720-4570-8fb6-89c9a12e1e2f,19010000,Taxi and ride-hailing,Income:Investment:XP:Rendimento,-108.9,BRL
1255,0,2026-04-15,*,,RENDIMENTOS DE CLIENTES PMLL11 S/            153,,,pluggy-8c1fc676-0196-49c3-9674-b81d5d0cb27c,pluggy,ffd6004e-1066-4c1c-9ece-826c45ffda7d,03060000,Proceeds interests and dividends,Assets:Investment:XP:Cash,153,BRL
1255,1,2026-04-15,*,,RENDIMENTOS DE CLIENTES PMLL11 S/            153,,,pluggy-8c1fc676-0196-49c3-9674-b81d5d0cb27c,pluggy,ffd6004e-1066-4c1c-9ece-826c45ffda7d,03060000,Proceeds interests and dividends,Income:Investment:XP:Rendimento,-153,BRL
1256,0,2026-04-15,*,,RENDIMENTOS DE CLIENTES HGLG11 S/             99,,,pluggy-03f97097-9969-4987-857b-f1d0608fc1cb,pluggy,ffd6004e-1066-4c1c-9ece-826c45ffda7d,19010000,Taxi and ride-hailing,Assets:Investment:XP:Cash,108.9,BRL
1256,1,2026-04-15,*,,RENDIMENTOS DE CLIENTES HGLG11 S/             99,,,pluggy-03f97097-9969-4987-857b-f1d0608fc1cb,pluggy,ffd6004e-1066-4c1c-9ece-826c45ffda7d,19010000,Taxi and ride-hailing,Income:Investment:XP:Rendimento,-108.9,BRL
1257,0,2026-04-16,*,,RENDIMENTOS DE CLIENTES PCIP11 S/            147,,,pluggy-6609a9e0-a72c-4040-8836-761238409d14,pluggy,e4d40b2d-f720-4570-8fb6-89c9a12e1e2f,03060000,Proceeds interests and dividends,Assets:Investment:XP:Cash,124.95,BRL
1257,1,2026-04-16,*,,RENDIMENTOS DE CLIENTES PCIP11 S/            147,,,pluggy-6609a9e0-a72c-4040-8836-761238409d14,pluggy,e4d40b2d-f720-4570-8fb6-89c9a12e1e2f,03060000,Proceeds interests and dividends,Income:Investment:XP:Rendimento,-124.95,BRL
1258,0,2026-04-16,*,,RENDIMENTOS DE CLIENTES PCIP11 S/            147,,,pluggy-f9d5a0d4-a879-4233-8661-cb2c17e63bc6,pluggy,ffd6004e-1066-4c1c-9ece-826c45ffda7d,03060000,Proceeds interests and dividends,Assets:Investment:XP:Cash,124.95,BRL
1258,1,2026-04-16,*,,RENDIMENTOS DE CLIENTES PCIP11 S/            147,,,pluggy-f9d5a0d4-a879-4233-8661-cb2c17e63bc6,pluggy,ffd6004e-1066-4c1c-9ece-826c45ffda7d,03060000,Proceeds interests and dividends,Income:Investment:XP:Rendimento,-124.95,BRL
1259,0,2026-04-17,*,,Google One             SAO PAULO     BR,,,pluggy-0a2700ab-60fa-4fbd-8498-1889db821086,pluggy,987decad-afee-4c0e-950e-85c3006a4b2e,09000000,Digital services,Liabilities:Credit:BB:Card:PlatinumVisa,-9.99,BRL
1259,1,2026-04-17,*,,Google One             SAO PAULO     BR,,,pluggy-0a2700ab-60fa-4fbd-8498-1889db821086,pluggy,987decad-afee-4c0e-950e-85c3006a4b2e,09000000,Digital services,Expenses:Mensalidades:Outras,9.99,BRL
1260,0,2026-04-20,*,,LECADO LARGO*Leca      RIO DE JANEIR BR,,,pluggy-5bdd1096-2f3f-426e-a879-ceecc8423cd6,pluggy,987decad-afee-4c0e-950e-85c3006a4b2e,11010000,Eating out,Liabilities:Credit:BB:Card:PlatinumVisa,-72,BRL
1260,1,2026-04-20,*,,LECADO LARGO*Leca      RIO DE JANEIR BR,,,pluggy-5bdd1096-2f3f-426e-a879-ceecc8423cd6,pluggy,987decad-afee-4c0e-950e-85c3006a4b2e,11010000,Eating out,Expenses:Alimentação:Restaurante,72,BRL
1261,0,2026-04-20,*,,CAKECO                 RIO DE JANEIR BR,,,pluggy-8b9f6b43-2619-4c1b-bfb5-e5fca0911252,pluggy,987decad-afee-4c0e-950e-85c3006a4b2e,11010000,Eating out,Liabilities:Credit:BB:Card:PlatinumVisa,-109,BRL
1261,1,2026-04-20,*,,CAKECO                 RIO DE JANEIR BR,,,pluggy-8b9f6b43-2619-4c1b-bfb5-e5fca0911252,pluggy,987decad-afee-4c0e-950e-85c3006a4b2e,11010000,Eating out,Expenses:Alimentação:Delivery,109,BRL
1262,0,2026-04-21,*,,DL*UberRides           Sao Paulo     BR,,,pluggy-9ffb33f6-43d5-4d95-a1f3-aee6cb6b59d6,pluggy,987decad-afee-4c0e-950e-85c3006a4b2e,19010000,Taxi and ride-hailing,Liabilities:Credit:BB:Card:PlatinumVisa,-17.95,BRL
1262,1,2026-04-21,*,,DL*UberRides           Sao Paulo     BR,,,pluggy-9ffb33f6-43d5-4d95-a1f3-aee6cb6b59d6,pluggy,987decad-afee-4c0e-950e-85c3006a4b2e,19010000,Taxi and ride-hailing,Expenses:Transporte:Uber,17.95,BRL
1263,0,2026-04-22,*,,DL*UberRides           Sao Paulo     BR,,,pluggy-10ee7663-817f-497f-9cc0-1d674c7a3183,pluggy,987decad-afee-4c0e-950e-85c3006a4b2e,19010000,Taxi and ride-hailing,Liabilities:Credit:BB:Card:PlatinumVisa,-15.94,BRL
1263,1,2026-04-22,*,,DL*UberRides           Sao Paulo     BR,,,pluggy-10ee7663-817f-497f-9cc0-1d674c7a3183,pluggy,987decad-afee-4c0e-950e-85c3006a4b2e,19010000,Taxi and ride-hailing,Expenses:Transporte:Uber,15.94,BRL
1264,0,2026-04-23,*,,RENDIMENTOS DE CLIENTES AFHI11 S/            132,,,pluggy-27c82cfd-3c58-486f-ba74-f714a8831458,pluggy,e4d40b2d-f720-4570-8fb6-89c9a12e1e2f,03060000,Proceeds interests and dividends,Assets:Investment:XP:Cash,129.36,BRL
1264,1,2026-04-23,*,,RENDIMENTOS DE CLIENTES AFHI11 S/            132,,,pluggy-27c82cfd-3c58-486f-ba74-f714a8831458,pluggy,e4d40b2d-f720-4570-8fb6-89c9a12e1e2f,03060000,Proceeds interests and dividends,Income:Investment:XP:Rendimento,-129.36,BRL
1265,0,2026-04-23,*,,RENDIMENTOS DE CLIENTES AFHI11 S/            132,,,pluggy-d6e4a872-b8d8-4045-810b-89d23cc57803,pluggy,ffd6004e-1066-4c1c-9ece-826c45ffda7d,03060000,Proceeds interests and dividends,Assets:Investment:XP:Cash,129.36,BRL
1265,1,2026-04-23,*,,RENDIMENTOS DE CLIENTES AFHI11 S/            132,,,pluggy-d6e4a872-b8d8-4045-810b-89d23cc57803,pluggy,ffd6004e-1066-4c1c-9ece-826c45ffda7d,03060000,Proceeds interests and dividends,Income:Investment:XP:Rendimento,-129.36,BRL
1266,0,2026-04-24,*,,REAJ.MON. BC,,,pluggy-f6c59277-ff4c-42da-a86b-ca917c84c87a,pluggy,3d0492b4-0d84-49c0-9945-e3e9adc34d51,06010000,Blocked balances,Assets:Investment:BB:Savings,6.84,BRL
1266,1,2026-04-24,*,,REAJ.MON. BC,,,pluggy-f6c59277-ff4c-42da-a86b-ca917c84c87a,pluggy,3d0492b4-0d84-49c0-9945-e3e9adc34d51,06010000,Blocked balances,Income:Investment:Interest,-6.84,BRL
1267,0,2026-04-24,*,,JUROS,,,pluggy-541be5bb-0f08-4103-919d-cfd039f43d48,pluggy,3d0492b4-0d84-49c0-9945-e3e9adc34d51,02020000,Interests charged,Assets:Investment:BB:Savings,40.2,BRL
1267,1,2026-04-24,*,,JUROS,,,pluggy-541be5bb-0f08-4103-919d-cfd039f43d48,pluggy,3d0492b4-0d84-49c0-9945-e3e9adc34d51,02020000,Interests charged,Income:Investment:Interest,-40.2,BRL
1268,0,2026-04-24,*,,REAJ.MON. BC,,,pluggy-4e501fcd-8f46-4633-982b-7eedff25cd71,pluggy,3d0492b4-0d84-49c0-9945-e3e9adc34d51,06010000,Blocked balances,Assets:Investment:BB:Savings,13.69,BRL
1268,1,2026-04-24,*,,REAJ.MON. BC,,,pluggy-4e501fcd-8f46-4633-982b-7eedff25cd71,pluggy,3d0492b4-0d84-49c0-9945-e3e9adc34d51,06010000,Blocked balances,Income:Investment:Interest,-13.69,BRL
1269,0,2026-04-24,*,,JUROS,,,pluggy-0464cb65-c4a1-41d8-9910-71b22f86e2fb,pluggy,3d0492b4-0d84-49c0-9945-e3e9adc34d51,02020000,Interests charged,Assets:Investment:BB:Savings,20.3,BRL
1269,1,2026-04-24,*,,JUROS,,,pluggy-0464cb65-c4a1-41d8-9910-71b22f86e2fb,pluggy,3d0492b4-0d84-49c0-9945-e3e9adc34d51,02020000,Interests charged,Income:Investment:Interest,-20.3,BRL
1270,0,2026-04-24,*,,PROVENTOS       33.000.167/0001-01 PETROLEO BRASILEIRO,,,pluggy-c990d9c7-02d6-4b9e-86aa-819c18a6efd4,pluggy,25eb5f6d-2529-4377-8de5-e38160459cff,03060000,Proceeds interests and dividends,Assets:Investment:BB:Cash,5571.72,BRL
1270,1,2026-04-24,*,,PROVENTOS       33.000.167/0001-01 PETROLEO BRASILEIRO,,,pluggy-c990d9c7-02d6-4b9e-86aa-819c18a6efd4,pluggy,25eb5f6d-2529-4377-8de5-e38160459cff,03060000,Proceeds interests and dividends,Income:Salario,-5571.72,BRL
1271,0,2026-04-24,*,,ANUIDADE DIFERENCIADA ADC-PARC 06/12 BR,,,pluggy-32ebad54-979d-4361-9ac8-ab52d43a5d00,pluggy,987decad-afee-4c0e-950e-85c3006a4b2e,16030000,Credit card fees,Liabilities:Credit:BB:Card:PlatinumVisa,-22.75,BRL
1271,1,2026-04-24,*,,ANUIDADE DIFERENCIADA ADC-PARC 06/12 BR,,,pluggy-32ebad54-979d-4361-9ac8-ab52d43a5d00,pluggy,987decad-afee-4c0e-950e-85c3006a4b2e,16030000,Credit card fees,Expenses:Taxas:Banco,22.75,BRL
1272,0,2026-04-25,*,,PLANEJADA,,,pluggy-36c7a23e-4fad-48a7-89c9-7814c3739a82,pluggy,3d0492b4-0d84-49c0-9945-e3e9adc34d51,03000000,Investments,Assets:Investment:BB:Savings,2000,BRL
1272,1,2026-04-25,*,,PLANEJADA,,,pluggy-36c7a23e-4fad-48a7-89c9-7814c3739a82,pluggy,3d0492b4-0d84-49c0-9945-e3e9adc34d51,03000000,Investments,Assets:Investment:BB:Cash,-2000,BRL
1273,0,2026-04-25,*,,PLANEJADA,,,pluggy-e3e07978-0f12-46fd-8591-1c25e3253294,pluggy,3d0492b4-0d84-49c0-9945-e3e9adc34d51,03000000,Investments,Assets:Investment:BB:Savings,2000,BRL
1273,1,2026-04-25,*,,PLANEJADA,,,pluggy-e3e07978-0f12-46fd-8591-1c25e3253294,pluggy,3d0492b4-0d84-49c0-9945-e3e9adc34d51,03000000,Investments,Assets:Investment:BB:Cash,-2000,BRL
1274,0,2026-04-25,*,,PIX - ENVIADO   25/04 10:17 ANA CAROLINA DE ABREU ESC,,,pluggy-df1f8806-ccd9-470b-9e6c-e4d150402670,pluggy,25eb5f6d-2529-4377-8de5-e38160459cff,05070000,Transfer - PIX,Assets:Investment:BB:Cash,-2000,BRL
1274,1,2026-04-25,*,,PIX - ENVIADO   25/04 10:17 ANA CAROLINA DE ABREU ESC,,,pluggy-df1f8806-ccd9-470b-9e6c-e4d150402670,pluggy,25eb5f6d-2529-4377-8de5-e38160459cff,05070000,Transfer - PIX,Expenses:Geral:Caol,2000,BRL
1275,0,2026-04-25,*,,TRANSF ENVIADA  15/11 GABRIEL BARROS RODRIGUES,,,pluggy-846ef1aa-cc70-4fea-bc25-0cfc917f63d2,pluggy,25eb5f6d-2529-4377-8de5-e38160459cff,04000000,Same person transfer,Assets:Investment:BB:Cash,-2000,BRL
1275,1,2026-04-25,*,,TRANSF ENVIADA  15/11 GABRIEL BARROS RODRIGUES,,,pluggy-846ef1aa-cc70-4fea-bc25-0cfc917f63d2,pluggy,25eb5f6d-2529-4377-8de5-e38160459cff,04000000,Same person transfer,Assets:Investment:BB:Savings,2000,BRL
1276,0,2026-04-25,*,,TRANSF ENVIADA  15/11 GABRIEL BARROS RODRIGUES,,,pluggy-40350a1c-2f58-4c68-b330-599ca7158b7d,pluggy,25eb5f6d-2529-4377-8de5-e38160459cff,04000000,Same person transfer,Assets:Investment:BB:Cash,-2000,BRL
1276,1,2026-04-25,*,,TRANSF ENVIADA  15/11 GABRIEL BARROS RODRIGUES,,,pluggy-40350a1c-2f58-4c68-b330-599ca7158b7d,pluggy,25eb5f6d-2529-4377-8de5-e38160459cff,04000000,Same person transfer,Assets:Investment:BB:Savings,2000,BRL
1277,0,2026-04-25,*,,LECADO LARGO*Leca      RIO DE JANEIR BR,,,pluggy-32f46070-8839-4467-aa50-718a94e1873b,pluggy,987decad-afee-4c0e-950e-85c3006a4b2e,11010000,Eating out,Liabilities:Credit:BB:Card:PlatinumVisa,-161.9,BRL
1277,1,2026-04-25,*,,LECADO LARGO*Leca      RIO DE JANEIR BR,,,pluggy-32f46070-8839-4467-aa50-718a94e1873b,pluggy,987decad-afee-4c0e-950e-85c3006a4b2e,11010000,Eating out,Expenses:Alimentação:Restaurante,161.9,BRL
1278,0,2026-04-29,*,,DL          *UberRides Sao Paulo     BR,,,pluggy-5460bba3-babe-4568-a7c9-c5276e1c2b95,pluggy,987decad-afee-4c0e-950e-85c3006a4b2e,19010000,Taxi and ride-hailing,Liabilities:Credit:BB:Card:PlatinumVisa,-19.94,BRL
1278,1,2026-04-29,*,,DL          *UberRides Sao Paulo     BR,,,pluggy-5460bba3-babe-4568-a7c9-c5276e1c2b95,pluggy,987decad-afee-4c0e-950e-85c3006a4b2e,19010000,Taxi and ride-hailing,Expenses:Transporte:Uber,19.94,BRL
1279,0,2026-04-29,*,,DL          *UberRides Sao Paulo     BR,,,pluggy-7763621f-b542-4ad6-8aca-4ab311f08086,pluggy,987decad-afee-4c0e-950e-85c3006a4b2e,19010000,Taxi and ride-hailing,Liabilities:Credit:BB:Card:PlatinumVisa,-19.96,BRL
1279,1,2026-04-29,*,,DL          *UberRides Sao Paulo     BR,,,pluggy-7763621f-b542-4ad6-8aca-4ab311f08086,pluggy,987decad-afee-4c0e-950e-85c3006a4b2e,19010000,Taxi and ride-hailing,Expenses:Transporte:Uber,19.96,BRL
1280,0,2026-04-30,*,,PROVENTOS       33.000.167/0001-01 PETROLEO BRASILEIRO,,,pluggy-40f3d9a9-3efd-4daf-bf69-4ee8931be770,pluggy,25eb5f6d-2529-4377-8de5-e38160459cff,03060000,Proceeds interests and dividends,Assets:Investment:BB:Cash,18536.25,BRL
1280,1,2026-04-30,*,,PROVENTOS       33.000.167/0001-01 PETROLEO BRASILEIRO,,,pluggy-40f3d9a9-3efd-4daf-bf69-4ee8931be770,pluggy,25eb5f6d-2529-4377-8de5-e38160459cff,03060000,Proceeds interests and dividends,Income:Salario,-18536.25,BRL
1281,0,2026-05-03,*,,DL GOOGLE Crunch       1123958400    BR,,,pluggy-d237d73c-51c3-4bc0-be23-5ba9fb46a4bd,pluggy,75f30132-31a8-4b54-9be0-648009b118db,09000000,Digital services,Liabilities:Credit:BB:Card:EloGrafite,-24.9,BRL
1281,1,2026-05-03,*,,DL GOOGLE Crunch       1123958400    BR,,,pluggy-d237d73c-51c3-4bc0-be23-5ba9fb46a4bd,pluggy,75f30132-31a8-4b54-9be0-648009b118db,09000000,Digital services,Expenses:Lazer:Streaming,24.9,BRL
1282,0,2026-05-03,*,,HNA*OBOTICARIO         REGISTRO      BR,,,pluggy-158c13a2-56e2-414f-9251-32b6b3a16e39,pluggy,987decad-afee-4c0e-950e-85c3006a4b2e,08000000,Shopping,Liabilities:Credit:BB:Card:PlatinumVisa,-183.22,BRL
1282,1,2026-05-03,*,,HNA*OBOTICARIO         REGISTRO      BR,,,pluggy-158c13a2-56e2-414f-9251-32b6b3a16e39,pluggy,987decad-afee-4c0e-950e-85c3006a4b2e,08000000,Shopping,Expenses:Pessoal:Compras,183.22,BRL
1283,0,2026-05-04,*,,JUROS S/ CAPITAL DE CLIENTES ITUB3 S/            526,,,pluggy-fa6d134a-0a2d-41b9-b5a2-fc3c248707de,pluggy,e4d40b2d-f720-4570-8fb6-89c9a12e1e2f,02020000,Interests charged,Assets:Investment:XP:Cash,7.89,BRL
1283,1,2026-05-04,*,,JUROS S/ CAPITAL DE CLIENTES ITUB3 S/            526,,,pluggy-fa6d134a-0a2d-41b9-b5a2-fc3c248707de,pluggy,e4d40b2d-f720-4570-8fb6-89c9a12e1e2f,02020000,Interests charged,Income:Investment:XP:JCP,-7.89,BRL
1284,0,2026-05-04,*,,JUROS S/ CAPITAL DE CLIENTES ITUB3 S/            526,,,pluggy-7ecb9b76-1c99-4ff6-8240-e2f484e6c1c1,pluggy,ffd6004e-1066-4c1c-9ece-826c45ffda7d,02020000,Interests charged,Assets:Investment:XP:Cash,7.89,BRL
1284,1,2026-05-04,*,,JUROS S/ CAPITAL DE CLIENTES ITUB3 S/            526,,,pluggy-7ecb9b76-1c99-4ff6-8240-e2f484e6c1c1,pluggy,ffd6004e-1066-4c1c-9ece-826c45ffda7d,02020000,Interests charged,Income:Investment:XP:JCP,-7.89,BRL
1285,0,2026-05-05,*,,DIVIDENDOS DE CLIENTES FLRY3 S/            830,,,pluggy-fbd4a787-94ff-4aef-b633-07f9910dfc92,pluggy,e4d40b2d-f720-4570-8fb6-89c9a12e1e2f,03060000,Proceeds interests and dividends,Assets:Investment:XP:Cash,335.03,BRL
1285,1,2026-05-05,*,,DIVIDENDOS DE CLIENTES FLRY3 S/            830,,,pluggy-fbd4a787-94ff-4aef-b633-07f9910dfc92,pluggy,e4d40b2d-f720-4570-8fb6-89c9a12e1e2f,03060000,Proceeds interests and dividends,Income:Investment:XP:Dividend,-335.03,BRL
1286,0,2026-05-05,*,,DIVIDENDOS DE CLIENTES FLRY3 S/            830,,,pluggy-e94ca42a-ccc4-47fb-bff1-5dc80e38f81b,pluggy,ffd6004e-1066-4c1c-9ece-826c45ffda7d,03060000,Proceeds interests and dividends,Assets:Investment:XP:Cash,335.03,BRL
1286,1,2026-05-05,*,,DIVIDENDOS DE CLIENTES FLRY3 S/            830,,,pluggy-e94ca42a-ccc4-47fb-bff1-5dc80e38f81b,pluggy,ffd6004e-1066-4c1c-9ece-826c45ffda7d,03060000,Proceeds interests and dividends,Income:Investment:XP:Dividend,-335.03,BRL
1287,0,2026-05-07,*,,IFD iFood              Osasco        BR,,,pluggy-f632d148-20b8-4245-85a2-7ed0be8497b6,pluggy,75f30132-31a8-4b54-9be0-648009b118db,11020000,Food delivery,Liabilities:Credit:BB:Card:EloGrafite,-7.95,BRL
1287,1,2026-05-07,*,,IFD iFood              Osasco        BR,,,pluggy-f632d148-20b8-4245-85a2-7ed0be8497b6,pluggy,75f30132-31a8-4b54-9be0-648009b118db,11020000,Food delivery,Expenses:Alimentação:Delivery,7.95,BRL
1288,0,2026-05-07,*,,DL*UberRides           Sao Paulo     BR,,,pluggy-f6c363c3-2f25-4950-a0ab-08a25c9df18b,pluggy,987decad-afee-4c0e-950e-85c3006a4b2e,19010000,Taxi and ride-hailing,Liabilities:Credit:BB:Card:PlatinumVisa,-18.9,BRL
1288,1,2026-05-07,*,,DL*UberRides           Sao Paulo     BR,,,pluggy-f6c363c3-2f25-4950-a0ab-08a25c9df18b,pluggy,987decad-afee-4c0e-950e-85c3006a4b2e,19010000,Taxi and ride-hailing,Expenses:Transporte:Uber,18.9,BRL
1289,0,2026-05-08,*,,RENDIMENTOS DE CLIENTES LVBI11 S/            113,,,pluggy-156a1779-c772-494a-aa66-79d9b0412eb9,pluggy,e4d40b2d-f720-4570-8fb6-89c9a12e1e2f,03060000,Proceeds interests and dividends,Assets:Investment:XP:Cash,84.75,BRL
1289,1,2026-05-08,*,,RENDIMENTOS DE CLIENTES LVBI11 S/            113,,,pluggy-156a1779-c772-494a-aa66-79d9b0412eb9,pluggy,e4d40b2d-f720-4570-8fb6-89c9a12e1e2f,03060000,Proceeds interests and dividends,Income:Investment:XP:Rendimento,-84.75,BRL
1290,0,2026-05-08,*,,DIVIDENDOS DE CLIENTES MGLU3 S/            115,,,pluggy-13657d5a-9c93-4b6d-a947-c59a959f5d24,pluggy,e4d40b2d-f720-4570-8fb6-89c9a12e1e2f,03060000,Proceeds interests and dividends,Assets:Investment:XP:Cash,9.34,BRL
1290,1,2026-05-08,*,,DIVIDENDOS DE CLIENTES MGLU3 S/            115,,,pluggy-13657d5a-9c93-4b6d-a947-c59a959f5d24,pluggy,e4d40b2d-f720-4570-8fb6-89c9a12e1e2f,03060000,Proceeds interests and dividends,Income:Investment:XP:Dividend,-9.34,BRL
1291,0,2026-05-08,*,,RENDIMENTOS DE CLIENTES LVBI11 S/            113,,,pluggy-36590635-5530-420b-af12-2bb8d1382903,pluggy,ffd6004e-1066-4c1c-9ece-826c45ffda7d,03060000,Proceeds interests and dividends,Assets:Investment:XP:Cash,84.75,BRL
1291,1,2026-05-08,*,,RENDIMENTOS DE CLIENTES LVBI11 S/            113,,,pluggy-36590635-5530-420b-af12-2bb8d1382903,pluggy,ffd6004e-1066-4c1c-9ece-826c45ffda7d,03060000,Proceeds interests and dividends,Income:Investment:XP:Rendimento,-84.75,BRL
1292,0,2026-05-08,*,,DIVIDENDOS DE CLIENTES MGLU3 S/            115,,,pluggy-11cdb2d7-39a0-4120-80a9-8bb0bc85ae31,pluggy,ffd6004e-1066-4c1c-9ece-826c45ffda7d,03060000,Proceeds interests and dividends,Assets:Investment:XP:Cash,9.34,BRL
1292,1,2026-05-08,*,,DIVIDENDOS DE CLIENTES MGLU3 S/            115,,,pluggy-11cdb2d7-39a0-4120-80a9-8bb0bc85ae31,pluggy,ffd6004e-1066-4c1c-9ece-826c45ffda7d,03060000,Proceeds interests and dividends,Income:Investment:XP:Dividend,-9.34,BRL
1293,0,2026-05-08,*,,JUROS,,,pluggy-382d8cea-c73d-430a-9e1e-b93ac27de062,pluggy,3d0492b4-0d84-49c0-9945-e3e9adc34d51,02020000,Interests charged,Assets:Investment:BB:Savings,30.24,BRL
1293,1,2026-05-08,*,,JUROS,,,pluggy-382d8cea-c73d-430a-9e1e-b93ac27de062,pluggy,3d0492b4-0d84-49c0-9945-e3e9adc34d51,02020000,Interests charged,Income:Investment:Interest,-30.24,BRL
1294,0,2026-05-08,*,,REAJ.MON. BC,,,pluggy-161b235a-5832-4b10-989b-28679a06b96b,pluggy,3d0492b4-0d84-49c0-9945-e3e9adc34d51,06010000,Blocked balances,Assets:Investment:BB:Savings,7.85,BRL
1294,1,2026-05-08,*,,REAJ.MON. BC,,,pluggy-161b235a-5832-4b10-989b-28679a06b96b,pluggy,3d0492b4-0d84-49c0-9945-e3e9adc34d51,06010000,Blocked balances,Income:Investment:Interest,-7.85,BRL
1295,0,2026-05-08,*,,PIX - ENVIADO   08/05 02:10 ANA CAROLINA DE ABREU ESC,,,pluggy-18880fee-8f2e-4372-af81-e54a720a90b8,pluggy,25eb5f6d-2529-4377-8de5-e38160459cff,05070000,Transfer - PIX,Assets:Investment:BB:Cash,-980,BRL
1295,1,2026-05-08,*,,PIX - ENVIADO   08/05 02:10 ANA CAROLINA DE ABREU ESC,,,pluggy-18880fee-8f2e-4372-af81-e54a720a90b8,pluggy,25eb5f6d-2529-4377-8de5-e38160459cff,05070000,Transfer - PIX,Expenses:Geral:Caol,980,BRL
1296,0,2026-05-08,*,,GRG*CLINICAVETERINARIA BELO HORIZONT BR,,,pluggy-6b3de6aa-0782-4872-88e0-ad319cfc9bd5,pluggy,987decad-afee-4c0e-950e-85c3006a4b2e,18040000,Hospital clinics and labs,Liabilities:Credit:BB:Card:PlatinumVisa,-145,BRL
1296,1,2026-05-08,*,,GRG*CLINICAVETERINARIA BELO HORIZONT BR,,,pluggy-6b3de6aa-0782-4872-88e0-ad319cfc9bd5,pluggy,987decad-afee-4c0e-950e-85c3006a4b2e,18040000,Hospital clinics and labs,Expenses:Pet:Veterinario,145,BRL
1297,0,2026-05-09,*,,PLANEJADA,,,pluggy-0447f95d-fcb7-4045-9d3a-f0cc1fc97e24,pluggy,3d0492b4-0d84-49c0-9945-e3e9adc34d51,03000000,Investments,Assets:Investment:BB:Savings,2000,BRL
1297,1,2026-05-09,*,,PLANEJADA,,,pluggy-0447f95d-fcb7-4045-9d3a-f0cc1fc97e24,pluggy,3d0492b4-0d84-49c0-9945-e3e9adc34d51,03000000,Investments,Assets:Investment:BB:Cash,-2000,BRL
1298,0,2026-05-09,*,,TRANSF ENVIADA  15/11 GABRIEL BARROS RODRIGUES,,,pluggy-7fb5b55e-4ab8-4877-845f-63d1e182bca6,pluggy,25eb5f6d-2529-4377-8de5-e38160459cff,04000000,Same person transfer,Assets:Investment:BB:Cash,-2000,BRL
1298,1,2026-05-09,*,,TRANSF ENVIADA  15/11 GABRIEL BARROS RODRIGUES,,,pluggy-7fb5b55e-4ab8-4877-845f-63d1e182bca6,pluggy,25eb5f6d-2529-4377-8de5-e38160459cff,04000000,Same person transfer,Assets:Investment:BB:Savings,2000,BRL
1299,0,2026-05-09,*,,PROVENTOS       33.000.167/0001-01 PETROLEO BRASILEIRO,,,pluggy-a922fad7-6142-46af-83cc-3335d58b2fff,pluggy,25eb5f6d-2529-4377-8de5-e38160459cff,03060000,Proceeds interests and dividends,Assets:Investment:BB:Cash,4589.53,BRL
1299,1,2026-05-09,*,,PROVENTOS       33.000.167/0001-01 PETROLEO BRASILEIRO,,,pluggy-a922fad7-6142-46af-83cc-3335d58b2fff,pluggy,25eb5f6d-2529-4377-8de5-e38160459cff,03060000,Proceeds interests and dividends,Income:Salario,-4589.53,BRL
1300,0,2026-05-09,*,,Wellhub Gabriel Barros Sao Paulo     BR,,,pluggy-3c554662-a029-4c11-bd32-862f90c870a4,pluggy,987decad-afee-4c0e-950e-85c3006a4b2e,09000000,Digital services,Liabilities:Credit:BB:Card:PlatinumVisa,-109.9,BRL
1300,1,2026-05-09,*,,Wellhub Gabriel Barros Sao Paulo     BR,,,pluggy-3c554662-a029-4c11-bd32-862f90c870a4,pluggy,987decad-afee-4c0e-950e-85c3006a4b2e,09000000,Digital services,Expenses:Saude:Academia,109.9,BRL
1301,0,2026-05-10,*,,PIX - ENVIADO   10/05 04:06 TIM S A,,,pluggy-a2759abb-dc4d-42ce-83cd-96775265d328,pluggy,25eb5f6d-2529-4377-8de5-e38160459cff,07010000,Telecommunications,Assets:Investment:BB:Cash,-123.63,BRL
1301,1,2026-05-10,*,,PIX - ENVIADO   10/05 04:06 TIM S A,,,pluggy-a2759abb-dc4d-42ce-83cd-96775265d328,pluggy,25eb5f6d-2529-4377-8de5-e38160459cff,07010000,Telecommunications,Expenses:Comunicacao:Telefone,123.63,BRL
1302,0,2026-05-11,*,,PGTO DEBITO CONTA 3836 000000008  200211,,,pluggy-5e2911d6-026a-4c70-a9f5-fc892f1bc373,pluggy,75f30132-31a8-4b54-9be0-648009b118db,05060000,Transfer - Internal,Liabilities:Credit:BB:Card:EloGrafite,32.85,BRL
1302,1,2026-05-11,*,,PGTO DEBITO CONTA 3836 000000008  200211,,,pluggy-5e2911d6-026a-4c70-a9f5-fc892f1bc373,pluggy,75f30132-31a8-4b54-9be0-648009b118db,05060000,Transfer - Internal,Assets:Investment:BB:Cash,-32.85,BRL
1303,0,2026-05-11,*,,PGTO DEBITO CONTA 3836 000009800  200211,,,pluggy-cd6aea3d-6acb-4067-89ce-f1702fa3b0cf,pluggy,987decad-afee-4c0e-950e-85c3006a4b2e,05060000,Transfer - Internal,Liabilities:Credit:BB:Card:PlatinumVisa,2073.57,BRL
1303,1,2026-05-11,*,,PGTO DEBITO CONTA 3836 000009800  200211,,,pluggy-cd6aea3d-6acb-4067-89ce-f1702fa3b0cf,pluggy,987decad-afee-4c0e-950e-85c3006a4b2e,05060000,Transfer - Internal,Assets:Investment:BB:Cash,-2073.57,BRL
1304,0,2026-05-12,*,,PGTO CARTAO     PLATINUM ESTILO VISA,,,pluggy-572b5dcb-5291-45d3-89d7-b9fbff686a0f,pluggy,25eb5f6d-2529-4377-8de5-e38160459cff,05100000,Credit card payment,Assets:Investment:BB:Cash,-2073.57,BRL
1304,1,2026-05-12,*,,PGTO CARTAO     PLATINUM ESTILO VISA,,,pluggy-572b5dcb-5291-45d3-89d7-b9fbff686a0f,pluggy,25eb5f6d-2529-4377-8de5-e38160459cff,05100000,Credit card payment,Liabilities:Credit:BB:Card:PlatinumVisa,2073.57,BRL
1305,0,2026-05-12,*,,PGTO CARTAO     ELO GRAFITE ESTILO,,,pluggy-06e8cf1c-1174-4387-9389-9706660350b8,pluggy,25eb5f6d-2529-4377-8de5-e38160459cff,05100000,Credit card payment,Assets:Investment:BB:Cash,-32.85,BRL
1305,1,2026-05-12,*,,PGTO CARTAO     ELO GRAFITE ESTILO,,,pluggy-06e8cf1c-1174-4387-9389-9706660350b8,pluggy,25eb5f6d-2529-4377-8de5-e38160459cff,05100000,Credit card payment,Liabilities:Credit:BB:Card:EloGrafite,32.85,BRL
1306,0,2026-05-12,*,,Google One             SAO PAULO     BR,,,pluggy-d7c1a567-e157-4b0b-aa86-4abd91a4d389,pluggy,987decad-afee-4c0e-950e-85c3006a4b2e,09000000,Digital services,Liabilities:Credit:BB:Card:PlatinumVisa,-4.5,BRL
1306,1,2026-05-12,*,,Google One             SAO PAULO     BR,,,pluggy-d7c1a567-e157-4b0b-aa86-4abd91a4d389,pluggy,987decad-afee-4c0e-950e-85c3006a4b2e,09000000,Digital services,Expenses:Mensalidades:Outras,4.5,BRL
1307,0,2026-05-13,*,,PETZ DIGITAL           EMBU          BR,,,pluggy-e57c685c-a323-4890-a143-e62bec0f7948,pluggy,987decad-afee-4c0e-950e-85c3006a4b2e,08030000,Pet supplies and vet,Liabilities:Credit:BB:Card:PlatinumVisa,-226.8,BRL
1307,1,2026-05-13,*,,PETZ DIGITAL           EMBU          BR,,,pluggy-e57c685c-a323-4890-a143-e62bec0f7948,pluggy,987decad-afee-4c0e-950e-85c3006a4b2e,08030000,Pet supplies and vet,Expenses:Pet:Petshop,226.8,BRL
1308,0,2026-05-14,*,,DROGARIA VENANCIO      RIO DE JANEIR BR,,,pluggy-9f107d28-26b0-47bf-b611-2f35b8015f9c,pluggy,987decad-afee-4c0e-950e-85c3006a4b2e,18020000,Pharmacy,Liabilities:Credit:BB:Card:PlatinumVisa,-48.89,BRL
1308,1,2026-05-14,*,,DROGARIA VENANCIO      RIO DE JANEIR BR,,,pluggy-9f107d28-26b0-47bf-b611-2f35b8015f9c,pluggy,987decad-afee-4c0e-950e-85c3006a4b2e,18020000,Pharmacy,Expenses:Saude:Farmacia,48.89,BRL
1309,0,2026-05-14,*,,DL          *UberRides Sao Paulo     BR,,,pluggy-8f0386f6-4c04-4854-bca7-8dbc22fb1507,pluggy,987decad-afee-4c0e-950e-85c3006a4b2e,19010000,Taxi and ride-hailing,Liabilities:Credit:BB:Card:PlatinumVisa,-33.97,BRL
1309,1,2026-05-14,*,,DL          *UberRides Sao Paulo     BR,,,pluggy-8f0386f6-4c04-4854-bca7-8dbc22fb1507,pluggy,987decad-afee-4c0e-950e-85c3006a4b2e,19010000,Taxi and ride-hailing,Expenses:Transporte:Uber,33.97,BRL
1310,0,2026-05-14,*,,DL*UberRides           Sao Paulo     BR,,,pluggy-e0e42cdd-8ee8-4ce2-b1c0-2220ae2532ed,pluggy,987decad-afee-4c0e-950e-85c3006a4b2e,19010000,Taxi and ride-hailing,Liabilities:Credit:BB:Card:PlatinumVisa,-21.97,BRL
1310,1,2026-05-14,*,,DL*UberRides           Sao Paulo     BR,,,pluggy-e0e42cdd-8ee8-4ce2-b1c0-2220ae2532ed,pluggy,987decad-afee-4c0e-950e-85c3006a4b2e,19010000,Taxi and ride-hailing,Expenses:Transporte:Uber,21.97,BRL
1311,0,2026-05-15,*,,CREDITO EVENTOS RENDA FIXA - TPF NTN-B,,,pluggy-a6cc4fd1-65b6-481e-b074-2f5a9dc7767d,pluggy,0cdf88ca-4715-44e5-bec6-ba37a59b2ede,,,Assets:Investment:Inter:Cash,118.22,BRL
1311,1,2026-05-15,*,,CREDITO EVENTOS RENDA FIXA - TPF NTN-B,,,pluggy-a6cc4fd1-65b6-481e-b074-2f5a9dc7767d,pluggy,0cdf88ca-4715-44e5-bec6-ba37a59b2ede,,,Income:TODO,-118.22,BRL
1312,0,2026-05-15,*,,CREDITO EVENTOS RENDA FIXA - TPF NTN-B,,,pluggy-53529406-0e01-47ff-bb56-973e20a8022a,pluggy,0cdf88ca-4715-44e5-bec6-ba37a59b2ede,,,Assets:Investment:Inter:Cash,343.82,BRL
1312,1,2026-05-15,*,,CREDITO EVENTOS RENDA FIXA - TPF NTN-B,,,pluggy-53529406-0e01-47ff-bb56-973e20a8022a,pluggy,0cdf88ca-4715-44e5-bec6-ba37a59b2ede,,,Income:TODO,-343.82,BRL
1313,0,2026-05-15,*,,RENDIMENTOS DE CLIENTES HGRU11 S/            129,,,pluggy-aa334350-bb5e-4e22-9559-52f77d05bebd,pluggy,e4d40b2d-f720-4570-8fb6-89c9a12e1e2f,03060000,Proceeds interests and dividends,Assets:Investment:XP:Cash,122.55,BRL
1313,1,2026-05-15,*,,RENDIMENTOS DE CLIENTES HGRU11 S/            129,,,pluggy-aa334350-bb5e-4e22-9559-52f77d05bebd,pluggy,e4d40b2d-f720-4570-8fb6-89c9a12e1e2f,03060000,Proceeds interests and dividends,Income:Investment:XP:Rendimento,-122.55,BRL
1314,0,2026-05-15,*,,"DIVIDENDOS DE CLIENTES CXSE3 S/          1,000",,,pluggy-a59478d2-37f4-444c-bb87-a98ab203b392,pluggy,e4d40b2d-f720-4570-8fb6-89c9a12e1e2f,03060000,Proceeds interests and dividends,Assets:Investment:XP:Cash,330,BRL
1314,1,2026-05-15,*,,"DIVIDENDOS DE CLIENTES CXSE3 S/          1,000",,,pluggy-a59478d2-37f4-444c-bb87-a98ab203b392,pluggy,e4d40b2d-f720-4570-8fb6-89c9a12e1e2f,03060000,Proceeds interests and dividends,Income:Investment:XP:Dividend,-330,BRL
1315,0,2026-05-15,*,,RENDIMENTOS DE CLIENTES HGLG11 S/             99,,,pluggy-f23fc4c8-a932-4120-bd20-774761d662df,pluggy,ffd6004e-1066-4c1c-9ece-826c45ffda7d,19010000,Taxi and ride-hailing,Assets:Investment:XP:Cash,108.9,BRL
1315,1,2026-05-15,*,,RENDIMENTOS DE CLIENTES HGLG11 S/             99,,,pluggy-f23fc4c8-a932-4120-bd20-774761d662df,pluggy,ffd6004e-1066-4c1c-9ece-826c45ffda7d,19010000,Taxi and ride-hailing,Income:Investment:XP:Rendimento,-108.9,BRL
1316,0,2026-05-15,*,,RENDIMENTOS DE CLIENTES PMLL11 S/            153,,,pluggy-33841294-bcb1-4445-bf10-49f8dd5194bc,pluggy,e4d40b2d-f720-4570-8fb6-89c9a12e1e2f,03060000,Proceeds interests and dividends,Assets:Investment:XP:Cash,153,BRL
1316,1,2026-05-15,*,,RENDIMENTOS DE CLIENTES PMLL11 S/            153,,,pluggy-33841294-bcb1-4445-bf10-49f8dd5194bc,pluggy,e4d40b2d-f720-4570-8fb6-89c9a12e1e2f,03060000,Proceeds interests and dividends,Income:Investment:XP:Rendimento,-153,BRL
1317,0,2026-05-15,*,,"DIVIDENDOS DE CLIENTES CXSE3 S/          1,000",,,pluggy-e49d10db-b84b-430f-8e38-a6595eaaf53a,pluggy,ffd6004e-1066-4c1c-9ece-826c45ffda7d,03060000,Proceeds interests and dividends,Assets:Investment:XP:Cash,330,BRL
1317,1,2026-05-15,*,,"DIVIDENDOS DE CLIENTES CXSE3 S/          1,000",,,pluggy-e49d10db-b84b-430f-8e38-a6595eaaf53a,pluggy,ffd6004e-1066-4c1c-9ece-826c45ffda7d,03060000,Proceeds interests and dividends,Income:Investment:XP:Dividend,-330,BRL
1318,0,2026-05-15,*,,RENDIMENTOS DE CLIENTES HGLG11 S/             99,,,pluggy-105ab3a0-9a54-43a1-b624-c328d298ec66,pluggy,e4d40b2d-f720-4570-8fb6-89c9a12e1e2f,19010000,Taxi and ride-hailing,Assets:Investment:XP:Cash,108.9,BRL
1318,1,2026-05-15,*,,RENDIMENTOS DE CLIENTES HGLG11 S/             99,,,pluggy-105ab3a0-9a54-43a1-b624-c328d298ec66,pluggy,e4d40b2d-f720-4570-8fb6-89c9a12e1e2f,19010000,Taxi and ride-hailing,Income:Investment:XP:Rendimento,-108.9,BRL
1319,0,2026-05-15,*,,RENDIMENTOS DE CLIENTES PMLL11 S/            153,,,pluggy-8173c606-d61b-4382-924b-f741f3b29f34,pluggy,ffd6004e-1066-4c1c-9ece-826c45ffda7d,03060000,Proceeds interests and dividends,Assets:Investment:XP:Cash,153,BRL
1319,1,2026-05-15,*,,RENDIMENTOS DE CLIENTES PMLL11 S/            153,,,pluggy-8173c606-d61b-4382-924b-f741f3b29f34,pluggy,ffd6004e-1066-4c1c-9ece-826c45ffda7d,03060000,Proceeds interests and dividends,Income:Investment:XP:Rendimento,-153,BRL
1320,0,2026-05-15,*,,RENDIMENTOS DE CLIENTES HGRU11 S/            129,,,pluggy-722ef087-4972-4b2f-902e-693afa81caf2,pluggy,ffd6004e-1066-4c1c-9ece-826c45ffda7d,03060000,Proceeds interests and dividends,Assets:Investment:XP:Cash,122.55,BRL
1320,1,2026-05-15,*,,RENDIMENTOS DE CLIENTES HGRU11 S/            129,,,pluggy-722ef087-4972-4b2f-902e-693afa81caf2,pluggy,ffd6004e-1066-4c1c-9ece-826c45ffda7d,03060000,Proceeds interests and dividends,Income:Investment:XP:Rendimento,-122.55,BRL
1321,0,2026-05-15,*,,SUPERM PRINCESA LJ 165 RIO DE JANEIR BR,,,pluggy-3dad65fc-1865-4394-ac18-a7809a81f8d7,pluggy,987decad-afee-4c0e-950e-85c3006a4b2e,10000000,Groceries,Liabilities:Credit:BB:Card:PlatinumVisa,-64.37,BRL
1321,1,2026-05-15,*,,SUPERM PRINCESA LJ 165 RIO DE JANEIR BR,,,pluggy-3dad65fc-1865-4394-ac18-a7809a81f8d7,pluggy,987decad-afee-4c0e-950e-85c3006a4b2e,10000000,Groceries,Expenses:Alimentação:Mercado,64.37,BRL
1322,0,2026-05-15,*,,DOUTOR SILVESTRE       RIO DE JANEIR BR,,,pluggy-0195d5dd-d23d-43a4-8624-93ebcdc7a6d5,pluggy,987decad-afee-4c0e-950e-85c3006a4b2e,05000000,Transfers,Liabilities:Credit:BB:Card:PlatinumVisa,-80,BRL
1322,1,2026-05-15,*,,DOUTOR SILVESTRE       RIO DE JANEIR BR,,,pluggy-0195d5dd-d23d-43a4-8624-93ebcdc7a6d5,pluggy,987decad-afee-4c0e-950e-85c3006a4b2e,05000000,Transfers,Expenses:Pet:Veterinario,80,BRL
1323,0,2026-05-16,*,,CINEMARK BRASIL S A EC SAO PAULO     BR,,,pluggy-7a20c401-a920-4c3a-a505-7bbea9030eb0,pluggy,75f30132-31a8-4b54-9be0-648009b118db,07040003,"Cinema, theater and concerts",Liabilities:Credit:BB:Card:EloGrafite,-89.23,BRL
1323,1,2026-05-16,*,,CINEMARK BRASIL S A EC SAO PAULO     BR,,,pluggy-7a20c401-a920-4c3a-a505-7bbea9030eb0,pluggy,75f30132-31a8-4b54-9be0-648009b118db,07040003,"Cinema, theater and concerts",Expenses:Lazer:Cinema,89.23,BRL
1324,0,2026-05-16,*,,DL          *UberRides Sao Paulo     BR,,,pluggy-3d2800a7-e348-4a80-bdcc-afd7f9b8d171,pluggy,987decad-afee-4c0e-950e-85c3006a4b2e,19010000,Taxi and ride-hailing,Liabilities:Credit:BB:Card:PlatinumVisa,-12.94,BRL
1324,1,2026-05-16,*,,DL          *UberRides Sao Paulo     BR,,,pluggy-3d2800a7-e348-4a80-bdcc-afd7f9b8d171,pluggy,987decad-afee-4c0e-950e-85c3006a4b2e,19010000,Taxi and ride-hailing,Expenses:Transporte:Uber,12.94,BRL
1325,0,2026-05-16,*,,DL*UberRides           Sao Paulo     BR,,,pluggy-aea2447e-d2e2-4142-8362-7228932d936d,pluggy,987decad-afee-4c0e-950e-85c3006a4b2e,19010000,Taxi and ride-hailing,Liabilities:Credit:BB:Card:PlatinumVisa,-10.96,BRL
1325,1,2026-05-16,*,,DL*UberRides           Sao Paulo     BR,,,pluggy-aea2447e-d2e2-4142-8362-7228932d936d,pluggy,987decad-afee-4c0e-950e-85c3006a4b2e,19010000,Taxi and ride-hailing,Expenses:Transporte:Uber,10.96,BRL
1326,0,2026-05-17,*,,Google One             SAO PAULO     BR,,,pluggy-94a4eb3a-4013-4c71-8b3d-7516464879ae,pluggy,987decad-afee-4c0e-950e-85c3006a4b2e,07010001,Internet,Liabilities:Credit:BB:Card:PlatinumVisa,-9.99,BRL
1326,1,2026-05-17,*,,Google One             SAO PAULO     BR,,,pluggy-94a4eb3a-4013-4c71-8b3d-7516464879ae,pluggy,987decad-afee-4c0e-950e-85c3006a4b2e,07010001,Internet,Expenses:Mensalidades:Outras,9.99,BRL
1327,0,2026-05-17,*,,METRO RJ               RIO DE JANEIR BR,,,pluggy-236dc825-e8b6-475b-b08a-8dc12dd2e394,pluggy,987decad-afee-4c0e-950e-85c3006a4b2e,19020000,Public transportation,Liabilities:Credit:BB:Card:PlatinumVisa,-7.9,BRL
1327,1,2026-05-17,*,,METRO RJ               RIO DE JANEIR BR,,,pluggy-236dc825-e8b6-475b-b08a-8dc12dd2e394,pluggy,987decad-afee-4c0e-950e-85c3006a4b2e,19020000,Public transportation,Expenses:Transporte:TransportePublico,7.9,BRL
1328,0,2026-05-18,*,,RENDIMENTOS DE CLIENTES PCIP11 S/            147,,,pluggy-21c6321d-5825-4002-ad47-5c890e4a9822,pluggy,e4d40b2d-f720-4570-8fb6-89c9a12e1e2f,03060000,Proceeds interests and dividends,Assets:Investment:XP:Cash,130.83,BRL
1328,1,2026-05-18,*,,RENDIMENTOS DE CLIENTES PCIP11 S/            147,,,pluggy-21c6321d-5825-4002-ad47-5c890e4a9822,pluggy,e4d40b2d-f720-4570-8fb6-89c9a12e1e2f,03060000,Proceeds interests and dividends,Income:Investment:XP:Rendimento,-130.83,BRL
1329,0,2026-05-18,*,,RENDIMENTOS DE CLIENTES PCIP11 S/            147,,,pluggy-c18be1d3-b769-4db0-9887-de6f54baf0b5,pluggy,ffd6004e-1066-4c1c-9ece-826c45ffda7d,03060000,Proceeds interests and dividends,Assets:Investment:XP:Cash,130.83,BRL
1329,1,2026-05-18,*,,RENDIMENTOS DE CLIENTES PCIP11 S/            147,,,pluggy-c18be1d3-b769-4db0-9887-de6f54baf0b5,pluggy,ffd6004e-1066-4c1c-9ece-826c45ffda7d,03060000,Proceeds interests and dividends,Income:Investment:XP:Rendimento,-130.83,BRL
1330,0,2026-05-18,*,,GLTCX COMERCIO DE CAFE RIO DE JANEIR BR,,,pluggy-96157579-2aa5-41a8-acd8-821a26ec62ee,pluggy,75f30132-31a8-4b54-9be0-648009b118db,11010000,Eating out,Liabilities:Credit:BB:Card:EloGrafite,-51.9,BRL
1330,1,2026-05-18,*,,GLTCX COMERCIO DE CAFE RIO DE JANEIR BR,,,pluggy-96157579-2aa5-41a8-acd8-821a26ec62ee,pluggy,75f30132-31a8-4b54-9be0-648009b118db,11010000,Eating out,Expenses:Alimentação:Restaurante,51.9,BRL
1331,0,2026-05-18,*,,PRINCESA AUTO S DE COM RIO DE JANEIR BR,,,pluggy-29a7478c-5b0b-4f86-a69f-04f81969a1ec,pluggy,75f30132-31a8-4b54-9be0-648009b118db,10000000,Groceries,Liabilities:Credit:BB:Card:EloGrafite,-23.8,BRL
1331,1,2026-05-18,*,,PRINCESA AUTO S DE COM RIO DE JANEIR BR,,,pluggy-29a7478c-5b0b-4f86-a69f-04f81969a1ec,pluggy,75f30132-31a8-4b54-9be0-648009b118db,10000000,Groceries,Expenses:Alimentação:Mercado,23.8,BRL
1332,0,2026-05-18,*,,SUPERMERCADO ULTRA 11  RIO DE JANEIR BR,,,pluggy-ef68a7d8-9a9e-4417-9c95-7de921ce401e,pluggy,75f30132-31a8-4b54-9be0-648009b118db,10000000,Groceries,Liabilities:Credit:BB:Card:EloGrafite,-35.69,BRL
1332,1,2026-05-18,*,,SUPERMERCADO ULTRA 11  RIO DE JANEIR BR,,,pluggy-ef68a7d8-9a9e-4417-9c95-7de921ce401e,pluggy,75f30132-31a8-4b54-9be0-648009b118db,10000000,Groceries,Expenses:Alimentação:Mercado,35.69,BRL
1333,0,2026-05-20,*,,JUROS S/ CAPITAL DE CLIENTES EGIE3 S/            420,,,pluggy-e811f275-b53e-44a7-9a34-be5d22947ceb,pluggy,e4d40b2d-f720-4570-8fb6-89c9a12e1e2f,02020000,Interests charged,Assets:Investment:XP:Cash,31.25,BRL
1333,1,2026-05-20,*,,JUROS S/ CAPITAL DE CLIENTES EGIE3 S/            420,,,pluggy-e811f275-b53e-44a7-9a34-be5d22947ceb,pluggy,e4d40b2d-f720-4570-8fb6-89c9a12e1e2f,02020000,Interests charged,Income:Investment:XP:JCP,-31.25,BRL
1334,0,2026-05-20,*,,RENDIMENTOS DE CLIENTES PETR4 S/            600,,,pluggy-b1fa6bd3-8c9d-4305-b581-9b36b5ac6955,pluggy,e4d40b2d-f720-4570-8fb6-89c9a12e1e2f,03060000,Proceeds interests and dividends,Assets:Investment:XP:Cash,7.67,BRL
1334,1,2026-05-20,*,,RENDIMENTOS DE CLIENTES PETR4 S/            600,,,pluggy-b1fa6bd3-8c9d-4305-b581-9b36b5ac6955,pluggy,e4d40b2d-f720-4570-8fb6-89c9a12e1e2f,03060000,Proceeds interests and dividends,Income:Investment:XP:Rendimento,-7.67,BRL
1335,0,2026-05-20,*,,RENDIMENTOS DE CLIENTES PETR4 S/            600,,,pluggy-b16d3fad-98b5-4916-8011-0b26ccd449a5,pluggy,ffd6004e-1066-4c1c-9ece-826c45ffda7d,03060000,Proceeds interests and dividends,Assets:Investment:XP:Cash,7.67,BRL
1335,1,2026-05-20,*,,RENDIMENTOS DE CLIENTES PETR4 S/            600,,,pluggy-b16d3fad-98b5-4916-8011-0b26ccd449a5,pluggy,ffd6004e-1066-4c1c-9ece-826c45ffda7d,03060000,Proceeds interests and dividends,Income:Investment:XP:Rendimento,-7.67,BRL
1336,0,2026-05-20,*,,DIVIDENDOS DE CLIENTES EGIE3 S/            620,,,pluggy-61c78d3a-22ff-48cf-aa82-c9e8c5a8fc0c,pluggy,e4d40b2d-f720-4570-8fb6-89c9a12e1e2f,03060000,Proceeds interests and dividends,Assets:Investment:XP:Cash,302.73,BRL
1336,1,2026-05-20,*,,DIVIDENDOS DE CLIENTES EGIE3 S/            620,,,pluggy-61c78d3a-22ff-48cf-aa82-c9e8c5a8fc0c,pluggy,e4d40b2d-f720-4570-8fb6-89c9a12e1e2f,03060000,Proceeds interests and dividends,Income:Investment:XP:Dividend,-302.73,BRL
1337,0,2026-05-20,*,,JUROS S/ CAPITAL DE CLIENTES PETR4 S/            600,,,pluggy-52748a9f-996f-49bc-9ef8-aba6052c107d,pluggy,ffd6004e-1066-4c1c-9ece-826c45ffda7d,02020000,Interests charged,Assets:Investment:XP:Cash,154.99,BRL
1337,1,2026-05-20,*,,JUROS S/ CAPITAL DE CLIENTES PETR4 S/            600,,,pluggy-52748a9f-996f-49bc-9ef8-aba6052c107d,pluggy,ffd6004e-1066-4c1c-9ece-826c45ffda7d,02020000,Interests charged,Income:Investment:XP:JCP,-154.99,BRL
1338,0,2026-05-20,*,,JUROS S/ CAPITAL DE CLIENTES PETR4 S/            600,,,pluggy-40af23a3-2326-4379-9937-f0311efeb914,pluggy,e4d40b2d-f720-4570-8fb6-89c9a12e1e2f,02020000,Interests charged,Assets:Investment:XP:Cash,154.99,BRL
1338,1,2026-05-20,*,,JUROS S/ CAPITAL DE CLIENTES PETR4 S/            600,,,pluggy-40af23a3-2326-4379-9937-f0311efeb914,pluggy,e4d40b2d-f720-4570-8fb6-89c9a12e1e2f,02020000,Interests charged,Income:Investment:XP:JCP,-154.99,BRL
1339,0,2026-05-20,*,,JUROS S/ CAPITAL DE CLIENTES EGIE3 S/            420,,,pluggy-3eb72bd7-f51a-4ae0-8e51-6e8db020f267,pluggy,ffd6004e-1066-4c1c-9ece-826c45ffda7d,02020000,Interests charged,Assets:Investment:XP:Cash,31.25,BRL
1339,1,2026-05-20,*,,JUROS S/ CAPITAL DE CLIENTES EGIE3 S/            420,,,pluggy-3eb72bd7-f51a-4ae0-8e51-6e8db020f267,pluggy,ffd6004e-1066-4c1c-9ece-826c45ffda7d,02020000,Interests charged,Income:Investment:XP:JCP,-31.25,BRL
1340,0,2026-05-20,*,,DIVIDENDOS DE CLIENTES EGIE3 S/            620,,,pluggy-240e691b-7cf7-4c36-8596-9aec101a6dca,pluggy,ffd6004e-1066-4c1c-9ece-826c45ffda7d,03060000,Proceeds interests and dividends,Assets:Investment:XP:Cash,302.73,BRL
1340,1,2026-05-20,*,,DIVIDENDOS DE CLIENTES EGIE3 S/            620,,,pluggy-240e691b-7cf7-4c36-8596-9aec101a6dca,pluggy,ffd6004e-1066-4c1c-9ece-826c45ffda7d,03060000,Proceeds interests and dividends,Income:Investment:XP:Dividend,-302.73,BRL
1341,0,2026-05-20,*,,DL*UberRides           Sao Paulo     BR,,,pluggy-b9aa899f-1143-4204-be34-26777f6bebdc,pluggy,987decad-afee-4c0e-950e-85c3006a4b2e,19010000,Taxi and ride-hailing,Liabilities:Credit:BB:Card:PlatinumVisa,-88.03,BRL
1341,1,2026-05-20,*,,DL*UberRides           Sao Paulo     BR,,,pluggy-b9aa899f-1143-4204-be34-26777f6bebdc,pluggy,987decad-afee-4c0e-950e-85c3006a4b2e,19010000,Taxi and ride-hailing,Expenses:Transporte:Uber,88.03,BRL
1342,0,2026-05-20,*,,DOUTOR SILVESTRE       RIO DE JANEIR BR,,,pluggy-1da758a7-8993-4fa0-85e9-a701b45d56e2,pluggy,987decad-afee-4c0e-950e-85c3006a4b2e,05000000,Transfers,Liabilities:Credit:BB:Card:PlatinumVisa,-80,BRL
1342,1,2026-05-20,*,,DOUTOR SILVESTRE       RIO DE JANEIR BR,,,pluggy-1da758a7-8993-4fa0-85e9-a701b45d56e2,pluggy,987decad-afee-4c0e-950e-85c3006a4b2e,05000000,Transfers,Expenses:Pet:Veterinario,80,BRL
1343,0,2026-05-20,*,,DL*UberRides           Sao Paulo     BR,,,pluggy-1dd9da5d-9775-42e5-87a1-d0669ac4950b,pluggy,987decad-afee-4c0e-950e-85c3006a4b2e,19010000,Taxi and ride-hailing,Liabilities:Credit:BB:Card:PlatinumVisa,-11.97,BRL
1343,1,2026-05-20,*,,DL*UberRides           Sao Paulo     BR,,,pluggy-1dd9da5d-9775-42e5-87a1-d0669ac4950b,pluggy,987decad-afee-4c0e-950e-85c3006a4b2e,19010000,Taxi and ride-hailing,Expenses:Transporte:Uber,11.97,BRL
1344,0,2026-05-20,*,,DL          *UberRides Sao Paulo     BR,,,pluggy-33ce640a-049a-48b2-8e71-f4691eb59479,pluggy,987decad-afee-4c0e-950e-85c3006a4b2e,19010000,Taxi and ride-hailing,Liabilities:Credit:BB:Card:PlatinumVisa,-13.99,BRL
1344,1,2026-05-20,*,,DL          *UberRides Sao Paulo     BR,,,pluggy-33ce640a-049a-48b2-8e71-f4691eb59479,pluggy,987decad-afee-4c0e-950e-85c3006a4b2e,19010000,Taxi and ride-hailing,Expenses:Transporte:Uber,13.99,BRL
1345,0,2026-05-21,*,,RECEB FORNEC    39.427.632/0001-71 ASSOCIACAO PETROBRA,,,pluggy-55189fe5-5285-479b-9fb3-e49e6355076b,pluggy,25eb5f6d-2529-4377-8de5-e38160459cff,01000000,Income,Assets:Investment:BB:Cash,122,BRL
1345,1,2026-05-21,*,,RECEB FORNEC    39.427.632/0001-71 ASSOCIACAO PETROBRA,,,pluggy-55189fe5-5285-479b-9fb3-e49e6355076b,pluggy,25eb5f6d-2529-4377-8de5-e38160459cff,01000000,Income,Income:Reembolso,-122,BRL
1346,0,2026-05-21,*,,PIX - ENVIADO   20/05 22:39 MAGALUPAY,,,pluggy-51a6eab4-99d8-4bad-8ec4-4654ffba129d,pluggy,25eb5f6d-2529-4377-8de5-e38160459cff,05070000,Transfer - PIX,Assets:Investment:BB:Cash,-465.49,BRL
1346,1,2026-05-21,*,,PIX - ENVIADO   20/05 22:39 MAGALUPAY,,,pluggy-51a6eab4-99d8-4bad-8ec4-4654ffba129d,pluggy,25eb5f6d-2529-4377-8de5-e38160459cff,05070000,Transfer - PIX,Expenses:Pessoal:Compras,465.49,BRL
1347,0,2026-05-22,*,,RENDIMENTOS DE CLIENTES AFHI11 S/            132,,,pluggy-a0290cad-f0f5-492f-80cf-fffbd1e74602,pluggy,e4d40b2d-f720-4570-8fb6-89c9a12e1e2f,03060000,Proceeds interests and dividends,Assets:Investment:XP:Cash,135.96,BRL
1347,1,2026-05-22,*,,RENDIMENTOS DE CLIENTES AFHI11 S/            132,,,pluggy-a0290cad-f0f5-492f-80cf-fffbd1e74602,pluggy,e4d40b2d-f720-4570-8fb6-89c9a12e1e2f,03060000,Proceeds interests and dividends,Income:Investment:XP:Rendimento,-135.96,BRL
1348,0,2026-05-22,*,,RENDIMENTOS DE CLIENTES AFHI11 S/            132,,,pluggy-7924a9e7-0a52-40e6-b196-55073e64faf8,pluggy,ffd6004e-1066-4c1c-9ece-826c45ffda7d,03060000,Proceeds interests and dividends,Assets:Investment:XP:Cash,135.96,BRL
1348,1,2026-05-22,*,,RENDIMENTOS DE CLIENTES AFHI11 S/            132,,,pluggy-7924a9e7-0a52-40e6-b196-55073e64faf8,pluggy,ffd6004e-1066-4c1c-9ece-826c45ffda7d,03060000,Proceeds interests and dividends,Income:Investment:XP:Rendimento,-135.96,BRL
1349,0,2026-05-22,*,,JUROS,,,pluggy-23a9b979-85e9-4590-bc63-8f3a2fee57c0,pluggy,3d0492b4-0d84-49c0-9945-e3e9adc34d51,02020000,Interests charged,Assets:Investment:BB:Savings,40.46,BRL
1349,1,2026-05-22,*,,JUROS,,,pluggy-23a9b979-85e9-4590-bc63-8f3a2fee57c0,pluggy,3d0492b4-0d84-49c0-9945-e3e9adc34d51,02020000,Interests charged,Income:Investment:Interest,-40.46,BRL
1350,0,2026-05-22,*,,REAJ.MON. BC,,,pluggy-004d5696-b453-4e50-a918-c87eb07506a2,pluggy,3d0492b4-0d84-49c0-9945-e3e9adc34d51,06010000,Blocked balances,Assets:Investment:BB:Savings,11.22,BRL
1350,1,2026-05-22,*,,REAJ.MON. BC,,,pluggy-004d5696-b453-4e50-a918-c87eb07506a2,pluggy,3d0492b4-0d84-49c0-9945-e3e9adc34d51,06010000,Blocked balances,Income:Investment:Interest,-11.22,BRL
1351,0,2026-05-22,*,,PIX - RECEBIDO  22/05 10:51 00011121719406 LARYSSA ELI,,,pluggy-43b457c3-aa38-4a42-b0f3-3c07508d6be2,pluggy,25eb5f6d-2529-4377-8de5-e38160459cff,05070000,Transfer - PIX,Assets:Investment:BB:Cash,211,BRL
1351,1,2026-05-22,*,,PIX - RECEBIDO  22/05 10:51 00011121719406 LARYSSA ELI,,,pluggy-43b457c3-aa38-4a42-b0f3-3c07508d6be2,pluggy,25eb5f6d-2529-4377-8de5-e38160459cff,05070000,Transfer - PIX,Equity:Transfers,-211,BRL
1352,0,2026-05-22,*,,COMPRA C/CARTAO 22/05 10:46 14264250JairTeles,,,pluggy-c7a8b370-03d6-4cb1-87f6-1f6087c4eac3,pluggy,25eb5f6d-2529-4377-8de5-e38160459cff,08000000,Shopping,Assets:Investment:BB:Cash,-6.8,BRL
1352,1,2026-05-22,*,,COMPRA C/CARTAO 22/05 10:46 14264250JairTeles,,,pluggy-c7a8b370-03d6-4cb1-87f6-1f6087c4eac3,pluggy,25eb5f6d-2529-4377-8de5-e38160459cff,08000000,Shopping,Expenses:Geral,6.8,BRL
1353,0,2026-05-22,*,,PIX - ENVIADO   22/05 10:40 OBJECTU EXPRESS BAZAR LTD,,,pluggy-d5ee34c9-0dea-4cb3-b4fc-a7e7154a8e38,pluggy,25eb5f6d-2529-4377-8de5-e38160459cff,08000000,Shopping,Assets:Investment:BB:Cash,-204.75,BRL
1353,1,2026-05-22,*,,PIX - ENVIADO   22/05 10:40 OBJECTU EXPRESS BAZAR LTD,,,pluggy-d5ee34c9-0dea-4cb3-b4fc-a7e7154a8e38,pluggy,25eb5f6d-2529-4377-8de5-e38160459cff,08000000,Shopping,Expenses:Geral,204.75,BRL
1354,0,2026-05-22,*,,COMPRA C/CARTAO 22/05 10:05 14264250JairTeles,,,pluggy-47fcddfb-91bc-4999-bcba-9962de148516,pluggy,25eb5f6d-2529-4377-8de5-e38160459cff,08000000,Shopping,Assets:Investment:BB:Cash,-7,BRL
1354,1,2026-05-22,*,,COMPRA C/CARTAO 22/05 10:05 14264250JairTeles,,,pluggy-47fcddfb-91bc-4999-bcba-9962de148516,pluggy,25eb5f6d-2529-4377-8de5-e38160459cff,08000000,Shopping,Expenses:Geral,7,BRL
1355,0,2026-05-22,*,,DL*UberRides           Sao Paulo     BR,,,pluggy-5ead9a16-0a05-4012-b220-cc72fa04f0d3,pluggy,987decad-afee-4c0e-950e-85c3006a4b2e,19010000,Taxi and ride-hailing,Liabilities:Credit:BB:Card:PlatinumVisa,-82.94,BRL
1355,1,2026-05-22,*,,DL*UberRides           Sao Paulo     BR,,,pluggy-5ead9a16-0a05-4012-b220-cc72fa04f0d3,pluggy,987decad-afee-4c0e-950e-85c3006a4b2e,19010000,Taxi and ride-hailing,Expenses:Transporte:Uber,82.94,BRL
1356,0,2026-05-22,*,,PIX - ENVIADO   21/05 22:29 AMAZON COM BR,,,pluggy-3a6961de-85e7-431f-9f05-dd6da953896c,pluggy,25eb5f6d-2529-4377-8de5-e38160459cff,08010000,Online shopping,Assets:Investment:BB:Cash,-1829,BRL
1356,1,2026-05-22,*,,PIX - ENVIADO   21/05 22:29 AMAZON COM BR,,,pluggy-3a6961de-85e7-431f-9f05-dd6da953896c,pluggy,25eb5f6d-2529-4377-8de5-e38160459cff,08010000,Online shopping,Expenses:Pessoal:Compras,1829,BRL
1357,0,2026-05-22,*,,DROGARIAS PACHECO SA   RIO DE JANEIR BR,,,pluggy-2a53d4e9-e779-4d7d-ac74-f92ae18981c4,pluggy,987decad-afee-4c0e-950e-85c3006a4b2e,18020000,Pharmacy,Liabilities:Credit:BB:Card:PlatinumVisa,-165.26,BRL
1357,1,2026-05-22,*,,DROGARIAS PACHECO SA   RIO DE JANEIR BR,,,pluggy-2a53d4e9-e779-4d7d-ac74-f92ae18981c4,pluggy,987decad-afee-4c0e-950e-85c3006a4b2e,18020000,Pharmacy,Expenses:Saude:Farmacia,165.26,BRL
1358,0,2026-05-23,*,,PLANEJADA,,,pluggy-a43a863e-c8a8-4bc4-baaa-9218bec387ee,pluggy,3d0492b4-0d84-49c0-9945-e3e9adc34d51,03000000,Investments,Assets:Investment:BB:Savings,2000,BRL
1358,1,2026-05-23,*,,PLANEJADA,,,pluggy-a43a863e-c8a8-4bc4-baaa-9218bec387ee,pluggy,3d0492b4-0d84-49c0-9945-e3e9adc34d51,03000000,Investments,Assets:Investment:BB:Cash,-2000,BRL
1359,0,2026-05-23,*,,PLANEJADA,,,pluggy-6621591e-0299-4278-bc72-dcde9fffd927,pluggy,3d0492b4-0d84-49c0-9945-e3e9adc34d51,03000000,Investments,Assets:Investment:BB:Savings,2000,BRL
1359,1,2026-05-23,*,,PLANEJADA,,,pluggy-6621591e-0299-4278-bc72-dcde9fffd927,pluggy,3d0492b4-0d84-49c0-9945-e3e9adc34d51,03000000,Investments,Assets:Investment:BB:Cash,-2000,BRL
1360,0,2026-05-23,*,,PROVENTOS       33.000.167/0001-01 PETROLEO BRASILEIRO,,,pluggy-027bff20-d3d9-45de-9cbb-434dc2c39d6e,pluggy,25eb5f6d-2529-4377-8de5-e38160459cff,03060000,Proceeds interests and dividends,Assets:Investment:BB:Cash,4990.83,BRL
1360,1,2026-05-23,*,,PROVENTOS       33.000.167/0001-01 PETROLEO BRASILEIRO,,,pluggy-027bff20-d3d9-45de-9cbb-434dc2c39d6e,pluggy,25eb5f6d-2529-4377-8de5-e38160459cff,03060000,Proceeds interests and dividends,Income:Salario,-4990.83,BRL
1361,0,2026-05-23,*,,TRANSF ENVIADA  15/11 GABRIEL BARROS RODRIGUES,,,pluggy-ae830027-5db8-4fc1-a902-a67e77c29416,pluggy,25eb5f6d-2529-4377-8de5-e38160459cff,04000000,Same person transfer,Assets:Investment:BB:Cash,-2000,BRL
1361,1,2026-05-23,*,,TRANSF ENVIADA  15/11 GABRIEL BARROS RODRIGUES,,,pluggy-ae830027-5db8-4fc1-a902-a67e77c29416,pluggy,25eb5f6d-2529-4377-8de5-e38160459cff,04000000,Same person transfer,Assets:Investment:BB:Savings,2000,BRL
1362,0,2026-05-23,*,,TRANSF ENVIADA  15/11 GABRIEL BARROS RODRIGUES,,,pluggy-a61c8f78-e7c8-48af-963d-8a74130acf16,pluggy,25eb5f6d-2529-4377-8de5-e38160459cff,04000000,Same person transfer,Assets:Investment:BB:Cash,-2000,BRL
1362,1,2026-05-23,*,,TRANSF ENVIADA  15/11 GABRIEL BARROS RODRIGUES,,,pluggy-a61c8f78-e7c8-48af-963d-8a74130acf16,pluggy,25eb5f6d-2529-4377-8de5-e38160459cff,04000000,Same person transfer,Assets:Investment:BB:Savings,2000,BRL
1363,0,2026-05-23,*,,DL*UberRides           Sao Paulo     BR,,,pluggy-318100ba-d1d8-4287-b46e-5442e285739f,pluggy,987decad-afee-4c0e-950e-85c3006a4b2e,19010000,Taxi and ride-hailing,Liabilities:Credit:BB:Card:PlatinumVisa,-64.93,BRL
1363,1,2026-05-23,*,,DL*UberRides           Sao Paulo     BR,,,pluggy-318100ba-d1d8-4287-b46e-5442e285739f,pluggy,987decad-afee-4c0e-950e-85c3006a4b2e,19010000,Taxi and ride-hailing,Expenses:Transporte:Uber,64.93,BRL
1364,0,2026-05-24,*,,PIX - RECEBIDO  24/05 12:38 00014260259717 CAROLINA TE,,,pluggy-d27b0ce2-d6fc-4c7f-b069-1daa7ea98f17,pluggy,25eb5f6d-2529-4377-8de5-e38160459cff,05070000,Transfer - PIX,Assets:Investment:BB:Cash,50,BRL
1364,1,2026-05-24,*,,PIX - RECEBIDO  24/05 12:38 00014260259717 CAROLINA TE,,,pluggy-d27b0ce2-d6fc-4c7f-b069-1daa7ea98f17,pluggy,25eb5f6d-2529-4377-8de5-e38160459cff,05070000,Transfer - PIX,Equity:Transfers,-50,BRL
1365,0,2026-05-25,*,,JUROS,,,pluggy-8670dfee-e00a-4032-9380-391414058f8a,pluggy,3d0492b4-0d84-49c0-9945-e3e9adc34d51,02020000,Interests charged,Assets:Investment:BB:Savings,20.44,BRL
1365,1,2026-05-25,*,,JUROS,,,pluggy-8670dfee-e00a-4032-9380-391414058f8a,pluggy,3d0492b4-0d84-49c0-9945-e3e9adc34d51,02020000,Interests charged,Income:Investment:Interest,-20.44,BRL
1366,0,2026-05-25,*,,REAJ.MON. BC,,,pluggy-5d1e57da-dc31-4813-95b0-a960a6db00d6,pluggy,3d0492b4-0d84-49c0-9945-e3e9adc34d51,06010000,Blocked balances,Assets:Investment:BB:Savings,6.89,BRL
1366,1,2026-05-25,*,,REAJ.MON. BC,,,pluggy-5d1e57da-dc31-4813-95b0-a960a6db00d6,pluggy,3d0492b4-0d84-49c0-9945-e3e9adc34d51,06010000,Blocked balances,Income:Investment:Interest,-6.89,BRL
1367,0,2026-05-25,*,,PIX - ENVIADO   25/05 13:05 ANA CAROLINA DE ABREU ESC,,,pluggy-e8e4767c-d6cb-40b8-ae24-1a3f6048b161,pluggy,25eb5f6d-2529-4377-8de5-e38160459cff,05070000,Transfer - PIX,Assets:Investment:BB:Cash,-2000,BRL
1367,1,2026-05-25,*,,PIX - ENVIADO   25/05 13:05 ANA CAROLINA DE ABREU ESC,,,pluggy-e8e4767c-d6cb-40b8-ae24-1a3f6048b161,pluggy,25eb5f6d-2529-4377-8de5-e38160459cff,05070000,Transfer - PIX,Expenses:Geral:Caol,2000,BRL
1368,0,2026-05-25,*,,PIX - ENVIADO   25/05 07:00 MAIS.MOBI,,,pluggy-ab2d8cfd-248b-449c-9211-ca11a1eff6e3,pluggy,25eb5f6d-2529-4377-8de5-e38160459cff,05070000,Transfer - PIX,Assets:Investment:BB:Cash,-80,BRL
1368,1,2026-05-25,*,,PIX - ENVIADO   25/05 07:00 MAIS.MOBI,,,pluggy-ab2d8cfd-248b-449c-9211-ca11a1eff6e3,pluggy,25eb5f6d-2529-4377-8de5-e38160459cff,05070000,Transfer - PIX,Expenses:Transporte:TransportePublico,80,BRL
1369,0,2026-05-26,*,,REAJ.MON. BC,,,pluggy-bf1fc584-2322-40fd-b0ac-959673d7c0d9,pluggy,3d0492b4-0d84-49c0-9945-e3e9adc34d51,06010000,Blocked balances,Assets:Investment:BB:Savings,6.82,BRL
1369,1,2026-05-26,*,,REAJ.MON. BC,,,pluggy-bf1fc584-2322-40fd-b0ac-959673d7c0d9,pluggy,3d0492b4-0d84-49c0-9945-e3e9adc34d51,06010000,Blocked balances,Income:Investment:Interest,-6.82,BRL
1370,0,2026-05-26,*,,JUROS,,,pluggy-6aa1e84d-85d7-43d6-8c3e-dbbd0d2dd0ca,pluggy,3d0492b4-0d84-49c0-9945-e3e9adc34d51,02020000,Interests charged,Assets:Investment:BB:Savings,20.03,BRL
1370,1,2026-05-26,*,,JUROS,,,pluggy-6aa1e84d-85d7-43d6-8c3e-dbbd0d2dd0ca,pluggy,3d0492b4-0d84-49c0-9945-e3e9adc34d51,02020000,Interests charged,Income:Investment:Interest,-20.03,BRL
1371,0,2026-05-26,*,,RENDE FACIL     Rende Facil,,,pluggy-40b0e782-733d-454b-a449-2aea31043005,pluggy,25eb5f6d-2529-4377-8de5-e38160459cff,03010000,Automatic investment,Assets:Investment:BB:Cash,-24734.59,BRL
1371,1,2026-05-26,*,,RENDE FACIL     Rende Facil,,,pluggy-40b0e782-733d-454b-a449-2aea31043005,pluggy,25eb5f6d-2529-4377-8de5-e38160459cff,03010000,Automatic investment,Assets:TODO,24734.59,BRL
1372,0,2026-05-27,*,,DIVIDENDOS DE CLIENTES LEVE3 S/            600,,,pluggy-e11af2e5-dd38-4587-8449-0b745035db24,pluggy,e4d40b2d-f720-4570-8fb6-89c9a12e1e2f,03060000,Proceeds interests and dividends,Assets:Investment:XP:Cash,152.01,BRL
1372,1,2026-05-27,*,,DIVIDENDOS DE CLIENTES LEVE3 S/            600,,,pluggy-e11af2e5-dd38-4587-8449-0b745035db24,pluggy,e4d40b2d-f720-4570-8fb6-89c9a12e1e2f,03060000,Proceeds interests and dividends,Income:Investment:XP:Dividend,-152.01,BRL
1373,0,2026-05-27,*,,DIVIDENDOS DE CLIENTES TAEE11 S/            700,,,pluggy-ddec9f2d-348a-4018-837e-05b02c263bbf,pluggy,e4d40b2d-f720-4570-8fb6-89c9a12e1e2f,03060000,Proceeds interests and dividends,Assets:Investment:XP:Cash,107.44,BRL
1373,1,2026-05-27,*,,DIVIDENDOS DE CLIENTES TAEE11 S/            700,,,pluggy-ddec9f2d-348a-4018-837e-05b02c263bbf,pluggy,e4d40b2d-f720-4570-8fb6-89c9a12e1e2f,03060000,Proceeds interests and dividends,Income:Investment:XP:Dividend,-107.44,BRL
1374,0,2026-05-27,*,,DIVIDENDOS DE CLIENTES LEVE3 S/            600,,,pluggy-bde3f478-4b31-4b8f-a9aa-11d9eee080e4,pluggy,ffd6004e-1066-4c1c-9ece-826c45ffda7d,03060000,Proceeds interests and dividends,Assets:Investment:XP:Cash,1069.74,BRL
1374,1,2026-05-27,*,,DIVIDENDOS DE CLIENTES LEVE3 S/            600,,,pluggy-bde3f478-4b31-4b8f-a9aa-11d9eee080e4,pluggy,ffd6004e-1066-4c1c-9ece-826c45ffda7d,03060000,Proceeds interests and dividends,Income:Investment:XP:Dividend,-1069.74,BRL
1375,0,2026-05-27,*,,JUROS S/ CAPITAL DE CLIENTES LEVE3 S/            300,,,pluggy-8ae8c674-1de7-4ce0-833c-066c4fdd0c50,pluggy,e4d40b2d-f720-4570-8fb6-89c9a12e1e2f,02020000,Interests charged,Assets:Investment:XP:Cash,52.57,BRL
1375,1,2026-05-27,*,,JUROS S/ CAPITAL DE CLIENTES LEVE3 S/            300,,,pluggy-8ae8c674-1de7-4ce0-833c-066c4fdd0c50,pluggy,e4d40b2d-f720-4570-8fb6-89c9a12e1e2f,02020000,Interests charged,Income:Investment:XP:JCP,-52.57,BRL
1376,0,2026-05-27,*,,DIVIDENDOS DE CLIENTES TAEE11 S/            700,,,pluggy-903c224b-e601-4d1e-98b3-f52a3293ee63,pluggy,ffd6004e-1066-4c1c-9ece-826c45ffda7d,03060000,Proceeds interests and dividends,Assets:Investment:XP:Cash,107.44,BRL
1376,1,2026-05-27,*,,DIVIDENDOS DE CLIENTES TAEE11 S/            700,,,pluggy-903c224b-e601-4d1e-98b3-f52a3293ee63,pluggy,ffd6004e-1066-4c1c-9ece-826c45ffda7d,03060000,Proceeds interests and dividends,Income:Investment:XP:Dividend,-107.44,BRL
1377,0,2026-05-27,*,,DIVIDENDOS DE CLIENTES LEVE3 S/            600,,,pluggy-52633328-4ee9-4fd3-9f30-d9d934e1a59e,pluggy,e4d40b2d-f720-4570-8fb6-89c9a12e1e2f,03060000,Proceeds interests and dividends,Assets:Investment:XP:Cash,1069.74,BRL
1377,1,2026-05-27,*,,DIVIDENDOS DE CLIENTES LEVE3 S/            600,,,pluggy-52633328-4ee9-4fd3-9f30-d9d934e1a59e,pluggy,e4d40b2d-f720-4570-8fb6-89c9a12e1e2f,03060000,Proceeds interests and dividends,Income:Investment:XP:Dividend,-1069.74,BRL
1378,0,2026-05-27,*,,DIVIDENDOS DE CLIENTES LEVE3 S/            600,,,pluggy-869db856-b3a5-414b-8275-7c62588f88a7,pluggy,ffd6004e-1066-4c1c-9ece-826c45ffda7d,03060000,Proceeds interests and dividends,Assets:Investment:XP:Cash,152.01,BRL
1378,1,2026-05-27,*,,DIVIDENDOS DE CLIENTES LEVE3 S/            600,,,pluggy-869db856-b3a5-414b-8275-7c62588f88a7,pluggy,ffd6004e-1066-4c1c-9ece-826c45ffda7d,03060000,Proceeds interests and dividends,Income:Investment:XP:Dividend,-152.01,BRL
1379,0,2026-05-27,*,,DIVIDENDOS DE CLIENTES TAEE11 S/            700,,,pluggy-4f6aa503-af0a-4c99-aecb-014a43f6240a,pluggy,e4d40b2d-f720-4570-8fb6-89c9a12e1e2f,03060000,Proceeds interests and dividends,Assets:Investment:XP:Cash,528.76,BRL
1379,1,2026-05-27,*,,DIVIDENDOS DE CLIENTES TAEE11 S/            700,,,pluggy-4f6aa503-af0a-4c99-aecb-014a43f6240a,pluggy,e4d40b2d-f720-4570-8fb6-89c9a12e1e2f,03060000,Proceeds interests and dividends,Income:Investment:XP:Dividend,-528.76,BRL
1380,0,2026-05-27,*,,DIVIDENDOS DE CLIENTES TAEE11 S/            700,,,pluggy-28c593c3-1d35-435b-8b62-0de4dbfee93f,pluggy,ffd6004e-1066-4c1c-9ece-826c45ffda7d,03060000,Proceeds interests and dividends,Assets:Investment:XP:Cash,528.76,BRL
1380,1,2026-05-27,*,,DIVIDENDOS DE CLIENTES TAEE11 S/            700,,,pluggy-28c593c3-1d35-435b-8b62-0de4dbfee93f,pluggy,ffd6004e-1066-4c1c-9ece-826c45ffda7d,03060000,Proceeds interests and dividends,Income:Investment:XP:Dividend,-528.76,BRL
1381,0,2026-05-27,*,,JUROS S/ CAPITAL DE CLIENTES LEVE3 S/            300,,,pluggy-164854a1-c0d3-4fc5-8102-5885c8ac7b8a,pluggy,ffd6004e-1066-4c1c-9ece-826c45ffda7d,02020000,Interests charged,Assets:Investment:XP:Cash,52.57,BRL
1381,1,2026-05-27,*,,JUROS S/ CAPITAL DE CLIENTES LEVE3 S/            300,,,pluggy-164854a1-c0d3-4fc5-8102-5885c8ac7b8a,pluggy,ffd6004e-1066-4c1c-9ece-826c45ffda7d,02020000,Interests charged,Income:Investment:XP:JCP,-52.57,BRL
1382,0,2026-05-27,*,,YoneDeOliveira         RIO DE JANEIR BR,,,pluggy-63706067-70d2-411f-8f4c-bdbe307b6455,pluggy,75f30132-31a8-4b54-9be0-648009b118db,07000000,Services,Liabilities:Credit:BB:Card:EloGrafite,-5.25,BRL
1382,1,2026-05-27,*,,YoneDeOliveira         RIO DE JANEIR BR,,,pluggy-63706067-70d2-411f-8f4c-bdbe307b6455,pluggy,75f30132-31a8-4b54-9be0-648009b118db,07000000,Services,Expenses:Geral,5.25,BRL
1383,0,2026-05-28,*,,PIX - ENVIADO   28/05 18:40 CBD BILHETE DIGITAL S/A,,,pluggy-c18a365e-4ddb-4f68-83d9-475068633108,pluggy,25eb5f6d-2529-4377-8de5-e38160459cff,05070000,Transfer - PIX,Assets:Investment:BB:Cash,-50,BRL
1383,1,2026-05-28,*,,PIX - ENVIADO   28/05 18:40 CBD BILHETE DIGITAL S/A,,,pluggy-c18a365e-4ddb-4f68-83d9-475068633108,pluggy,25eb5f6d-2529-4377-8de5-e38160459cff,05070000,Transfer - PIX,Expenses:Geral,50,BRL
1384,0,2026-05-28,*,,DL          *UberRides Sao Paulo     BR,,,pluggy-3eebac84-a5e0-4b94-a77c-07b0dfb0af73,pluggy,987decad-afee-4c0e-950e-85c3006a4b2e,19010000,Taxi and ride-hailing,Liabilities:Credit:BB:Card:PlatinumVisa,-8.96,BRL
1384,1,2026-05-28,*,,DL          *UberRides Sao Paulo     BR,,,pluggy-3eebac84-a5e0-4b94-a77c-07b0dfb0af73,pluggy,987decad-afee-4c0e-950e-85c3006a4b2e,19010000,Taxi and ride-hailing,Expenses:Transporte:Uber,8.96,BRL
1385,0,2026-05-28,*,,ANUIDADE DIFERENCIADA ADC-PARC 07/12 BR,,,pluggy-98667eb1-79ed-42a9-95df-618491d50389,pluggy,987decad-afee-4c0e-950e-85c3006a4b2e,16030000,Credit card fees,Liabilities:Credit:BB:Card:PlatinumVisa,-22.75,BRL
1385,1,2026-05-28,*,,ANUIDADE DIFERENCIADA ADC-PARC 07/12 BR,,,pluggy-98667eb1-79ed-42a9-95df-618491d50389,pluggy,987decad-afee-4c0e-950e-85c3006a4b2e,16030000,Credit card fees,Expenses:Taxas:Banco,22.75,BRL
1386,0,2026-05-29,*,,PIX - ENVIADO   29/05 07:45 MAIS.MOBI,,,pluggy-05dcaec3-7d90-498f-b5d4-1137eaf68599,pluggy,25eb5f6d-2529-4377-8de5-e38160459cff,05070000,Transfer - PIX,Assets:Investment:BB:Cash,-50,BRL
1386,1,2026-05-29,*,,PIX - ENVIADO   29/05 07:45 MAIS.MOBI,,,pluggy-05dcaec3-7d90-498f-b5d4-1137eaf68599,pluggy,25eb5f6d-2529-4377-8de5-e38160459cff,05070000,Transfer - PIX,Expenses:Transporte:TransportePublico,50,BRL
1387,0,2026-05-29,*,,PROVENTOS       33.000.167/0001-01 PETROLEO BRASILEIRO,,,pluggy-5e69ad4c-c024-4615-be83-416a7837e3bc,pluggy,25eb5f6d-2529-4377-8de5-e38160459cff,03060000,Proceeds interests and dividends,Assets:Investment:BB:Cash,24093.34,BRL
1387,1,2026-05-29,*,,PROVENTOS       33.000.167/0001-01 PETROLEO BRASILEIRO,,,pluggy-5e69ad4c-c024-4615-be83-416a7837e3bc,pluggy,25eb5f6d-2529-4377-8de5-e38160459cff,03060000,Proceeds interests and dividends,Income:Salario,-24093.34,BRL
1388,0,2026-05-29,*,,REND.FACIL      Rende Facil,,,pluggy-f590f3b2-f1bd-483c-bcd2-93464e2bbcaa,pluggy,25eb5f6d-2529-4377-8de5-e38160459cff,03060000,Proceeds interests and dividends,Assets:Investment:BB:Cash,50,BRL
1388,1,2026-05-29,*,,REND.FACIL      Rende Facil,,,pluggy-f590f3b2-f1bd-483c-bcd2-93464e2bbcaa,pluggy,25eb5f6d-2529-4377-8de5-e38160459cff,03060000,Proceeds interests and dividends,Income:Investment:Interest,-50,BRL
1389,0,2026-05-30,*,,RENDE FACIL     Rende Facil,,,pluggy-55f43f20-419f-4546-b440-f23f137a3b1f,pluggy,25eb5f6d-2529-4377-8de5-e38160459cff,03010000,Automatic investment,Assets:Investment:BB:Cash,-24043.34,BRL
1389,1,2026-05-30,*,,RENDE FACIL     Rende Facil,,,pluggy-55f43f20-419f-4546-b440-f23f137a3b1f,pluggy,25eb5f6d-2529-4377-8de5-e38160459cff,03010000,Automatic investment,Assets:TODO,24043.34,BRL
1390,0,2026-05-30,*,,NAT*Natura Pagamentos  Sao Paulo     BR,,,pluggy-d38b283c-482c-4249-983b-72577a5213f6,pluggy,987decad-afee-4c0e-950e-85c3006a4b2e,18020000,Pharmacy,Liabilities:Credit:BB:Card:PlatinumVisa,-63.35,BRL
1390,1,2026-05-30,*,,NAT*Natura Pagamentos  Sao Paulo     BR,,,pluggy-d38b283c-482c-4249-983b-72577a5213f6,pluggy,987decad-afee-4c0e-950e-85c3006a4b2e,18020000,Pharmacy,Expenses:Pessoal:Compras,63.35,BRL
1391,0,2026-06-01,*,,JUROS S/ CAPITAL DE CLIENTES ITUB3 S/            526,,,pluggy-bb6e727e-463d-4c67-a9ba-72b2e6711723,pluggy,e4d40b2d-f720-4570-8fb6-89c9a12e1e2f,02020000,Interests charged,Assets:Investment:XP:Cash,7.89,BRL
1391,1,2026-06-01,*,,JUROS S/ CAPITAL DE CLIENTES ITUB3 S/            526,,,pluggy-bb6e727e-463d-4c67-a9ba-72b2e6711723,pluggy,e4d40b2d-f720-4570-8fb6-89c9a12e1e2f,02020000,Interests charged,Income:Investment:XP:JCP,-7.89,BRL
1392,0,2026-06-01,*,,JUROS S/ CAPITAL DE CLIENTES ITUB3 S/            526,,,pluggy-ad42e3bc-faf0-459e-a770-d7882c3f48db,pluggy,ffd6004e-1066-4c1c-9ece-826c45ffda7d,04000000,Same person transfer,Assets:Investment:XP:Cash,7.89,BRL
1392,1,2026-06-01,*,,JUROS S/ CAPITAL DE CLIENTES ITUB3 S/            526,,,pluggy-ad42e3bc-faf0-459e-a770-d7882c3f48db,pluggy,ffd6004e-1066-4c1c-9ece-826c45ffda7d,04000000,Same person transfer,Income:Investment:XP:JCP,-7.89,BRL
1393,0,2026-06-02,*,,PIX - ENVIADO   02/06 19:08 MAIS.MOBI,,,pluggy-a02f0119-d060-4a59-bf5e-53247a4a253f,pluggy,25eb5f6d-2529-4377-8de5-e38160459cff,07000000,Services,Assets:Investment:BB:Cash,-80,BRL
1393,1,2026-06-02,*,,PIX - ENVIADO   02/06 19:08 MAIS.MOBI,,,pluggy-a02f0119-d060-4a59-bf5e-53247a4a253f,pluggy,25eb5f6d-2529-4377-8de5-e38160459cff,07000000,Services,Expenses:Transporte:TransportePublico,80,BRL
1394,0,2026-06-03,*,,DL GOOGLE Crunch       1123958400    BR,,,pluggy-57ba0dd3-dd2d-415e-a83b-6b5c1421ff6d,pluggy,75f30132-31a8-4b54-9be0-648009b118db,09000000,Digital services,Liabilities:Credit:BB:Card:EloGrafite,-24.9,BRL
1394,1,2026-06-03,*,,DL GOOGLE Crunch       1123958400    BR,,,pluggy-57ba0dd3-dd2d-415e-a83b-6b5c1421ff6d,pluggy,75f30132-31a8-4b54-9be0-648009b118db,09000000,Digital services,Expenses:Lazer:Streaming,24.9,BRL
1395,0,2026-06-03,*,,REND.FACIL      Rende Facil,,,pluggy-afd11457-589c-4717-afcc-94b7e6de0c5d,pluggy,25eb5f6d-2529-4377-8de5-e38160459cff,03060000,Proceeds interests and dividends,Assets:Investment:BB:Cash,80,BRL
1395,1,2026-06-03,*,,REND.FACIL      Rende Facil,,,pluggy-afd11457-589c-4717-afcc-94b7e6de0c5d,pluggy,25eb5f6d-2529-4377-8de5-e38160459cff,03060000,Proceeds interests and dividends,Income:Investment:Interest,-80,BRL
1396,0,2026-06-03,*,,METRO RJ               RIO DE JANEIR BR,,,pluggy-a228b6f5-0747-45cc-b20e-d4241d144150,pluggy,75f30132-31a8-4b54-9be0-648009b118db,19020000,Public transportation,Liabilities:Credit:BB:Card:EloGrafite,-7.9,BRL
1396,1,2026-06-03,*,,METRO RJ               RIO DE JANEIR BR,,,pluggy-a228b6f5-0747-45cc-b20e-d4241d144150,pluggy,75f30132-31a8-4b54-9be0-648009b118db,19020000,Public transportation,Expenses:Transporte:TransportePublico,7.9,BRL
1397,0,2026-06-04,*,,PIX - ENVIADO   04/06 10:11 RODRIGO DA CUNHA MANGELLI,,,pluggy-a0287c2c-a6c3-461b-bd1d-70f291dab51c,pluggy,25eb5f6d-2529-4377-8de5-e38160459cff,05070000,Transfer - PIX,Assets:Investment:BB:Cash,-3.25,BRL
1397,1,2026-06-04,*,,PIX - ENVIADO   04/06 10:11 RODRIGO DA CUNHA MANGELLI,,,pluggy-a0287c2c-a6c3-461b-bd1d-70f291dab51c,pluggy,25eb5f6d-2529-4377-8de5-e38160459cff,05070000,Transfer - PIX,Expenses:Geral,3.25,BRL
1398,0,2026-06-04,*,,DL*UberRides           Sao Paulo     BR,,,pluggy-8fbfad2e-914f-4860-8b7a-794c86b8c526,pluggy,987decad-afee-4c0e-950e-85c3006a4b2e,19010000,Taxi and ride-hailing,Liabilities:Credit:BB:Card:PlatinumVisa,-20.96,BRL
1398,1,2026-06-04,*,,DL*UberRides           Sao Paulo     BR,,,pluggy-8fbfad2e-914f-4860-8b7a-794c86b8c526,pluggy,987decad-afee-4c0e-950e-85c3006a4b2e,19010000,Taxi and ride-hailing,Expenses:Transporte:Uber,20.96,BRL
1399,0,2026-06-05,*,,99APP        99App     Sao Paulo     BR,,,pluggy-d85472ec-d374-4b02-b6e1-12a7b92008a5,pluggy,75f30132-31a8-4b54-9be0-648009b118db,19010000,Taxi and ride-hailing,Liabilities:Credit:BB:Card:EloGrafite,-2,BRL
1399,1,2026-06-05,*,,99APP        99App     Sao Paulo     BR,,,pluggy-d85472ec-d374-4b02-b6e1-12a7b92008a5,pluggy,75f30132-31a8-4b54-9be0-648009b118db,19010000,Taxi and ride-hailing,Expenses:Transporte:Uber,2,BRL
1400,0,2026-06-06,*,,PIX - ENVIADO   06/06 09:42 TIM S A,,,pluggy-b94d64ca-f654-48a8-838c-d3025a36b129,pluggy,25eb5f6d-2529-4377-8de5-e38160459cff,07010000,Telecommunications,Assets:Investment:BB:Cash,-120.98,BRL
1400,1,2026-06-06,*,,PIX - ENVIADO   06/06 09:42 TIM S A,,,pluggy-b94d64ca-f654-48a8-838c-d3025a36b129,pluggy,25eb5f6d-2529-4377-8de5-e38160459cff,07010000,Telecommunications,Expenses:Comunicacao:Telefone,120.98,BRL
1401,0,2026-06-06,*,,99APP        99App     Sao Paulo     BR,,,pluggy-6ced40ed-2d39-4aad-af05-27e35b023a3f,pluggy,75f30132-31a8-4b54-9be0-648009b118db,19010000,Taxi and ride-hailing,Liabilities:Credit:BB:Card:EloGrafite,-105,BRL
1401,1,2026-06-06,*,,99APP        99App     Sao Paulo     BR,,,pluggy-6ced40ed-2d39-4aad-af05-27e35b023a3f,pluggy,75f30132-31a8-4b54-9be0-648009b118db,19010000,Taxi and ride-hailing,Expenses:Transporte:Uber,105,BRL
1402,0,2026-06-06,*,,REND.FACIL      Rende Facil,,,pluggy-10fb990d-4d26-4573-bfbf-8afba76718bb,pluggy,25eb5f6d-2529-4377-8de5-e38160459cff,03060000,Proceeds interests and dividends,Assets:Investment:BB:Cash,3.25,BRL
1402,1,2026-06-06,*,,REND.FACIL      Rende Facil,,,pluggy-10fb990d-4d26-4573-bfbf-8afba76718bb,pluggy,25eb5f6d-2529-4377-8de5-e38160459cff,03060000,Proceeds interests and dividends,Income:Investment:Interest,-3.25,BRL
1403,0,2026-06-06,*,,DL*UberRides           Sao Paulo     BR,,,pluggy-b69e1206-4bd0-42e3-9aec-be060f84a711,pluggy,987decad-afee-4c0e-950e-85c3006a4b2e,19010000,Taxi and ride-hailing,Liabilities:Credit:BB:Card:PlatinumVisa,-101.94,BRL
1403,1,2026-06-06,*,,DL*UberRides           Sao Paulo     BR,,,pluggy-b69e1206-4bd0-42e3-9aec-be060f84a711,pluggy,987decad-afee-4c0e-950e-85c3006a4b2e,19010000,Taxi and ride-hailing,Expenses:Transporte:Uber,101.94,BRL
1404,0,2026-06-07,*,,PIX - RECEBIDO  07/06 19:13 15000369785 HUGO BRAGA DE,,,pluggy-21879765-379e-4d98-b8e0-a755c4005789,pluggy,25eb5f6d-2529-4377-8de5-e38160459cff,05070000,Transfer - PIX,Assets:Investment:BB:Cash,71.69,BRL
1404,1,2026-06-07,*,,PIX - RECEBIDO  07/06 19:13 15000369785 HUGO BRAGA DE,,,pluggy-21879765-379e-4d98-b8e0-a755c4005789,pluggy,25eb5f6d-2529-4377-8de5-e38160459cff,05070000,Transfer - PIX,Equity:Transfers,-71.69,BRL
1405,0,2026-06-07,*,,IFD iFood              Osasco        BR,,,pluggy-8bc8339c-b87d-4354-b642-7a551d67677d,pluggy,75f30132-31a8-4b54-9be0-648009b118db,11020000,Food delivery,Liabilities:Credit:BB:Card:EloGrafite,-7.95,BRL
1405,1,2026-06-07,*,,IFD iFood              Osasco        BR,,,pluggy-8bc8339c-b87d-4354-b642-7a551d67677d,pluggy,75f30132-31a8-4b54-9be0-648009b118db,11020000,Food delivery,Expenses:Alimentação:Delivery,7.95,BRL
1406,0,2026-06-08,*,,RENDIMENTOS DE CLIENTES LVBI11 S/            113,,,pluggy-cbee2e10-037e-459e-ab4e-772f6f7ec3d3,pluggy,e4d40b2d-f720-4570-8fb6-89c9a12e1e2f,03060000,Proceeds interests and dividends,Assets:Investment:XP:Cash,84.75,BRL
1406,1,2026-06-08,*,,RENDIMENTOS DE CLIENTES LVBI11 S/            113,,,pluggy-cbee2e10-037e-459e-ab4e-772f6f7ec3d3,pluggy,e4d40b2d-f720-4570-8fb6-89c9a12e1e2f,03060000,Proceeds interests and dividends,Income:Investment:XP:Rendimento,-84.75,BRL
1407,0,2026-06-08,*,,RENDIMENTOS DE CLIENTES LVBI11 S/            113,,,pluggy-f18a9eb9-7f39-4d97-9171-1354fdf76a96,pluggy,ffd6004e-1066-4c1c-9ece-826c45ffda7d,04000000,Same person transfer,Assets:Investment:XP:Cash,84.75,BRL
1407,1,2026-06-08,*,,RENDIMENTOS DE CLIENTES LVBI11 S/            113,,,pluggy-f18a9eb9-7f39-4d97-9171-1354fdf76a96,pluggy,ffd6004e-1066-4c1c-9ece-826c45ffda7d,04000000,Same person transfer,Income:Investment:XP:Rendimento,-84.75,BRL
1408,0,2026-06-08,*,,PIX - ENVIADO   08/06 20:09 Paulo Henrique Correa Mag,,,pluggy-3c6163f8-a1a0-4269-b622-881987a4ee7f,pluggy,25eb5f6d-2529-4377-8de5-e38160459cff,05070000,Transfer - PIX,Assets:Investment:BB:Cash,-60,BRL
1408,1,2026-06-08,*,,PIX - ENVIADO   08/06 20:09 Paulo Henrique Correa Mag,,,pluggy-3c6163f8-a1a0-4269-b622-881987a4ee7f,pluggy,25eb5f6d-2529-4377-8de5-e38160459cff,05070000,Transfer - PIX,Expenses:Geral,60,BRL
1409,0,2026-06-09,*,,REAJ.MON. BC,,,pluggy-b760fb1b-6fb0-4710-8f82-bc57e878e60f,pluggy,3d0492b4-0d84-49c0-9945-e3e9adc34d51,06010000,Blocked balances,Assets:Investment:BB:Savings,10.38,BRL
1409,1,2026-06-09,*,,REAJ.MON. BC,,,pluggy-b760fb1b-6fb0-4710-8f82-bc57e878e60f,pluggy,3d0492b4-0d84-49c0-9945-e3e9adc34d51,06010000,Blocked balances,Income:Investment:Interest,-10.38,BRL
1410,0,2026-06-09,*,,JUROS,,,pluggy-6f66a5aa-4cec-4b7d-b6fe-008046eed3dd,pluggy,3d0492b4-0d84-49c0-9945-e3e9adc34d51,02020000,Interests charged,Assets:Investment:BB:Savings,30.44,BRL
1410,1,2026-06-09,*,,JUROS,,,pluggy-6f66a5aa-4cec-4b7d-b6fe-008046eed3dd,pluggy,3d0492b4-0d84-49c0-9945-e3e9adc34d51,02020000,Interests charged,Income:Investment:Interest,-30.44,BRL
1411,0,2026-06-09,*,,PIX - ENVIADO   09/06 20:13 ERIKA DOS SANTOS LIMA,,,pluggy-7cd2dd4b-f3fe-4fc5-ad00-3c8b2cff5898,pluggy,25eb5f6d-2529-4377-8de5-e38160459cff,05070000,Transfer - PIX,Assets:Investment:BB:Cash,-300,BRL
1411,1,2026-06-09,*,,PIX - ENVIADO   09/06 20:13 ERIKA DOS SANTOS LIMA,,,pluggy-7cd2dd4b-f3fe-4fc5-ad00-3c8b2cff5898,pluggy,25eb5f6d-2529-4377-8de5-e38160459cff,05070000,Transfer - PIX,Expenses:Geral,300,BRL
1412,0,2026-06-09,*,,PIX - ENVIADO   09/06 19:25 CBD BILHETE DIGITAL S/A,,,pluggy-1cdefa5a-a828-484c-82b7-416359d43920,pluggy,25eb5f6d-2529-4377-8de5-e38160459cff,07000000,Services,Assets:Investment:BB:Cash,-80,BRL
1412,1,2026-06-09,*,,PIX - ENVIADO   09/06 19:25 CBD BILHETE DIGITAL S/A,,,pluggy-1cdefa5a-a828-484c-82b7-416359d43920,pluggy,25eb5f6d-2529-4377-8de5-e38160459cff,07000000,Services,Expenses:Geral,80,BRL
1413,0,2026-06-09,*,,PIX - ENVIADO   09/06 07:37 MAIS.MOBI,,,pluggy-c37e7dc3-4fcd-4039-a928-eb57aa475e80,pluggy,25eb5f6d-2529-4377-8de5-e38160459cff,07000000,Services,Assets:Investment:BB:Cash,-80,BRL
1413,1,2026-06-09,*,,PIX - ENVIADO   09/06 07:37 MAIS.MOBI,,,pluggy-c37e7dc3-4fcd-4039-a928-eb57aa475e80,pluggy,25eb5f6d-2529-4377-8de5-e38160459cff,07000000,Services,Expenses:Transporte:TransportePublico,80,BRL
1414,0,2026-06-09,*,,REND.FACIL      Rende Facil,,,pluggy-2c08c4c8-f2f5-4bd9-b98e-a83bd52c2071,pluggy,25eb5f6d-2529-4377-8de5-e38160459cff,03060000,Proceeds interests and dividends,Assets:Investment:BB:Cash,109.29,BRL
1414,1,2026-06-09,*,,REND.FACIL      Rende Facil,,,pluggy-2c08c4c8-f2f5-4bd9-b98e-a83bd52c2071,pluggy,25eb5f6d-2529-4377-8de5-e38160459cff,03060000,Proceeds interests and dividends,Income:Investment:Interest,-109.29,BRL
1415,0,2026-06-09,*,,Wellhub Gabriel Barros Sao Paulo     BR,,,pluggy-c415a508-905b-4a5f-9a45-d3e458816105,pluggy,987decad-afee-4c0e-950e-85c3006a4b2e,09000000,Digital services,Liabilities:Credit:BB:Card:PlatinumVisa,-109.9,BRL
1415,1,2026-06-09,*,,Wellhub Gabriel Barros Sao Paulo     BR,,,pluggy-c415a508-905b-4a5f-9a45-d3e458816105,pluggy,987decad-afee-4c0e-950e-85c3006a4b2e,09000000,Digital services,Expenses:Saude:Academia,109.9,BRL
1416,0,2026-06-10,*,,REAJ.MON. BC,,,pluggy-b3772044-33f6-4884-b8fd-1849ad81f2bc,pluggy,3d0492b4-0d84-49c0-9945-e3e9adc34d51,06010000,Blocked balances,Assets:Investment:BB:Savings,3.45,BRL
1416,1,2026-06-10,*,,REAJ.MON. BC,,,pluggy-b3772044-33f6-4884-b8fd-1849ad81f2bc,pluggy,3d0492b4-0d84-49c0-9945-e3e9adc34d51,06010000,Blocked balances,Income:Investment:Interest,-3.45,BRL
1417,0,2026-06-10,*,,JUROS,,,pluggy-9922d52c-4dbb-44e7-b4f1-9bb16c3599af,pluggy,3d0492b4-0d84-49c0-9945-e3e9adc34d51,02020000,Interests charged,Assets:Investment:BB:Savings,10.02,BRL
1417,1,2026-06-10,*,,JUROS,,,pluggy-9922d52c-4dbb-44e7-b4f1-9bb16c3599af,pluggy,3d0492b4-0d84-49c0-9945-e3e9adc34d51,02020000,Interests charged,Income:Investment:Interest,-10.02,BRL
1418,0,2026-06-10,*,,PLANEJADA,,,pluggy-d1992a5c-0b56-4e92-bac5-690b0c5cd01e,pluggy,3d0492b4-0d84-49c0-9945-e3e9adc34d51,03000000,Investments,Assets:Investment:BB:Savings,2000,BRL
1418,1,2026-06-10,*,,PLANEJADA,,,pluggy-d1992a5c-0b56-4e92-bac5-690b0c5cd01e,pluggy,3d0492b4-0d84-49c0-9945-e3e9adc34d51,03000000,Investments,Assets:Investment:BB:Cash,-2000,BRL
1419,0,2026-06-10,*,,PIX - RECEBIDO  10/06 14:15 00005894895774 BEATRIZ VAZ,,,pluggy-419c35e5-554f-4ede-bd55-4624a08f4fc1,pluggy,25eb5f6d-2529-4377-8de5-e38160459cff,05070000,Transfer - PIX,Assets:Investment:BB:Cash,18,BRL
1419,1,2026-06-10,*,,PIX - RECEBIDO  10/06 14:15 00005894895774 BEATRIZ VAZ,,,pluggy-419c35e5-554f-4ede-bd55-4624a08f4fc1,pluggy,25eb5f6d-2529-4377-8de5-e38160459cff,05070000,Transfer - PIX,Equity:Transfers,-18,BRL
1420,0,2026-06-10,*,,TRANSF ENVIADA  15/11 GABRIEL BARROS RODRIGUES,,,pluggy-10321b20-c83c-4341-a21e-194d3aba9f4d,pluggy,25eb5f6d-2529-4377-8de5-e38160459cff,04000000,Same person transfer,Assets:Investment:BB:Cash,-2000,BRL
1420,1,2026-06-10,*,,TRANSF ENVIADA  15/11 GABRIEL BARROS RODRIGUES,,,pluggy-10321b20-c83c-4341-a21e-194d3aba9f4d,pluggy,25eb5f6d-2529-4377-8de5-e38160459cff,04000000,Same person transfer,Assets:Investment:BB:Savings,2000,BRL
1421,0,2026-06-10,*,,PROVENTOS       33.000.167/0001-01 PETROLEO BRASILEIRO,,,pluggy-657a87b2-f141-4cc9-9519-ddaf651af808,pluggy,25eb5f6d-2529-4377-8de5-e38160459cff,03060000,Proceeds interests and dividends,Assets:Investment:BB:Cash,4589.53,BRL
1421,1,2026-06-10,*,,PROVENTOS       33.000.167/0001-01 PETROLEO BRASILEIRO,,,pluggy-657a87b2-f141-4cc9-9519-ddaf651af808,pluggy,25eb5f6d-2529-4377-8de5-e38160459cff,03060000,Proceeds interests and dividends,Income:Salario,-4589.53,BRL
1422,0,2026-06-10,*,,REND.FACIL      Rende Facil,,,pluggy-c901f2bc-9496-40e0-8ff4-499625ad254b,pluggy,25eb5f6d-2529-4377-8de5-e38160459cff,03060000,Proceeds interests and dividends,Assets:Investment:BB:Cash,460,BRL
1422,1,2026-06-10,*,,REND.FACIL      Rende Facil,,,pluggy-c901f2bc-9496-40e0-8ff4-499625ad254b,pluggy,25eb5f6d-2529-4377-8de5-e38160459cff,03060000,Proceeds interests and dividends,Income:Investment:Interest,-460,BRL
1423,0,2026-06-10,*,,MAXI BELEZA            RIO DE JANEIR BR,,,pluggy-c16665b3-e9c1-492a-9720-86c4664767ec,pluggy,75f30132-31a8-4b54-9be0-648009b118db,07000000,Services,Liabilities:Credit:BB:Card:EloGrafite,-18,BRL
1423,1,2026-06-10,*,,MAXI BELEZA            RIO DE JANEIR BR,,,pluggy-c16665b3-e9c1-492a-9720-86c4664767ec,pluggy,75f30132-31a8-4b54-9be0-648009b118db,07000000,Services,Expenses:Geral,18,BRL
1424,0,2026-06-10,*,,PGTO DEBITO CONTA 3836 000000008  200211,,,pluggy-541c72e1-d7c5-4b4b-98a4-23ab97fc1488,pluggy,75f30132-31a8-4b54-9be0-648009b118db,05060000,Transfer - Internal,Liabilities:Credit:BB:Card:EloGrafite,238.72,BRL
1424,1,2026-06-10,*,,PGTO DEBITO CONTA 3836 000000008  200211,,,pluggy-541c72e1-d7c5-4b4b-98a4-23ab97fc1488,pluggy,75f30132-31a8-4b54-9be0-648009b118db,05060000,Transfer - Internal,Assets:Investment:BB:Cash,-238.72,BRL
1425,0,2026-06-10,*,,DOUTOR SILVESTRE       RIO DE JANEIR BR,,,pluggy-e79f7926-a7bd-4cd8-8e33-5d78533a0ed2,pluggy,987decad-afee-4c0e-950e-85c3006a4b2e,05000000,Transfers,Liabilities:Credit:BB:Card:PlatinumVisa,-80,BRL
1425,1,2026-06-10,*,,DOUTOR SILVESTRE       RIO DE JANEIR BR,,,pluggy-e79f7926-a7bd-4cd8-8e33-5d78533a0ed2,pluggy,987decad-afee-4c0e-950e-85c3006a4b2e,05000000,Transfers,Expenses:Pet:Veterinario,80,BRL
1426,0,2026-06-10,*,,PGTO DEBITO CONTA 3836 000009800  200211,,,pluggy-0e4a1126-2a63-4beb-b6d1-f5203258de3d,pluggy,987decad-afee-4c0e-950e-85c3006a4b2e,05060000,Transfer - Internal,Liabilities:Credit:BB:Card:PlatinumVisa,1558.04,BRL
1426,1,2026-06-10,*,,PGTO DEBITO CONTA 3836 000009800  200211,,,pluggy-0e4a1126-2a63-4beb-b6d1-f5203258de3d,pluggy,987decad-afee-4c0e-950e-85c3006a4b2e,05060000,Transfer - Internal,Assets:Investment:BB:Cash,-1558.04,BRL
1427,0,2026-06-11,*,,PGTO CARTAO     PLATINUM ESTILO VISA,,,pluggy-de368b4b-a7d4-410f-b069-f835aa5ba8d0,pluggy,25eb5f6d-2529-4377-8de5-e38160459cff,05100000,Credit card payment,Assets:Investment:BB:Cash,-1558.04,BRL
1427,1,2026-06-11,*,,PGTO CARTAO     PLATINUM ESTILO VISA,,,pluggy-de368b4b-a7d4-410f-b069-f835aa5ba8d0,pluggy,25eb5f6d-2529-4377-8de5-e38160459cff,05100000,Credit card payment,Liabilities:Credit:BB:Card:PlatinumVisa,1558.04,BRL
1428,0,2026-06-11,*,,PGTO CARTAO     ELO GRAFITE ESTILO,,,pluggy-4c2fcef1-9248-47c3-b739-e8fac709f032,pluggy,25eb5f6d-2529-4377-8de5-e38160459cff,05100000,Credit card payment,Assets:Investment:BB:Cash,-238.72,BRL
1428,1,2026-06-11,*,,PGTO CARTAO     ELO GRAFITE ESTILO,,,pluggy-4c2fcef1-9248-47c3-b739-e8fac709f032,pluggy,25eb5f6d-2529-4377-8de5-e38160459cff,05100000,Credit card payment,Liabilities:Credit:BB:Card:EloGrafite,238.72,BRL
1429,0,2026-06-11,*,,RENDE FACIL     Rende Facil,,,pluggy-b6bad0d4-660c-4d78-889e-a4a34cff00c9,pluggy,25eb5f6d-2529-4377-8de5-e38160459cff,03010000,Automatic investment,Assets:Investment:BB:Cash,-810.77,BRL
1429,1,2026-06-11,*,,RENDE FACIL     Rende Facil,,,pluggy-b6bad0d4-660c-4d78-889e-a4a34cff00c9,pluggy,25eb5f6d-2529-4377-8de5-e38160459cff,03010000,Automatic investment,Assets:TODO,810.77,BRL
1430,0,2026-06-11,*,,DROGARIAS PACHECO SA   RIO DE JANEIR BR,,,pluggy-870fb3d8-d80c-4fbd-a19a-01e8e044f29b,pluggy,75f30132-31a8-4b54-9be0-648009b118db,18020000,Pharmacy,Liabilities:Credit:BB:Card:EloGrafite,-159.54,BRL
1430,1,2026-06-11,*,,DROGARIAS PACHECO SA   RIO DE JANEIR BR,,,pluggy-870fb3d8-d80c-4fbd-a19a-01e8e044f29b,pluggy,75f30132-31a8-4b54-9be0-648009b118db,18020000,Pharmacy,Expenses:Saude:Farmacia,159.54,BRL
1431,0,2026-06-12,*,,IFD FBRANDS PARTICIPAC RIO DE JANEIR BR,,,pluggy-93001e41-653f-40f4-907f-41ff19533a0b,pluggy,75f30132-31a8-4b54-9be0-648009b118db,11020000,Food delivery,Liabilities:Credit:BB:Card:EloGrafite,-75.78,BRL
1431,1,2026-06-12,*,,IFD FBRANDS PARTICIPAC RIO DE JANEIR BR,,,pluggy-93001e41-653f-40f4-907f-41ff19533a0b,pluggy,75f30132-31a8-4b54-9be0-648009b118db,11020000,Food delivery,Expenses:Alimentação:Delivery,75.78,BRL
1432,0,2026-06-12,*,,Google One             SAO PAULO     BR,,,pluggy-e6be5f8e-d367-485c-b1ab-a40f25ec7bb9,pluggy,987decad-afee-4c0e-950e-85c3006a4b2e,09000000,Digital services,Liabilities:Credit:BB:Card:PlatinumVisa,-4.5,BRL
1432,1,2026-06-12,*,,Google One             SAO PAULO     BR,,,pluggy-e6be5f8e-d367-485c-b1ab-a40f25ec7bb9,pluggy,987decad-afee-4c0e-950e-85c3006a4b2e,09000000,Digital services,Expenses:Mensalidades:Outras,4.5,BRL
1433,0,2026-06-12,*,,SUPERM PRINCESA LJ 165 RIO DE JANEIR BR,,,pluggy-0e261eae-8883-4012-8053-a988dad85df1,pluggy,987decad-afee-4c0e-950e-85c3006a4b2e,10000000,Groceries,Liabilities:Credit:BB:Card:PlatinumVisa,-27.76,BRL
1433,1,2026-06-12,*,,SUPERM PRINCESA LJ 165 RIO DE JANEIR BR,,,pluggy-0e261eae-8883-4012-8053-a988dad85df1,pluggy,987decad-afee-4c0e-950e-85c3006a4b2e,10000000,Groceries,Expenses:Alimentação:Mercado,27.76,BRL
1434,0,2026-06-12,*,,PETZ DIGITAL           EMBU          BR,,,pluggy-4feac05b-b511-48d3-932c-f1310530f94b,pluggy,987decad-afee-4c0e-950e-85c3006a4b2e,08030000,Pet supplies and vet,Liabilities:Credit:BB:Card:PlatinumVisa,-76.12,BRL
1434,1,2026-06-12,*,,PETZ DIGITAL           EMBU          BR,,,pluggy-4feac05b-b511-48d3-932c-f1310530f94b,pluggy,987decad-afee-4c0e-950e-85c3006a4b2e,08030000,Pet supplies and vet,Expenses:Pet:Petshop,76.12,BRL
1435,0,2026-06-13,*,,DROGARIAS PACHECO SA   RIO DE JANEIR BR,,,pluggy-e47a088b-dad7-4a2e-ae09-60ff112a3cf1,pluggy,75f30132-31a8-4b54-9be0-648009b118db,18020000,Pharmacy,Liabilities:Credit:BB:Card:EloGrafite,-183.64,BRL
1435,1,2026-06-13,*,,DROGARIAS PACHECO SA   RIO DE JANEIR BR,,,pluggy-e47a088b-dad7-4a2e-ae09-60ff112a3cf1,pluggy,75f30132-31a8-4b54-9be0-648009b118db,18020000,Pharmacy,Expenses:Saude:Farmacia,183.64,BRL
1436,0,2026-06-13,*,,PETZ DIGITAL           EMBU          BR,,,pluggy-48d59e1e-52ad-409c-93bf-2750f70d8752,pluggy,987decad-afee-4c0e-950e-85c3006a4b2e,08030000,Pet supplies and vet,Liabilities:Credit:BB:Card:PlatinumVisa,-77.34,BRL
1436,1,2026-06-13,*,,PETZ DIGITAL           EMBU          BR,,,pluggy-48d59e1e-52ad-409c-93bf-2750f70d8752,pluggy,987decad-afee-4c0e-950e-85c3006a4b2e,08030000,Pet supplies and vet,Expenses:Pet:Petshop,77.34,BRL
1437,0,2026-06-13,*,,DL          *UberRides Sao Paulo     BR,,,pluggy-f860fa27-b5d8-401a-bc28-c38018feeb07,pluggy,987decad-afee-4c0e-950e-85c3006a4b2e,19010000,Taxi and ride-hailing,Liabilities:Credit:BB:Card:PlatinumVisa,-10.96,BRL
1437,1,2026-06-13,*,,DL          *UberRides Sao Paulo     BR,,,pluggy-f860fa27-b5d8-401a-bc28-c38018feeb07,pluggy,987decad-afee-4c0e-950e-85c3006a4b2e,19010000,Taxi and ride-hailing,Expenses:Transporte:Uber,10.96,BRL
1438,0,2026-06-13,*,,DL          *UberRides Sao Paulo     BR,,,pluggy-9092f0fb-c64f-4494-9e6f-075847fce7bd,pluggy,987decad-afee-4c0e-950e-85c3006a4b2e,19010000,Taxi and ride-hailing,Liabilities:Credit:BB:Card:PlatinumVisa,-20.95,BRL
1438,1,2026-06-13,*,,DL          *UberRides Sao Paulo     BR,,,pluggy-9092f0fb-c64f-4494-9e6f-075847fce7bd,pluggy,987decad-afee-4c0e-950e-85c3006a4b2e,19010000,Taxi and ride-hailing,Expenses:Transporte:Uber,20.95,BRL
1439,0,2026-06-13,*,,DL          *UberRides Sao Paulo     BR,,,pluggy-1dcf73be-be13-4da7-9454-d4867831672f,pluggy,987decad-afee-4c0e-950e-85c3006a4b2e,19010000,Taxi and ride-hailing,Liabilities:Credit:BB:Card:PlatinumVisa,-20.94,BRL
1439,1,2026-06-13,*,,DL          *UberRides Sao Paulo     BR,,,pluggy-1dcf73be-be13-4da7-9454-d4867831672f,pluggy,987decad-afee-4c0e-950e-85c3006a4b2e,19010000,Taxi and ride-hailing,Expenses:Transporte:Uber,20.94,BRL
1440,0,2026-06-14,*,,99APP        99App     Sao Paulo     BR,,,pluggy-a488e642-ad44-46f4-97b3-c48eca6d6e5a,pluggy,75f30132-31a8-4b54-9be0-648009b118db,19010000,Taxi and ride-hailing,Liabilities:Credit:BB:Card:EloGrafite,-54,BRL
1440,1,2026-06-14,*,,99APP        99App     Sao Paulo     BR,,,pluggy-a488e642-ad44-46f4-97b3-c48eca6d6e5a,pluggy,75f30132-31a8-4b54-9be0-648009b118db,19010000,Taxi and ride-hailing,Expenses:Transporte:Uber,54,BRL
1441,0,2026-06-14,*,,EspetoExclusivo        NITEROI       BR,,,pluggy-cd4d3a34-f2f5-4ad5-bffe-7232972ec0bb,pluggy,75f30132-31a8-4b54-9be0-648009b118db,11010000,Eating out,Liabilities:Credit:BB:Card:EloGrafite,-156.2,BRL
1441,1,2026-06-14,*,,EspetoExclusivo        NITEROI       BR,,,pluggy-cd4d3a34-f2f5-4ad5-bffe-7232972ec0bb,pluggy,75f30132-31a8-4b54-9be0-648009b118db,11010000,Eating out,Expenses:Alimentação:Restaurante,156.2,BRL
1442,0,2026-06-14,*,,99APP        99App     Sao Paulo     BR,,,pluggy-c304bc97-f679-4f22-bb09-0cba5d9e39f2,pluggy,75f30132-31a8-4b54-9be0-648009b118db,19010000,Taxi and ride-hailing,Liabilities:Credit:BB:Card:EloGrafite,-64.6,BRL
1442,1,2026-06-14,*,,99APP        99App     Sao Paulo     BR,,,pluggy-c304bc97-f679-4f22-bb09-0cba5d9e39f2,pluggy,75f30132-31a8-4b54-9be0-648009b118db,19010000,Taxi and ride-hailing,Expenses:Transporte:Uber,64.6,BRL
1443,0,2026-06-15,*,,RENDIMENTOS DE CLIENTES HGRU11 S/            129,,,pluggy-4857b98d-c779-4e2d-82fc-64fe1b97ed01,pluggy,e4d40b2d-f720-4570-8fb6-89c9a12e1e2f,03060000,Proceeds interests and dividends,Assets:Investment:XP:Cash,122.55,BRL
1443,1,2026-06-15,*,,RENDIMENTOS DE CLIENTES HGRU11 S/            129,,,pluggy-4857b98d-c779-4e2d-82fc-64fe1b97ed01,pluggy,e4d40b2d-f720-4570-8fb6-89c9a12e1e2f,03060000,Proceeds interests and dividends,Income:Investment:XP:Rendimento,-122.55,BRL
1444,0,2026-06-15,*,,RENDIMENTOS DE CLIENTES HGLG11 S/             99,,,pluggy-4028e327-45ce-4607-9855-77a8beee13be,pluggy,e4d40b2d-f720-4570-8fb6-89c9a12e1e2f,19010000,Taxi and ride-hailing,Assets:Investment:XP:Cash,108.9,BRL
1444,1,2026-06-15,*,,RENDIMENTOS DE CLIENTES HGLG11 S/             99,,,pluggy-4028e327-45ce-4607-9855-77a8beee13be,pluggy,e4d40b2d-f720-4570-8fb6-89c9a12e1e2f,19010000,Taxi and ride-hailing,Income:Investment:XP:Rendimento,-108.9,BRL
1445,0,2026-06-15,*,,RENDIMENTOS DE CLIENTES PMLL11 S/            153,,,pluggy-f7bf7c75-454b-4870-9e57-61d997bbf4c7,pluggy,ffd6004e-1066-4c1c-9ece-826c45ffda7d,03060000,Proceeds interests and dividends,Assets:Investment:XP:Cash,153,BRL
1445,1,2026-06-15,*,,RENDIMENTOS DE CLIENTES PMLL11 S/            153,,,pluggy-f7bf7c75-454b-4870-9e57-61d997bbf4c7,pluggy,ffd6004e-1066-4c1c-9ece-826c45ffda7d,03060000,Proceeds interests and dividends,Income:Investment:XP:Rendimento,-153,BRL
1446,0,2026-06-15,*,,RENDIMENTOS DE CLIENTES PMLL11 S/            153,,,pluggy-06cd6b19-debf-48bf-84be-4342c38f7bf1,pluggy,e4d40b2d-f720-4570-8fb6-89c9a12e1e2f,03060000,Proceeds interests and dividends,Assets:Investment:XP:Cash,153,BRL
1446,1,2026-06-15,*,,RENDIMENTOS DE CLIENTES PMLL11 S/            153,,,pluggy-06cd6b19-debf-48bf-84be-4342c38f7bf1,pluggy,e4d40b2d-f720-4570-8fb6-89c9a12e1e2f,03060000,Proceeds interests and dividends,Income:Investment:XP:Rendimento,-153,BRL
1447,0,2026-06-15,*,,RENDIMENTOS DE CLIENTES HGRU11 S/            129,,,pluggy-4924e5ee-b530-45c4-9ea3-d27ebb82a5e4,pluggy,ffd6004e-1066-4c1c-9ece-826c45ffda7d,03060000,Proceeds interests and dividends,Assets:Investment:XP:Cash,122.55,BRL
1447,1,2026-06-15,*,,RENDIMENTOS DE CLIENTES HGRU11 S/            129,,,pluggy-4924e5ee-b530-45c4-9ea3-d27ebb82a5e4,pluggy,ffd6004e-1066-4c1c-9ece-826c45ffda7d,03060000,Proceeds interests and dividends,Income:Investment:XP:Rendimento,-122.55,BRL
1448,0,2026-06-15,*,,RENDIMENTOS DE CLIENTES HGLG11 S/             99,,,pluggy-3af1340f-840d-4dd0-bf19-99623b6f2574,pluggy,ffd6004e-1066-4c1c-9ece-826c45ffda7d,19010000,Taxi and ride-hailing,Assets:Investment:XP:Cash,108.9,BRL
1448,1,2026-06-15,*,,RENDIMENTOS DE CLIENTES HGLG11 S/             99,,,pluggy-3af1340f-840d-4dd0-bf19-99623b6f2574,pluggy,ffd6004e-1066-4c1c-9ece-826c45ffda7d,19010000,Taxi and ride-hailing,Income:Investment:XP:Rendimento,-108.9,BRL
1449,0,2026-06-15,*,,PIX - ENVIADO   15/06 16:36 MAIS.MOBI,,,pluggy-b12a079b-4594-4042-b802-43d5284c8773,pluggy,25eb5f6d-2529-4377-8de5-e38160459cff,07000000,Services,Assets:Investment:BB:Cash,-80,BRL
1449,1,2026-06-15,*,,PIX - ENVIADO   15/06 16:36 MAIS.MOBI,,,pluggy-b12a079b-4594-4042-b802-43d5284c8773,pluggy,25eb5f6d-2529-4377-8de5-e38160459cff,07000000,Services,Expenses:Transporte:TransportePublico,80,BRL
1450,0,2026-06-15,*,,Drogarias Pacheco S.A. Rio d Janeiro BR,,,pluggy-718b62f8-4304-40f2-a515-105918f29034,pluggy,987decad-afee-4c0e-950e-85c3006a4b2e,18020000,Pharmacy,Liabilities:Credit:BB:Card:PlatinumVisa,-69.89,BRL
1450,1,2026-06-15,*,,Drogarias Pacheco S.A. Rio d Janeiro BR,,,pluggy-718b62f8-4304-40f2-a515-105918f29034,pluggy,987decad-afee-4c0e-950e-85c3006a4b2e,18020000,Pharmacy,Expenses:Saude:Farmacia,69.89,BRL
1451,0,2026-06-16,*,,RENDIMENTOS DE CLIENTES PCIP11 S/            147,,,pluggy-be008aa0-dc22-48b7-8e79-deea3bcfb169,pluggy,ffd6004e-1066-4c1c-9ece-826c45ffda7d,03060000,Proceeds interests and dividends,Assets:Investment:XP:Cash,130.83,BRL
1451,1,2026-06-16,*,,RENDIMENTOS DE CLIENTES PCIP11 S/            147,,,pluggy-be008aa0-dc22-48b7-8e79-deea3bcfb169,pluggy,ffd6004e-1066-4c1c-9ece-826c45ffda7d,03060000,Proceeds interests and dividends,Income:Investment:XP:Rendimento,-130.83,BRL
1452,0,2026-06-16,*,,REND.FACIL      Rende Facil,,,pluggy-4af74e10-4d06-4121-8bc5-13a9f26a1289,pluggy,25eb5f6d-2529-4377-8de5-e38160459cff,03060000,Proceeds interests and dividends,Assets:Investment:BB:Cash,80,BRL
1452,1,2026-06-16,*,,REND.FACIL      Rende Facil,,,pluggy-4af74e10-4d06-4121-8bc5-13a9f26a1289,pluggy,25eb5f6d-2529-4377-8de5-e38160459cff,03060000,Proceeds interests and dividends,Income:Investment:Interest,-80,BRL
1453,0,2026-06-16,*,,UBER * PENDING         SAO PAULO     BR,,,pluggy-0e9d6bdf-5ce5-4819-9500-1b4c3c11355a,pluggy,987decad-afee-4c0e-950e-85c3006a4b2e,19010000,Taxi and ride-hailing,Liabilities:Credit:BB:Card:PlatinumVisa,-13.83,BRL
1453,1,2026-06-16,*,,UBER * PENDING         SAO PAULO     BR,,,pluggy-0e9d6bdf-5ce5-4819-9500-1b4c3c11355a,pluggy,987decad-afee-4c0e-950e-85c3006a4b2e,19010000,Taxi and ride-hailing,Expenses:Transporte:Uber,13.83,BRL
1454,0,2026-06-17,*,,PIX - ENVIADO   17/06 14:59 ANA CAROLINA DE ABREU ESC,,,pluggy-1530e810-169d-4345-b707-1b0fcc1d9823,pluggy,25eb5f6d-2529-4377-8de5-e38160459cff,05070000,Transfer - PIX,Assets:Investment:BB:Cash,-122,BRL
1454,1,2026-06-17,*,,PIX - ENVIADO   17/06 14:59 ANA CAROLINA DE ABREU ESC,,,pluggy-1530e810-169d-4345-b707-1b0fcc1d9823,pluggy,25eb5f6d-2529-4377-8de5-e38160459cff,05070000,Transfer - PIX,Expenses:Geral:Caol,122,BRL
1455,0,2026-06-17,*,,PIX - ENVIADO   17/06 12:41 SIMOES & FERNANDES IMOVEI,,,pluggy-261b3dae-597f-4532-97a7-1f0d2504fd87,pluggy,25eb5f6d-2529-4377-8de5-e38160459cff,07000000,Services,Assets:Investment:BB:Cash,-100,BRL
1455,1,2026-06-17,*,,PIX - ENVIADO   17/06 12:41 SIMOES & FERNANDES IMOVEI,,,pluggy-261b3dae-597f-4532-97a7-1f0d2504fd87,pluggy,25eb5f6d-2529-4377-8de5-e38160459cff,07000000,Services,Expenses:Geral,100,BRL
1456,0,2026-06-17,*,,PIX OFB ENVIO   17/06 09:08 RODRIGO DA CUNHA MANGELLI,,,pluggy-c459ba46-8671-4ded-ab57-80568760f586,pluggy,25eb5f6d-2529-4377-8de5-e38160459cff,05070000,Transfer - PIX,Assets:Investment:BB:Cash,-3.25,BRL
1456,1,2026-06-17,*,,PIX OFB ENVIO   17/06 09:08 RODRIGO DA CUNHA MANGELLI,,,pluggy-c459ba46-8671-4ded-ab57-80568760f586,pluggy,25eb5f6d-2529-4377-8de5-e38160459cff,05070000,Transfer - PIX,Expenses:Geral,3.25,BRL
1457,0,2026-06-17,*,,SUPERM PRINCESA LJ 165 RIO DE JANEIR BR,,,pluggy-ba38e01a-b17a-4c24-abf9-b95aa7114b10,pluggy,987decad-afee-4c0e-950e-85c3006a4b2e,10000000,Groceries,Liabilities:Credit:BB:Card:PlatinumVisa,-59.73,BRL
1457,1,2026-06-17,*,,SUPERM PRINCESA LJ 165 RIO DE JANEIR BR,,,pluggy-ba38e01a-b17a-4c24-abf9-b95aa7114b10,pluggy,987decad-afee-4c0e-950e-85c3006a4b2e,10000000,Groceries,Expenses:Alimentação:Mercado,59.73,BRL
1458,0,2026-06-17,*,,Google One             SAO PAULO     BR,,,pluggy-c2899aaf-3d43-49da-a54a-55ebe3e663ce,pluggy,987decad-afee-4c0e-950e-85c3006a4b2e,09000000,Digital services,Liabilities:Credit:BB:Card:PlatinumVisa,-9.99,BRL
1458,1,2026-06-17,*,,Google One             SAO PAULO     BR,,,pluggy-c2899aaf-3d43-49da-a54a-55ebe3e663ce,pluggy,987decad-afee-4c0e-950e-85c3006a4b2e,09000000,Digital services,Expenses:Mensalidades:Outras,9.99,BRL
1459,0,2026-06-17,*,,CAES E GATOS PET SHOP  RIO DE JANEIR BR,,,pluggy-5733e63c-17be-4f71-bee2-3d7f290b7560,pluggy,987decad-afee-4c0e-950e-85c3006a4b2e,08030000,Pet supplies and vet,Liabilities:Credit:BB:Card:PlatinumVisa,-44.1,BRL
1459,1,2026-06-17,*,,CAES E GATOS PET SHOP  RIO DE JANEIR BR,,,pluggy-5733e63c-17be-4f71-bee2-3d7f290b7560,pluggy,987decad-afee-4c0e-950e-85c3006a4b2e,08030000,Pet supplies and vet,Expenses:Pet:Petshop,44.1,BRL
1460,0,2026-06-18,*,,REND.FACIL      Rende Facil,,,pluggy-a4b5413b-3d01-4df2-a0fc-186b405fd924,pluggy,25eb5f6d-2529-4377-8de5-e38160459cff,03060000,Proceeds interests and dividends,Assets:Investment:BB:Cash,225.25,BRL
1460,1,2026-06-18,*,,REND.FACIL      Rende Facil,,,pluggy-a4b5413b-3d01-4df2-a0fc-186b405fd924,pluggy,25eb5f6d-2529-4377-8de5-e38160459cff,03060000,Proceeds interests and dividends,Income:Investment:Interest,-225.25,BRL
1461,0,2026-06-18,*,,DOUTOR SILVESTRE       RIO DE JANEIR BR,,,pluggy-42ed4d53-5ca8-4402-9389-2c414daf2e2d,pluggy,987decad-afee-4c0e-950e-85c3006a4b2e,05000000,Transfers,Liabilities:Credit:BB:Card:PlatinumVisa,-80,BRL
1461,1,2026-06-18,*,,DOUTOR SILVESTRE       RIO DE JANEIR BR,,,pluggy-42ed4d53-5ca8-4402-9389-2c414daf2e2d,pluggy,987decad-afee-4c0e-950e-85c3006a4b2e,05000000,Transfers,Expenses:Pet:Veterinario,80,BRL
1462,0,2026-06-18,*,,DL*UberRides           Sao Paulo     BR,,,pluggy-1c9b0274-4b34-446b-9643-766216ac460d,pluggy,987decad-afee-4c0e-950e-85c3006a4b2e,19010000,Taxi and ride-hailing,Liabilities:Credit:BB:Card:PlatinumVisa,-18.96,BRL
1462,1,2026-06-18,*,,DL*UberRides           Sao Paulo     BR,,,pluggy-1c9b0274-4b34-446b-9643-766216ac460d,pluggy,987decad-afee-4c0e-950e-85c3006a4b2e,19010000,Taxi and ride-hailing,Expenses:Transporte:Uber,18.96,BRL
1463,0,2026-06-18,*,,DL          *UberRides Sao Paulo     BR,,,pluggy-ab77e2e6-8449-43d4-84a8-395e70ba6b35,pluggy,987decad-afee-4c0e-950e-85c3006a4b2e,19010000,Taxi and ride-hailing,Liabilities:Credit:BB:Card:PlatinumVisa,-30.99,BRL
1463,1,2026-06-18,*,,DL          *UberRides Sao Paulo     BR,,,pluggy-ab77e2e6-8449-43d4-84a8-395e70ba6b35,pluggy,987decad-afee-4c0e-950e-85c3006a4b2e,19010000,Taxi and ride-hailing,Expenses:Transporte:Uber,30.99,BRL
1464,0,2026-06-18,*,,DL*UberRides           Sao Paulo     BR,,,pluggy-604ee18f-3b89-445e-b9e2-843a4d48be33,pluggy,987decad-afee-4c0e-950e-85c3006a4b2e,19010000,Taxi and ride-hailing,Liabilities:Credit:BB:Card:PlatinumVisa,-8.94,BRL
1464,1,2026-06-18,*,,DL*UberRides           Sao Paulo     BR,,,pluggy-604ee18f-3b89-445e-b9e2-843a4d48be33,pluggy,987decad-afee-4c0e-950e-85c3006a4b2e,19010000,Taxi and ride-hailing,Expenses:Transporte:Uber,8.94,BRL
1465,0,2026-06-19,*,,PIX OFB ENVIO   19/06 19:00 MAIS MOBI SERVICOS LTDA,,,pluggy-b3ebaad5-66c1-4602-a502-59cc531aebb2,pluggy,25eb5f6d-2529-4377-8de5-e38160459cff,07000000,Services,Assets:Investment:BB:Cash,-80,BRL
1465,1,2026-06-19,*,,PIX OFB ENVIO   19/06 19:00 MAIS MOBI SERVICOS LTDA,,,pluggy-b3ebaad5-66c1-4602-a502-59cc531aebb2,pluggy,25eb5f6d-2529-4377-8de5-e38160459cff,07000000,Services,Expenses:Transporte:TransportePublico,80,BRL
1466,0,2026-06-19,*,,PIX - ENVIADO   19/06 12:50 F5 INFORMATICA LTDA,,,pluggy-6caf3405-75d5-470a-8c0b-38369e09dd9a,pluggy,25eb5f6d-2529-4377-8de5-e38160459cff,08020000,Electronics,Assets:Investment:BB:Cash,-1490,BRL
1466,1,2026-06-19,*,,PIX - ENVIADO   19/06 12:50 F5 INFORMATICA LTDA,,,pluggy-6caf3405-75d5-470a-8c0b-38369e09dd9a,pluggy,25eb5f6d-2529-4377-8de5-e38160459cff,08020000,Electronics,Expenses:Geral,1490,BRL
1467,0,2026-06-19,*,,CAES E GATOS PET SHOP  RIO DE JANEIR BR,,,pluggy-a9e11ec9-644d-44e0-8aee-54df3515adcc,pluggy,987decad-afee-4c0e-950e-85c3006a4b2e,08030000,Pet supplies and vet,Liabilities:Credit:BB:Card:PlatinumVisa,-21.5,BRL
1467,1,2026-06-19,*,,CAES E GATOS PET SHOP  RIO DE JANEIR BR,,,pluggy-a9e11ec9-644d-44e0-8aee-54df3515adcc,pluggy,987decad-afee-4c0e-950e-85c3006a4b2e,08030000,Pet supplies and vet,Expenses:Pet:Petshop,21.5,BRL
1468,0,2026-06-20,*,,REND.FACIL      Rende Facil,,,pluggy-fd96c92c-0db6-44aa-96c3-8589a60a173d,pluggy,25eb5f6d-2529-4377-8de5-e38160459cff,03060000,Proceeds interests and dividends,Assets:Investment:BB:Cash,1570,BRL
1468,1,2026-06-20,*,,REND.FACIL      Rende Facil,,,pluggy-fd96c92c-0db6-44aa-96c3-8589a60a173d,pluggy,25eb5f6d-2529-4377-8de5-e38160459cff,03060000,Proceeds interests and dividends,Income:Investment:Interest,-1570,BRL
1469,0,2026-06-20,*,,POSTO PALACIO          RIO DE JANEIR BR,,,pluggy-47ba33e9-a734-43ff-b8f3-c6352247de72,pluggy,75f30132-31a8-4b54-9be0-648009b118db,19050001,Gas stations,Liabilities:Credit:BB:Card:EloGrafite,-100,BRL
1469,1,2026-06-20,*,,POSTO PALACIO          RIO DE JANEIR BR,,,pluggy-47ba33e9-a734-43ff-b8f3-c6352247de72,pluggy,75f30132-31a8-4b54-9be0-648009b118db,19050001,Gas stations,Expenses:Transporte:Combustivel,100,BRL
1470,0,2026-06-20,*,,ASSAI ATACADISTA       RIO DE JANEIR BR,,,pluggy-fbb41b86-e5a6-4c1d-9201-71fc0791ea88,pluggy,75f30132-31a8-4b54-9be0-648009b118db,10000000,Groceries,Liabilities:Credit:BB:Card:EloGrafite,-94.35,BRL
1470,1,2026-06-20,*,,ASSAI ATACADISTA       RIO DE JANEIR BR,,,pluggy-fbb41b86-e5a6-4c1d-9201-71fc0791ea88,pluggy,75f30132-31a8-4b54-9be0-648009b118db,10000000,Groceries,Expenses:Alimentação:Mercado,94.35,BRL
1471,0,2026-06-20,*,,INTELIGENTE PAR5       RIO DE JANEIR BR,,,pluggy-fdaae8df-2972-481e-bdb4-44375745ca81,pluggy,75f30132-31a8-4b54-9be0-648009b118db,19050002,Parking,Liabilities:Credit:BB:Card:EloGrafite,-27,BRL
1471,1,2026-06-20,*,,INTELIGENTE PAR5       RIO DE JANEIR BR,,,pluggy-fdaae8df-2972-481e-bdb4-44375745ca81,pluggy,75f30132-31a8-4b54-9be0-648009b118db,19050002,Parking,Expenses:Geral,27,BRL
1472,0,2026-06-20,*,,PETZ EXTRA MARACANA    RIO DE JANEIR BR,,,pluggy-0ecfad20-3a1c-4a71-81e2-5a84a694398a,pluggy,987decad-afee-4c0e-950e-85c3006a4b2e,08030000,Pet supplies and vet,Liabilities:Credit:BB:Card:PlatinumVisa,-49.98,BRL
1472,1,2026-06-20,*,,PETZ EXTRA MARACANA    RIO DE JANEIR BR,,,pluggy-0ecfad20-3a1c-4a71-81e2-5a84a694398a,pluggy,987decad-afee-4c0e-950e-85c3006a4b2e,08030000,Pet supplies and vet,Expenses:Pet:Petshop,49.98,BRL
1473,0,2026-06-20,*,,METRO RJ               RIO DE JANEIR BR,,,pluggy-87b122c0-ce1c-4e4e-9a62-1b715caf2306,pluggy,987decad-afee-4c0e-950e-85c3006a4b2e,19020000,Public transportation,Liabilities:Credit:BB:Card:PlatinumVisa,-7.9,BRL
1473,1,2026-06-20,*,,METRO RJ               RIO DE JANEIR BR,,,pluggy-87b122c0-ce1c-4e4e-9a62-1b715caf2306,pluggy,987decad-afee-4c0e-950e-85c3006a4b2e,19020000,Public transportation,Expenses:Transporte:TransportePublico,7.9,BRL
1474,0,2026-06-22,*,,MERCADOLIVRE*NYPETS    SAO PAULO     BR,,,pluggy-d369d37f-7ce7-4360-8aec-ed11b9a206fc,pluggy,987decad-afee-4c0e-950e-85c3006a4b2e,08030000,Pet supplies and vet,Liabilities:Credit:BB:Card:PlatinumVisa,-84.89,BRL
1474,1,2026-06-22,*,,MERCADOLIVRE*NYPETS    SAO PAULO     BR,,,pluggy-d369d37f-7ce7-4360-8aec-ed11b9a206fc,pluggy,987decad-afee-4c0e-950e-85c3006a4b2e,08030000,Pet supplies and vet,Expenses:Pet:Petshop,84.89,BRL
1475,0,2026-06-22,*,,PETZ DIGITAL           EMBU          BR,,,pluggy-3e269d97-2c1f-40a8-bbd1-6284d316c761,pluggy,987decad-afee-4c0e-950e-85c3006a4b2e,08030000,Pet supplies and vet,Liabilities:Credit:BB:Card:PlatinumVisa,-219.93,BRL
1475,1,2026-06-22,*,,PETZ DIGITAL           EMBU          BR,,,pluggy-3e269d97-2c1f-40a8-bbd1-6284d316c761,pluggy,987decad-afee-4c0e-950e-85c3006a4b2e,08030000,Pet supplies and vet,Expenses:Pet:Petshop,219.93,BRL
1476,0,2026-06-22,*,,DL*UberRides           Sao Paulo     BR,,,pluggy-9b326d0a-0ec8-48b9-9020-6e1047c8fa85,pluggy,987decad-afee-4c0e-950e-85c3006a4b2e,19010000,Taxi and ride-hailing,Liabilities:Credit:BB:Card:PlatinumVisa,-13.99,BRL
1476,1,2026-06-22,*,,DL*UberRides           Sao Paulo     BR,,,pluggy-9b326d0a-0ec8-48b9-9020-6e1047c8fa85,pluggy,987decad-afee-4c0e-950e-85c3006a4b2e,19010000,Taxi and ride-hailing,Expenses:Transporte:Uber,13.99,BRL
1477,0,2026-06-22,*,,DROGARIAS PACHECO SA   RIO DE JANEIR BR,,,pluggy-09a0d651-d7c4-42e1-92fc-bbf2a8e71f5d,pluggy,987decad-afee-4c0e-950e-85c3006a4b2e,18020000,Pharmacy,Liabilities:Credit:BB:Card:PlatinumVisa,-154.57,BRL
1477,1,2026-06-22,*,,DROGARIAS PACHECO SA   RIO DE JANEIR BR,,,pluggy-09a0d651-d7c4-42e1-92fc-bbf2a8e71f5d,pluggy,987decad-afee-4c0e-950e-85c3006a4b2e,18020000,Pharmacy,Expenses:Saude:Farmacia,154.57,BRL
1478,0,2026-06-22,*,,VET CARE COMERCIO VARE RIO DE JANEIR BR,,,pluggy-8b4f3017-68d8-4dd1-b677-92832eaaec20,pluggy,987decad-afee-4c0e-950e-85c3006a4b2e,18020000,Pharmacy,Liabilities:Credit:BB:Card:PlatinumVisa,-20.85,BRL
1478,1,2026-06-22,*,,VET CARE COMERCIO VARE RIO DE JANEIR BR,,,pluggy-8b4f3017-68d8-4dd1-b677-92832eaaec20,pluggy,987decad-afee-4c0e-950e-85c3006a4b2e,18020000,Pharmacy,Expenses:Pet:Veterinario,20.85,BRL
1479,0,2026-06-22,*,,GRG*CLINICAVETERINARIA RIO DE JANEIR BR,,,pluggy-f275192e-0b2f-4e73-b272-7e64fa8c43f9,pluggy,987decad-afee-4c0e-950e-85c3006a4b2e,18040000,Hospital clinics and labs,Liabilities:Credit:BB:Card:PlatinumVisa,-290,BRL
1479,1,2026-06-22,*,,GRG*CLINICAVETERINARIA RIO DE JANEIR BR,,,pluggy-f275192e-0b2f-4e73-b272-7e64fa8c43f9,pluggy,987decad-afee-4c0e-950e-85c3006a4b2e,18040000,Hospital clinics and labs,Expenses:Pet:Veterinario,290,BRL
1480,0,2026-06-22,*,,DL          *UberRides Sao Paulo     BR,,,pluggy-c57ad404-edce-4ea6-a501-5ff611bc8542,pluggy,987decad-afee-4c0e-950e-85c3006a4b2e,19010000,Taxi and ride-hailing,Liabilities:Credit:BB:Card:PlatinumVisa,-16.96,BRL
1480,1,2026-06-22,*,,DL          *UberRides Sao Paulo     BR,,,pluggy-c57ad404-edce-4ea6-a501-5ff611bc8542,pluggy,987decad-afee-4c0e-950e-85c3006a4b2e,19010000,Taxi and ride-hailing,Expenses:Transporte:Uber,16.96,BRL
1481,0,2026-06-23,*,,PIX - ENVIADO   23/06 09:28 ANA CAROLINA DE ABREU ESC,,,pluggy-a178aebd-1c3b-49f1-91fb-8c9091340976,pluggy,25eb5f6d-2529-4377-8de5-e38160459cff,05070000,Transfer - PIX,Assets:Investment:BB:Cash,-950,BRL
1481,1,2026-06-23,*,,PIX - ENVIADO   23/06 09:28 ANA CAROLINA DE ABREU ESC,,,pluggy-a178aebd-1c3b-49f1-91fb-8c9091340976,pluggy,25eb5f6d-2529-4377-8de5-e38160459cff,05070000,Transfer - PIX,Expenses:Geral:Caol,950,BRL
1482,0,2026-06-23,*,,PIX - ENVIADO   23/06 09:27 ANA CAROLINA DE ABREU ESC,,,pluggy-912fd4de-4bb0-41a6-a74d-06fa754d94ca,pluggy,25eb5f6d-2529-4377-8de5-e38160459cff,05070000,Transfer - PIX,Assets:Investment:BB:Cash,-2000,BRL
1482,1,2026-06-23,*,,PIX - ENVIADO   23/06 09:27 ANA CAROLINA DE ABREU ESC,,,pluggy-912fd4de-4bb0-41a6-a74d-06fa754d94ca,pluggy,25eb5f6d-2529-4377-8de5-e38160459cff,05070000,Transfer - PIX,Expenses:Geral:Caol,2000,BRL
1483,0,2026-06-23,*,,DL          *UberRides Sao Paulo     BR,,,pluggy-a902a991-8554-474e-8974-85a29428ab50,pluggy,987decad-afee-4c0e-950e-85c3006a4b2e,19010000,Taxi and ride-hailing,Liabilities:Credit:BB:Card:PlatinumVisa,-25.98,BRL
1483,1,2026-06-23,*,,DL          *UberRides Sao Paulo     BR,,,pluggy-a902a991-8554-474e-8974-85a29428ab50,pluggy,987decad-afee-4c0e-950e-85c3006a4b2e,19010000,Taxi and ride-hailing,Expenses:Transporte:Uber,25.98,BRL
1484,0,2026-06-23,*,,DL          *UberRides Sao Paulo     BR,,,pluggy-1059b52d-aeba-472d-b362-4cad65da40b7,pluggy,987decad-afee-4c0e-950e-85c3006a4b2e,19010000,Taxi and ride-hailing,Liabilities:Credit:BB:Card:PlatinumVisa,-17.99,BRL
1484,1,2026-06-23,*,,DL          *UberRides Sao Paulo     BR,,,pluggy-1059b52d-aeba-472d-b362-4cad65da40b7,pluggy,987decad-afee-4c0e-950e-85c3006a4b2e,19010000,Taxi and ride-hailing,Expenses:Transporte:Uber,17.99,BRL
1485,0,2026-06-23,*,,AMAZONMKTPLC*AGROPETCO CACHOEIRINHA  BR,,,pluggy-b3b431ca-2377-48a8-b902-91eb826046e6,pluggy,987decad-afee-4c0e-950e-85c3006a4b2e,08030000,Pet supplies and vet,Liabilities:Credit:BB:Card:PlatinumVisa,-62.95,BRL
1485,1,2026-06-23,*,,AMAZONMKTPLC*AGROPETCO CACHOEIRINHA  BR,,,pluggy-b3b431ca-2377-48a8-b902-91eb826046e6,pluggy,987decad-afee-4c0e-950e-85c3006a4b2e,08030000,Pet supplies and vet,Expenses:Pessoal:Compras,62.95,BRL
1486,0,2026-06-23,*,,Drogarias Pacheco S.A. Rio d Janeiro BR,,,pluggy-c854a719-2ccb-45bb-baea-07876ffd1594,pluggy,987decad-afee-4c0e-950e-85c3006a4b2e,18020000,Pharmacy,Liabilities:Credit:BB:Card:PlatinumVisa,-42.8,BRL
1486,1,2026-06-23,*,,Drogarias Pacheco S.A. Rio d Janeiro BR,,,pluggy-c854a719-2ccb-45bb-baea-07876ffd1594,pluggy,987decad-afee-4c0e-950e-85c3006a4b2e,18020000,Pharmacy,Expenses:Saude:Farmacia,42.8,BRL
1487,0,2026-06-23,*,,PRINCESA AUTO S DE COM RIO DE JANEIR BR,,,pluggy-9b08315a-5f36-439b-8eb6-56420f246cc2,pluggy,75f30132-31a8-4b54-9be0-648009b118db,10000000,Groceries,Liabilities:Credit:BB:Card:EloGrafite,-29.4,BRL
1487,1,2026-06-23,*,,PRINCESA AUTO S DE COM RIO DE JANEIR BR,,,pluggy-9b08315a-5f36-439b-8eb6-56420f246cc2,pluggy,75f30132-31a8-4b54-9be0-648009b118db,10000000,Groceries,Expenses:Alimentação:Mercado,29.4,BRL
1488,0,2026-06-24,*,,REAJ.MON. BC,,,pluggy-d0dd12ab-bde8-4c43-baf0-85043cb290ea,pluggy,3d0492b4-0d84-49c0-9945-e3e9adc34d51,06010000,Blocked balances,Assets:Investment:BB:Savings,20.95,BRL
1488,1,2026-06-24,*,,REAJ.MON. BC,,,pluggy-d0dd12ab-bde8-4c43-baf0-85043cb290ea,pluggy,3d0492b4-0d84-49c0-9945-e3e9adc34d51,06010000,Blocked balances,Income:Investment:Interest,-20.95,BRL
1489,0,2026-06-24,*,,JUROS,,,pluggy-22a8369f-9f59-4af6-a640-5b25638f2025,pluggy,3d0492b4-0d84-49c0-9945-e3e9adc34d51,02020000,Interests charged,Assets:Investment:BB:Savings,60.77,BRL
1489,1,2026-06-24,*,,JUROS,,,pluggy-22a8369f-9f59-4af6-a640-5b25638f2025,pluggy,3d0492b4-0d84-49c0-9945-e3e9adc34d51,02020000,Interests charged,Income:Investment:Interest,-60.77,BRL
1490,0,2026-06-24,*,,REND.FACIL      Rende Facil,,,pluggy-9f3399ce-be80-4061-89ef-03556a71c303,pluggy,25eb5f6d-2529-4377-8de5-e38160459cff,03060000,Proceeds interests and dividends,Assets:Investment:BB:Cash,2950,BRL
1490,1,2026-06-24,*,,REND.FACIL      Rende Facil,,,pluggy-9f3399ce-be80-4061-89ef-03556a71c303,pluggy,25eb5f6d-2529-4377-8de5-e38160459cff,03060000,Proceeds interests and dividends,Income:Investment:Interest,-2950,BRL
1491,0,2026-06-25,*,,JUROS,,,pluggy-c2d10773-8b8a-4296-aa2e-915f180dcf2a,pluggy,3d0492b4-0d84-49c0-9945-e3e9adc34d51,02020000,Interests charged,Assets:Investment:BB:Savings,20.58,BRL
1491,1,2026-06-25,*,,JUROS,,,pluggy-c2d10773-8b8a-4296-aa2e-915f180dcf2a,pluggy,3d0492b4-0d84-49c0-9945-e3e9adc34d51,02020000,Interests charged,Income:Investment:Interest,-20.58,BRL
1492,0,2026-06-25,*,,REAJ.MON. BC,,,pluggy-60e6134c-b661-476c-8fd3-309cbf1c11d3,pluggy,3d0492b4-0d84-49c0-9945-e3e9adc34d51,06010000,Blocked balances,Assets:Investment:BB:Savings,7.1,BRL
1492,1,2026-06-25,*,,REAJ.MON. BC,,,pluggy-60e6134c-b661-476c-8fd3-309cbf1c11d3,pluggy,3d0492b4-0d84-49c0-9945-e3e9adc34d51,06010000,Blocked balances,Income:Investment:Interest,-7.1,BRL
1493,0,2026-06-25,*,,PLANEJADA,,,pluggy-cff7a337-7972-407c-b07f-e2986996e434,pluggy,3d0492b4-0d84-49c0-9945-e3e9adc34d51,03000000,Investments,Assets:Investment:BB:Savings,2000,BRL
1493,1,2026-06-25,*,,PLANEJADA,,,pluggy-cff7a337-7972-407c-b07f-e2986996e434,pluggy,3d0492b4-0d84-49c0-9945-e3e9adc34d51,03000000,Investments,Assets:Investment:BB:Cash,-2000,BRL
1494,0,2026-06-25,*,,PLANEJADA,,,pluggy-8fc232ef-0314-4a7b-a8f7-4cbad185c69d,pluggy,3d0492b4-0d84-49c0-9945-e3e9adc34d51,03000000,Investments,Assets:Investment:BB:Savings,2000,BRL
1494,1,2026-06-25,*,,PLANEJADA,,,pluggy-8fc232ef-0314-4a7b-a8f7-4cbad185c69d,pluggy,3d0492b4-0d84-49c0-9945-e3e9adc34d51,03000000,Investments,Assets:Investment:BB:Cash,-2000,BRL
1495,0,2026-06-25,*,,PROVENTOS       33.000.167/0001-01 PETROLEO BRASILEIRO,,,pluggy-8f382038-e8ef-4b8c-bce3-860ddfe1e719,pluggy,25eb5f6d-2529-4377-8de5-e38160459cff,03060000,Proceeds interests and dividends,Assets:Investment:BB:Cash,5044.23,BRL
1495,1,2026-06-25,*,,PROVENTOS       33.000.167/0001-01 PETROLEO BRASILEIRO,,,pluggy-8f382038-e8ef-4b8c-bce3-860ddfe1e719,pluggy,25eb5f6d-2529-4377-8de5-e38160459cff,03060000,Proceeds interests and dividends,Income:Salario,-5044.23,BRL
1496,0,2026-06-25,*,,TRANSF ENVIADA  15/11 GABRIEL BARROS RODRIGUES,,,pluggy-b904d230-f267-496b-973e-d3a0a5335c17,pluggy,25eb5f6d-2529-4377-8de5-e38160459cff,04000000,Same person transfer,Assets:Investment:BB:Cash,-2000,BRL
1496,1,2026-06-25,*,,TRANSF ENVIADA  15/11 GABRIEL BARROS RODRIGUES,,,pluggy-b904d230-f267-496b-973e-d3a0a5335c17,pluggy,25eb5f6d-2529-4377-8de5-e38160459cff,04000000,Same person transfer,Assets:Investment:BB:Savings,2000,BRL
1497,0,2026-06-25,*,,TRANSF ENVIADA  15/11 GABRIEL BARROS RODRIGUES,,,pluggy-291ef9c3-130b-4522-b141-326f2a54be8f,pluggy,25eb5f6d-2529-4377-8de5-e38160459cff,04000000,Same person transfer,Assets:Investment:BB:Cash,-2000,BRL
1497,1,2026-06-25,*,,TRANSF ENVIADA  15/11 GABRIEL BARROS RODRIGUES,,,pluggy-291ef9c3-130b-4522-b141-326f2a54be8f,pluggy,25eb5f6d-2529-4377-8de5-e38160459cff,04000000,Same person transfer,Assets:Investment:BB:Savings,2000,BRL
1498,0,2026-06-25,*,,DL          *UberRides Sao Paulo     BR,,,pluggy-a2026eeb-3397-4a53-badf-27b7360e6039,pluggy,987decad-afee-4c0e-950e-85c3006a4b2e,19010000,Taxi and ride-hailing,Liabilities:Credit:BB:Card:PlatinumVisa,-10.98,BRL
1498,1,2026-06-25,*,,DL          *UberRides Sao Paulo     BR,,,pluggy-a2026eeb-3397-4a53-badf-27b7360e6039,pluggy,987decad-afee-4c0e-950e-85c3006a4b2e,19010000,Taxi and ride-hailing,Expenses:Transporte:Uber,10.98,BRL
1499,0,2026-06-25,*,,IFD CFC SILVA SANTOS C RIO DE JANEIR BR,,,pluggy-18e156c3-f75c-4631-99bb-2535e8b84750,pluggy,75f30132-31a8-4b54-9be0-648009b118db,11020000,Food delivery,Liabilities:Credit:BB:Card:EloGrafite,-55.99,BRL
1499,1,2026-06-25,*,,IFD CFC SILVA SANTOS C RIO DE JANEIR BR,,,pluggy-18e156c3-f75c-4631-99bb-2535e8b84750,pluggy,75f30132-31a8-4b54-9be0-648009b118db,11020000,Food delivery,Expenses:Alimentação:Delivery,55.99,BRL
1500,0,2026-06-25,*,,99APP        99App     Sao Paulo     BR,,,pluggy-32427715-c597-4aec-9ca5-eba6cd025504,pluggy,75f30132-31a8-4b54-9be0-648009b118db,19010000,Taxi and ride-hailing,Liabilities:Credit:BB:Card:EloGrafite,-17,BRL
1500,1,2026-06-25,*,,99APP        99App     Sao Paulo     BR,,,pluggy-32427715-c597-4aec-9ca5-eba6cd025504,pluggy,75f30132-31a8-4b54-9be0-648009b118db,19010000,Taxi and ride-hailing,Expenses:Transporte:Uber,17,BRL
1501,0,2026-06-26,*,,REAJ.MON. BC,,,pluggy-746569c3-d9bc-4932-8591-251e1f5fb80b,pluggy,3d0492b4-0d84-49c0-9945-e3e9adc34d51,06010000,Blocked balances,Assets:Investment:BB:Savings,6.96,BRL
1501,1,2026-06-26,*,,REAJ.MON. BC,,,pluggy-746569c3-d9bc-4932-8591-251e1f5fb80b,pluggy,3d0492b4-0d84-49c0-9945-e3e9adc34d51,06010000,Blocked balances,Income:Investment:Interest,-6.96,BRL
1502,0,2026-06-26,*,,JUROS,,,pluggy-18bf53a7-1a23-48f9-a427-af973f9c02fa,pluggy,3d0492b4-0d84-49c0-9945-e3e9adc34d51,02020000,Interests charged,Assets:Investment:BB:Savings,20.17,BRL
1502,1,2026-06-26,*,,JUROS,,,pluggy-18bf53a7-1a23-48f9-a427-af973f9c02fa,pluggy,3d0492b4-0d84-49c0-9945-e3e9adc34d51,02020000,Interests charged,Income:Investment:Interest,-20.17,BRL
1503,0,2026-06-26,*,,RENDE FACIL     Rende Facil,,,pluggy-a95b2146-f29f-49ff-b949-7d498f2f947a,pluggy,25eb5f6d-2529-4377-8de5-e38160459cff,03010000,Automatic investment,Assets:Investment:BB:Cash,-1044.23,BRL
1503,1,2026-06-26,*,,RENDE FACIL     Rende Facil,,,pluggy-a95b2146-f29f-49ff-b949-7d498f2f947a,pluggy,25eb5f6d-2529-4377-8de5-e38160459cff,03010000,Automatic investment,Assets:TODO,1044.23,BRL
1504,0,2026-06-26,*,,DL*UberRides           Sao Paulo     BR,,,pluggy-f5ed041c-8e07-434b-bd9e-13a32c217793,pluggy,987decad-afee-4c0e-950e-85c3006a4b2e,19010000,Taxi and ride-hailing,Liabilities:Credit:BB:Card:PlatinumVisa,-73.94,BRL
1504,1,2026-06-26,*,,DL*UberRides           Sao Paulo     BR,,,pluggy-f5ed041c-8e07-434b-bd9e-13a32c217793,pluggy,987decad-afee-4c0e-950e-85c3006a4b2e,19010000,Taxi and ride-hailing,Expenses:Transporte:Uber,73.94,BRL
1505,0,2026-06-26,*,,CAES E GATOS PET SHOP  RIO DE JANEIR BR,,,pluggy-c843aa26-b402-4870-9ff4-09876be1f0ec,pluggy,987decad-afee-4c0e-950e-85c3006a4b2e,08030000,Pet supplies and vet,Liabilities:Credit:BB:Card:PlatinumVisa,-43,BRL
1505,1,2026-06-26,*,,CAES E GATOS PET SHOP  RIO DE JANEIR BR,,,pluggy-c843aa26-b402-4870-9ff4-09876be1f0ec,pluggy,987decad-afee-4c0e-950e-85c3006a4b2e,08030000,Pet supplies and vet,Expenses:Pet:Petshop,43,BRL
1506,0,2026-06-27,*,,METRO RJ               RIO DE JANEIR BR,,,pluggy-7e512a4f-6c6f-4886-84ab-7c41847525d4,pluggy,75f30132-31a8-4b54-9be0-648009b118db,19020000,Public transportation,Liabilities:Credit:BB:Card:EloGrafite,-7.9,BRL
1506,1,2026-06-27,*,,METRO RJ               RIO DE JANEIR BR,,,pluggy-7e512a4f-6c6f-4886-84ab-7c41847525d4,pluggy,75f30132-31a8-4b54-9be0-648009b118db,19020000,Public transportation,Expenses:Transporte:TransportePublico,7.9,BRL
1507,0,2026-06-28,*,,PIX - ENVIADO   27/06 21:03 Lincoln Ricardo Martins d,,,pluggy-f343caa6-65e4-4ebf-acbb-678b08f1657e,pluggy,25eb5f6d-2529-4377-8de5-e38160459cff,05070000,Transfer - PIX,Assets:Investment:BB:Cash,-20,BRL
1507,1,2026-06-28,*,,PIX - ENVIADO   27/06 21:03 Lincoln Ricardo Martins d,,,pluggy-f343caa6-65e4-4ebf-acbb-678b08f1657e,pluggy,25eb5f6d-2529-4377-8de5-e38160459cff,05070000,Transfer - PIX,Expenses:Geral,20,BRL
1508,0,2026-06-28,*,,DL          *UberRides Sao Paulo     BR,,,pluggy-c77e58f0-a4e1-4a8f-a381-33838547f8e6,pluggy,987decad-afee-4c0e-950e-85c3006a4b2e,19010000,Taxi and ride-hailing,Liabilities:Credit:BB:Card:PlatinumVisa,-71.95,BRL
1508,1,2026-06-28,*,,DL          *UberRides Sao Paulo     BR,,,pluggy-c77e58f0-a4e1-4a8f-a381-33838547f8e6,pluggy,987decad-afee-4c0e-950e-85c3006a4b2e,19010000,Taxi and ride-hailing,Expenses:Transporte:Uber,71.95,BRL
1509,0,2026-06-28,*,,PRINCESA AUTO S DE COM RIO DE JANEIR BR,,,pluggy-3ada7ceb-cca1-4c10-9237-112864291f92,pluggy,75f30132-31a8-4b54-9be0-648009b118db,10000000,Groceries,Liabilities:Credit:BB:Card:EloGrafite,-40.98,BRL
1509,1,2026-06-28,*,,PRINCESA AUTO S DE COM RIO DE JANEIR BR,,,pluggy-3ada7ceb-cca1-4c10-9237-112864291f92,pluggy,75f30132-31a8-4b54-9be0-648009b118db,10000000,Groceries,Expenses:Alimentação:Mercado,40.98,BRL
1510,0,2026-06-29,*,,PIX - ENVIADO   29/06 17:54 MAIS.MOBI,,,pluggy-0a5da1cc-572f-4eed-a4fc-b58a907fc305,pluggy,25eb5f6d-2529-4377-8de5-e38160459cff,07000000,Services,Assets:Investment:BB:Cash,-80,BRL
1510,1,2026-06-29,*,,PIX - ENVIADO   29/06 17:54 MAIS.MOBI,,,pluggy-0a5da1cc-572f-4eed-a4fc-b58a907fc305,pluggy,25eb5f6d-2529-4377-8de5-e38160459cff,07000000,Services,Expenses:Transporte:TransportePublico,80,BRL
1511,0,2026-06-29,*,,ANUIDADE DIFERENCIADA ADC-PARC 08/12 BR,,,pluggy-bfe881f8-c808-4591-b67d-abc14f58f8fa,pluggy,987decad-afee-4c0e-950e-85c3006a4b2e,16030000,Credit card fees,Liabilities:Credit:BB:Card:PlatinumVisa,-22.75,BRL
1511,1,2026-06-29,*,,ANUIDADE DIFERENCIADA ADC-PARC 08/12 BR,,,pluggy-bfe881f8-c808-4591-b67d-abc14f58f8fa,pluggy,987decad-afee-4c0e-950e-85c3006a4b2e,16030000,Credit card fees,Expenses:Taxas:Banco,22.75,BRL
1512,0,2026-06-29,*,,CUNHA 1960 LANCHONETE  RIO DE JANEIR BR,,,pluggy-bf94bc18-e9e7-470b-86e5-80758389c765,pluggy,75f30132-31a8-4b54-9be0-648009b118db,11010000,Eating out,Liabilities:Credit:BB:Card:EloGrafite,-49.14,BRL
1512,1,2026-06-29,*,,CUNHA 1960 LANCHONETE  RIO DE JANEIR BR,,,pluggy-bf94bc18-e9e7-470b-86e5-80758389c765,pluggy,75f30132-31a8-4b54-9be0-648009b118db,11010000,Eating out,Expenses:Alimentação:Restaurante,49.14,BRL
1513,0,2026-06-30,*,,PIX OFB ENVIO   30/06 15:49 VBBR CONVENIENCIA S. A.,,,pluggy-ae6ef98d-ed16-4720-aa22-5cb8e6ddefc7,pluggy,25eb5f6d-2529-4377-8de5-e38160459cff,10000000,Groceries,Assets:Investment:BB:Cash,-18.98,BRL
1513,1,2026-06-30,*,,PIX OFB ENVIO   30/06 15:49 VBBR CONVENIENCIA S. A.,,,pluggy-ae6ef98d-ed16-4720-aa22-5cb8e6ddefc7,pluggy,25eb5f6d-2529-4377-8de5-e38160459cff,10000000,Groceries,Expenses:Alimentação:Mercado,18.98,BRL
1514,0,2026-06-30,*,,REND.FACIL      Rende Facil,,,pluggy-8b9d3b7e-406f-4c2a-9b88-4f6fa58d425f,pluggy,25eb5f6d-2529-4377-8de5-e38160459cff,03060000,Proceeds interests and dividends,Assets:Investment:BB:Cash,100,BRL
1514,1,2026-06-30,*,,REND.FACIL      Rende Facil,,,pluggy-8b9d3b7e-406f-4c2a-9b88-4f6fa58d425f,pluggy,25eb5f6d-2529-4377-8de5-e38160459cff,03060000,Proceeds interests and dividends,Income:Investment:Interest,-100,BRL
1515,0,2026-07-01,*,,PIX - RECEBIDO  01/07 19:48 00015585324713 RAFAEL BARR,,,pluggy-ca06bd19-f487-4700-a39c-9b4bd8672daa,pluggy,25eb5f6d-2529-4377-8de5-e38160459cff,05070000,Transfer - PIX,Assets:Investment:BB:Cash,1000,BRL
1515,1,2026-07-01,*,,PIX - RECEBIDO  01/07 19:48 00015585324713 RAFAEL BARR,,,pluggy-ca06bd19-f487-4700-a39c-9b4bd8672daa,pluggy,25eb5f6d-2529-4377-8de5-e38160459cff,05070000,Transfer - PIX,Equity:Transfers,-1000,BRL
1516,0,2026-07-01,*,,PIX - RECEBIDO  01/07 15:11 14260259717 CAROLINA TEIXE,,,pluggy-d8077120-2acc-4d3b-8324-3162df9e31ed,pluggy,25eb5f6d-2529-4377-8de5-e38160459cff,05070000,Transfer - PIX,Assets:Investment:BB:Cash,83,BRL
1516,1,2026-07-01,*,,PIX - RECEBIDO  01/07 15:11 14260259717 CAROLINA TEIXE,,,pluggy-d8077120-2acc-4d3b-8324-3162df9e31ed,pluggy,25eb5f6d-2529-4377-8de5-e38160459cff,05070000,Transfer - PIX,Equity:Transfers,-83,BRL
1517,0,2026-07-01,*,,REND.FACIL      Rende Facil,,,pluggy-ab69864a-2f7c-471c-835e-eca821ad42d5,pluggy,25eb5f6d-2529-4377-8de5-e38160459cff,03060000,Proceeds interests and dividends,Assets:Investment:BB:Cash,18.98,BRL
1517,1,2026-07-01,*,,REND.FACIL      Rende Facil,,,pluggy-ab69864a-2f7c-471c-835e-eca821ad42d5,pluggy,25eb5f6d-2529-4377-8de5-e38160459cff,03060000,Proceeds interests and dividends,Income:Investment:Interest,-18.98,BRL
1518,0,2026-07-02,*,,RENDE FACIL     Rende Facil,,,pluggy-27ba7eae-94b3-451f-ad2a-0ecdf18ae732,pluggy,25eb5f6d-2529-4377-8de5-e38160459cff,03010000,Automatic investment,Assets:Investment:BB:Cash,-1083,BRL
1518,1,2026-07-02,*,,RENDE FACIL     Rende Facil,,,pluggy-27ba7eae-94b3-451f-ad2a-0ecdf18ae732,pluggy,25eb5f6d-2529-4377-8de5-e38160459cff,03010000,Automatic investment,Assets:TODO,1083,BRL
1519,0,2026-07-03,*,,COMPRA C/CARTAO 03/07 09:04 VBBR CONVENIENCIA S.,,,pluggy-44b079b3-6bf9-43e3-9f70-8240d9f20a8a,pluggy,25eb5f6d-2529-4377-8de5-e38160459cff,10000000,Groceries,Assets:Investment:BB:Cash,-18.98,BRL
1519,1,2026-07-03,*,,COMPRA C/CARTAO 03/07 09:04 VBBR CONVENIENCIA S.,,,pluggy-44b079b3-6bf9-43e3-9f70-8240d9f20a8a,pluggy,25eb5f6d-2529-4377-8de5-e38160459cff,10000000,Groceries,Expenses:Alimentação:Mercado,18.98,BRL
1520,0,2026-07-04,*,,PIX OFB ENVIO   04/07 14:08 Carlos Eduardo Braga de As,,,pluggy-85f7c902-2ec1-4a1c-8873-ca9776392abe,pluggy,25eb5f6d-2529-4377-8de5-e38160459cff,05070000,Transfer - PIX,Assets:Investment:BB:Cash,-20,BRL
1520,1,2026-07-04,*,,PIX OFB ENVIO   04/07 14:08 Carlos Eduardo Braga de As,,,pluggy-85f7c902-2ec1-4a1c-8873-ca9776392abe,pluggy,25eb5f6d-2529-4377-8de5-e38160459cff,05070000,Transfer - PIX,Expenses:Geral,20,BRL
1521,0,2026-07-04,*,,REND.FACIL      Rende Facil,,,pluggy-90337b6f-58f1-47d4-8f2a-01e380073e79,pluggy,25eb5f6d-2529-4377-8de5-e38160459cff,03060000,Proceeds interests and dividends,Assets:Investment:BB:Cash,18.98,BRL
1521,1,2026-07-04,*,,REND.FACIL      Rende Facil,,,pluggy-90337b6f-58f1-47d4-8f2a-01e380073e79,pluggy,25eb5f6d-2529-4377-8de5-e38160459cff,03060000,Proceeds interests and dividends,Income:Investment:Interest,-18.98,BRL
1522,0,2026-07-05,*,,PIX - ENVIADO   04/07 23:09 PIX Marketplace,,,pluggy-3977ec3d-329b-4d3c-b569-afe1edad4f56,pluggy,25eb5f6d-2529-4377-8de5-e38160459cff,07000000,Services,Assets:Investment:BB:Cash,-309,BRL
1522,1,2026-07-05,*,,PIX - ENVIADO   04/07 23:09 PIX Marketplace,,,pluggy-3977ec3d-329b-4d3c-b569-afe1edad4f56,pluggy,25eb5f6d-2529-4377-8de5-e38160459cff,07000000,Services,Expenses:Geral,309,BRL
1523,0,2026-07-05,*,,PIX OFB ENVIO   04/07 23:06 Amazon Serviços de Varejo,,,pluggy-025fcedb-66be-455f-a4e8-60e750baa590,pluggy,25eb5f6d-2529-4377-8de5-e38160459cff,08060000,Bookstore,Assets:Investment:BB:Cash,-167,BRL
1523,1,2026-07-05,*,,PIX OFB ENVIO   04/07 23:06 Amazon Serviços de Varejo,,,pluggy-025fcedb-66be-455f-a4e8-60e750baa590,pluggy,25eb5f6d-2529-4377-8de5-e38160459cff,08060000,Bookstore,Expenses:Pessoal:Compras,167,BRL
1524,0,2026-07-06,*,,PIX - ENVIADO   06/07 12:33 ANTONIO VIEIRA BARBOZA,,,pluggy-64c4e173-73b6-4dee-934e-cf5c44cdf629,pluggy,25eb5f6d-2529-4377-8de5-e38160459cff,05070000,Transfer - PIX,Assets:Investment:BB:Cash,-7500,BRL
1524,1,2026-07-06,*,,PIX - ENVIADO   06/07 12:33 ANTONIO VIEIRA BARBOZA,,,pluggy-64c4e173-73b6-4dee-934e-cf5c44cdf629,pluggy,25eb5f6d-2529-4377-8de5-e38160459cff,05070000,Transfer - PIX,Expenses:Geral,7500,BRL
1525,0,2026-07-07,*,,REND.FACIL      Rende Facil,,,pluggy-31a8fd1e-1315-4134-b0e4-78742dd5b022,pluggy,25eb5f6d-2529-4377-8de5-e38160459cff,03060000,Proceeds interests and dividends,Assets:Investment:BB:Cash,7996,BRL
1525,1,2026-07-07,*,,REND.FACIL      Rende Facil,,,pluggy-31a8fd1e-1315-4134-b0e4-78742dd5b022,pluggy,25eb5f6d-2529-4377-8de5-e38160459cff,03060000,Proceeds interests and dividends,Income:Investment:Interest,-7996,BRL
1526,0,2026-07-09,*,,REAJ.MON. BC,,,pluggy-9c1371e2-91c1-411c-8ca4-cba121735dd9,pluggy,3d0492b4-0d84-49c0-9945-e3e9adc34d51,06010000,Blocked balances,Assets:Investment:BB:Savings,14,BRL
1526,1,2026-07-09,*,,REAJ.MON. BC,,,pluggy-9c1371e2-91c1-411c-8ca4-cba121735dd9,pluggy,3d0492b4-0d84-49c0-9945-e3e9adc34d51,06010000,Blocked balances,Income:Investment:Interest,-14,BRL
1527,0,2026-07-09,*,,JUROS,,,pluggy-5a813a81-bf7d-4f1b-8778-371c92b3b2fd,pluggy,3d0492b4-0d84-49c0-9945-e3e9adc34d51,02020000,Interests charged,Assets:Investment:BB:Savings,40.66,BRL
1527,1,2026-07-09,*,,JUROS,,,pluggy-5a813a81-bf7d-4f1b-8778-371c92b3b2fd,pluggy,3d0492b4-0d84-49c0-9945-e3e9adc34d51,02020000,Interests charged,Income:Investment:Interest,-40.66,BRL
1528,0,2026-07-09,*,,PIX - ENVIADO   09/07 16:09 VICTOR HUGO BARRETO CAMPE,,,pluggy-3184e1bd-eb2c-405e-b119-074d221b9ffc,pluggy,25eb5f6d-2529-4377-8de5-e38160459cff,05070000,Transfer - PIX,Assets:Investment:BB:Cash,-30,BRL
1528,1,2026-07-09,*,,PIX - ENVIADO   09/07 16:09 VICTOR HUGO BARRETO CAMPE,,,pluggy-3184e1bd-eb2c-405e-b119-074d221b9ffc,pluggy,25eb5f6d-2529-4377-8de5-e38160459cff,05070000,Transfer - PIX,Expenses:Geral,30,BRL
1529,0,2026-07-09,*,,PIX - ENVIADO   09/07 13:54 LIGIA BARBOSA PIMENTEL,,,pluggy-fc93c889-12fd-4cf7-bf9f-ffd1301c62d8,pluggy,25eb5f6d-2529-4377-8de5-e38160459cff,05070000,Transfer - PIX,Assets:Investment:BB:Cash,-775,BRL
1529,1,2026-07-09,*,,PIX - ENVIADO   09/07 13:54 LIGIA BARBOSA PIMENTEL,,,pluggy-fc93c889-12fd-4cf7-bf9f-ffd1301c62d8,pluggy,25eb5f6d-2529-4377-8de5-e38160459cff,05070000,Transfer - PIX,Expenses:Geral,775,BRL
1530,0,2026-07-10,*,,JUROS,,,pluggy-3a9e7360-bf4e-4125-b6ed-12b319477b5a,pluggy,3d0492b4-0d84-49c0-9945-e3e9adc34d51,02020000,Interests charged,Assets:Investment:BB:Savings,10.08,BRL
1530,1,2026-07-10,*,,JUROS,,,pluggy-3a9e7360-bf4e-4125-b6ed-12b319477b5a,pluggy,3d0492b4-0d84-49c0-9945-e3e9adc34d51,02020000,Interests charged,Income:Investment:Interest,-10.08,BRL
1531,0,2026-07-10,*,,REAJ.MON. BC,,,pluggy-08302ce2-a5fc-427d-ba0b-80359ea9f504,pluggy,3d0492b4-0d84-49c0-9945-e3e9adc34d51,06010000,Blocked balances,Assets:Investment:BB:Savings,3.47,BRL
1531,1,2026-07-10,*,,REAJ.MON. BC,,,pluggy-08302ce2-a5fc-427d-ba0b-80359ea9f504,pluggy,3d0492b4-0d84-49c0-9945-e3e9adc34d51,06010000,Blocked balances,Income:Investment:Interest,-3.47,BRL
1532,0,2026-07-10,*,,PLANEJADA,,,pluggy-f96e7c0e-61a5-42f0-bcae-4a44ade24728,pluggy,3d0492b4-0d84-49c0-9945-e3e9adc34d51,03000000,Investments,Assets:Investment:BB:Savings,2000,BRL
1532,1,2026-07-10,*,,PLANEJADA,,,pluggy-f96e7c0e-61a5-42f0-bcae-4a44ade24728,pluggy,3d0492b4-0d84-49c0-9945-e3e9adc34d51,03000000,Investments,Assets:Investment:BB:Cash,-2000,BRL
1533,0,2026-07-10,*,,PIX OFB ENVIO   10/07 17:02 MAIS MOBI SERVICOS LTDA,,,pluggy-925f831d-2cc1-49dc-8322-4efff934b99b,pluggy,25eb5f6d-2529-4377-8de5-e38160459cff,07000000,Services,Assets:Investment:BB:Cash,-80,BRL
1533,1,2026-07-10,*,,PIX OFB ENVIO   10/07 17:02 MAIS MOBI SERVICOS LTDA,,,pluggy-925f831d-2cc1-49dc-8322-4efff934b99b,pluggy,25eb5f6d-2529-4377-8de5-e38160459cff,07000000,Services,Expenses:Transporte:TransportePublico,80,BRL
1534,0,2026-07-10,*,,PROVENTOS       33.000.167/0001-01 PETROLEO BRASILEIRO,,,pluggy-3e2c1e9e-54ec-480e-b97e-fdf77c8f08a8,pluggy,25eb5f6d-2529-4377-8de5-e38160459cff,03060000,Proceeds interests and dividends,Assets:Investment:BB:Cash,4589.46,BRL
1534,1,2026-07-10,*,,PROVENTOS       33.000.167/0001-01 PETROLEO BRASILEIRO,,,pluggy-3e2c1e9e-54ec-480e-b97e-fdf77c8f08a8,pluggy,25eb5f6d-2529-4377-8de5-e38160459cff,03060000,Proceeds interests and dividends,Income:Salario,-4589.46,BRL
1535,0,2026-07-10,*,,TRANSF ENVIADA  15/11 GABRIEL BARROS RODRIGUES,,,pluggy-02dafbb4-60e2-44b5-8bc0-4dea29672496,pluggy,25eb5f6d-2529-4377-8de5-e38160459cff,04000000,Same person transfer,Assets:Investment:BB:Cash,-2000,BRL
1535,1,2026-07-10,*,,TRANSF ENVIADA  15/11 GABRIEL BARROS RODRIGUES,,,pluggy-02dafbb4-60e2-44b5-8bc0-4dea29672496,pluggy,25eb5f6d-2529-4377-8de5-e38160459cff,04000000,Same person transfer,Assets:Investment:BB:Savings,2000,BRL
1536,0,2026-07-10,*,,REND.FACIL      Rende Facil,,,pluggy-65b683e6-0c06-496d-8c84-d8a9516f9749,pluggy,25eb5f6d-2529-4377-8de5-e38160459cff,03060000,Proceeds interests and dividends,Assets:Investment:BB:Cash,805,BRL
1536,1,2026-07-10,*,,REND.FACIL      Rende Facil,,,pluggy-65b683e6-0c06-496d-8c84-d8a9516f9749,pluggy,25eb5f6d-2529-4377-8de5-e38160459cff,03060000,Proceeds interests and dividends,Income:Investment:Interest,-805,BRL
1537,0,2026-07-11,*,,PIX OFB ENVIO   11/07 00:04 Amazon Serviços de Varejo,,,pluggy-a72f107b-1120-4cdf-bf4a-5b486794726d,pluggy,25eb5f6d-2529-4377-8de5-e38160459cff,08060000,Bookstore,Assets:Investment:BB:Cash,-39.9,BRL
1537,1,2026-07-11,*,,PIX OFB ENVIO   11/07 00:04 Amazon Serviços de Varejo,,,pluggy-a72f107b-1120-4cdf-bf4a-5b486794726d,pluggy,25eb5f6d-2529-4377-8de5-e38160459cff,08060000,Bookstore,Expenses:Pessoal:Compras,39.9,BRL
1538,0,2026-07-11,*,,PGTO CARTAO     PLATINUM ESTILO VISA,,,pluggy-a72fa250-63a5-49d1-a11b-3630b1e5d81f,pluggy,25eb5f6d-2529-4377-8de5-e38160459cff,05100000,Credit card payment,Assets:Investment:BB:Cash,-2204.06,BRL
1538,1,2026-07-11,*,,PGTO CARTAO     PLATINUM ESTILO VISA,,,pluggy-a72fa250-63a5-49d1-a11b-3630b1e5d81f,pluggy,25eb5f6d-2529-4377-8de5-e38160459cff,05100000,Credit card payment,Liabilities:Credit:BB:Card:PlatinumVisa,2204.06,BRL
1539,0,2026-07-11,*,,PGTO CARTAO     ELO GRAFITE ESTILO,,,pluggy-3dac7a79-0687-4230-b4dd-c6a7c1ffe45f,pluggy,25eb5f6d-2529-4377-8de5-e38160459cff,05100000,Credit card payment,Assets:Investment:BB:Cash,-1281.27,BRL
1539,1,2026-07-11,*,,PGTO CARTAO     ELO GRAFITE ESTILO,,,pluggy-3dac7a79-0687-4230-b4dd-c6a7c1ffe45f,pluggy,25eb5f6d-2529-4377-8de5-e38160459cff,05100000,Credit card payment,Liabilities:Credit:BB:Card:EloGrafite,1281.27,BRL
1540,0,2026-07-11,*,,REND.FACIL      Rende Facil,,,pluggy-fd6c49f7-89c9-42cc-aae8-9deafc8aa462,pluggy,25eb5f6d-2529-4377-8de5-e38160459cff,03060000,Proceeds interests and dividends,Assets:Investment:BB:Cash,975.87,BRL
1540,1,2026-07-11,*,,REND.FACIL      Rende Facil,,,pluggy-fd6c49f7-89c9-42cc-aae8-9deafc8aa462,pluggy,25eb5f6d-2529-4377-8de5-e38160459cff,03060000,Proceeds interests and dividends,Income:Investment:Interest,-975.87,BRL
1541,0,2026-07-12,*,,COMPRA C/CARTAO 12/07 17:24 LEROY MERLIN,,,pluggy-c22e506e-1548-494b-9af7-4f52aa0db2b8,pluggy,25eb5f6d-2529-4377-8de5-e38160459cff,08000000,Shopping,Assets:Investment:BB:Cash,-190.49,BRL
1541,1,2026-07-12,*,,COMPRA C/CARTAO 12/07 17:24 LEROY MERLIN,,,pluggy-c22e506e-1548-494b-9af7-4f52aa0db2b8,pluggy,25eb5f6d-2529-4377-8de5-e38160459cff,08000000,Shopping,Expenses:Pessoal:Compras,190.49,BRL
1542,0,2026-07-13,*,,PIX OFB ENVIO   13/07 14:29 LIGIA BARBOSA PIMENTEL,,,pluggy-040252e7-a136-419c-aedc-9288ab0e9615,pluggy,25eb5f6d-2529-4377-8de5-e38160459cff,05070000,Transfer - PIX,Assets:Investment:BB:Cash,-55,BRL
1542,1,2026-07-13,*,,PIX OFB ENVIO   13/07 14:29 LIGIA BARBOSA PIMENTEL,,,pluggy-040252e7-a136-419c-aedc-9288ab0e9615,pluggy,25eb5f6d-2529-4377-8de5-e38160459cff,05070000,Transfer - PIX,Expenses:Geral,55,BRL
1543,0,2026-07-14,*,,PIX - ENVIADO   14/07 09:33 MAGALUPAY,,,pluggy-0847d666-46e8-45a6-af40-a3ab5e595783,pluggy,25eb5f6d-2529-4377-8de5-e38160459cff,07000000,Services,Assets:Investment:BB:Cash,-594.59,BRL
1543,1,2026-07-14,*,,PIX - ENVIADO   14/07 09:33 MAGALUPAY,,,pluggy-0847d666-46e8-45a6-af40-a3ab5e595783,pluggy,25eb5f6d-2529-4377-8de5-e38160459cff,07000000,Services,Expenses:Pessoal:Compras,594.59,BRL
1544,0,2026-07-14,*,,REND.FACIL      Rende Facil,,,pluggy-a7e728e4-d006-4689-b0c8-12b509171ccd,pluggy,25eb5f6d-2529-4377-8de5-e38160459cff,03060000,Proceeds interests and dividends,Assets:Investment:BB:Cash,285.39,BRL
1544,1,2026-07-14,*,,REND.FACIL      Rende Facil,,,pluggy-a7e728e4-d006-4689-b0c8-12b509171ccd,pluggy,25eb5f6d-2529-4377-8de5-e38160459cff,03060000,Proceeds interests and dividends,Income:Investment:Interest,-285.39,BRL
1545,0,2026-07-15,*,,REND.FACIL      Rende Facil,,,pluggy-04dceca9-c842-42dc-8c42-963e394779c5,pluggy,25eb5f6d-2529-4377-8de5-e38160459cff,03060000,Proceeds interests and dividends,Assets:Investment:BB:Cash,594.59,BRL
1545,1,2026-07-15,*,,REND.FACIL      Rende Facil,,,pluggy-04dceca9-c842-42dc-8c42-963e394779c5,pluggy,25eb5f6d-2529-4377-8de5-e38160459cff,03060000,Proceeds interests and dividends,Income:Investment:Interest,-594.59,BRL
1546,0,2026-07-16,*,,PIX - ENVIADO   16/07 12:28 JOSE FERNANDO DA SILVA 63,,,pluggy-f5cc4a9d-3499-4b1e-81d5-94a44b8eaaed,pluggy,25eb5f6d-2529-4377-8de5-e38160459cff,07000000,Services,Assets:Investment:BB:Cash,-300,BRL
1546,1,2026-07-16,*,,PIX - ENVIADO   16/07 12:28 JOSE FERNANDO DA SILVA 63,,,pluggy-f5cc4a9d-3499-4b1e-81d5-94a44b8eaaed,pluggy,25eb5f6d-2529-4377-8de5-e38160459cff,07000000,Services,Expenses:Geral,300,BRL
